[Main] Auto-loaded ./tasks/iron_armor_house.json task (31 steps)
[Connection] State: unknown -> connecting
[Connection] Scanning for available servers...
[ServerSelector] Selecting target server...
[ServerSelector] Priority: Configured SMP > LAN World > Backup SMP
[ServerSelector] Using configured SMP: 127.0.0.1:63674
[Connection] Target selected: 127.0.0.1:63674 (public)
[Connection] State: connecting -> connecting
MindServer running on port 8080 on host localhost
[proto_patch] native select_known_packs schema present (field: packs)
Client connected
[Terminal] Connected to MindServer on port 8080
[Terminal] No TTY available. Terminal input disabled.
Client connected
Connecting to MindServer
Client connected
ayushi_ds_2026 connected to MindServer
Starting agent
Initializing agent ayushi_ds_2026...
[BTMemory] Loaded from ./bots/ayushi_ds_2026/bt_memory.json
Examples initialized.
No task.
ayushi_ds_2026 logging into minecraft...
[AuthHandler] Offline mode — skipping auth for ayushi_ds_2026.
Epoch 1 loss 0.06637937657387841 time 1ms
Epoch 2 loss 0.05716537632070073 time 0ms
Epoch 3 loss 0.04310806275196944 time 0ms
Epoch 4 loss 0.031165278090749995 time 1ms
Epoch 5 loss 0.02213520752732935 time 1ms
Epoch 6 loss 0.015693452077268213 time 0ms
Epoch 7 loss 0.011222558440235774 time 0ms
Epoch 8 loss 0.008148949788117945 time 0ms
Epoch 9 loss 0.006038207994624782 time 1ms
Epoch 10 loss 0.004555015062116205 time 0ms
Epoch 11 loss 0.0034934363646573195 time 1ms
Epoch 12 loss 0.002718228984653558 time 0ms
Epoch 13 loss 0.0021410907571290964 time 0ms
Epoch 14 loss 0.001703518085997147 time 0ms
Epoch 15 loss 0.001366273585741266 time 0ms
Epoch 16 loss 0.0011027773843437089 time 0ms
Epoch 17 loss 0.0008945475385845832 time 0ms
Epoch 18 loss 0.0007284919052455115 time 0ms
Epoch 19 loss 0.0005951288325812221 time 1ms
Epoch 20 loss 0.00048741355991147067 time 0ms
Epoch 21 loss 0.0004000297700651069 time 0ms
Epoch 22 loss 0.0003289018989655458 time 0ms
Epoch 23 loss 0.0002708507582255841 time 0ms
Epoch 24 loss 0.0002233689370182127 time 0ms
Epoch 25 loss 0.00018446425574988228 time 0ms
Epoch 26 loss 0.00015253488487505524 time 0ms
Epoch 27 loss 0.0001262990965160743 time 0ms
Epoch 28 loss 0.00010471167567511126 time 0ms
Epoch 29 loss 0.00008692959271033094 time 0ms
Epoch 30 loss 0.00007226510380450957 time 0ms
Epoch 31 loss 0.00006015787250376429 time 0ms
Epoch 32 loss 0.000050150356725903624 time 0ms
Epoch 33 loss 0.000041868632851631274 time 0ms
ayushi_ds_2026 updating available agents
[FabricCompat] re-stripped 3 listeners, kept 1 ours
[FabricScan] declaring 150 packs from 144 jars (C:\Users\updes\AppData\Roaming\.fastclient\profiles\updesh\mods)
[FabricCompat] config announcement sent INSTANT (brand+register+raw known-packs, proven shape)
[FabricCompat] ACKed fabric:registry/sync (304B snapshot) + sent complete
[FabricCompat] answered server TYPED ask post-strip (298 packs)
ayushi_ds_2026 logged in!
Initializing vision intepreter...
[Persona] Attached — proactive personality online
[ServerAnalyzer] [CMD] Passive mode — observe only, no probing.
[ServerAnalyzer] Starting server analysis...
[ServerAnalyzer] [CMD] Skipping active discovery (passive mode).
Prismarine viewer web server running on *:3000
[InvMgr] Remembered 1 storage chests
ayushi_ds_2026 updating available agents
ayushi_ds_2026 spawned.
[Connection] Bot spawned.
[Connection] State: unknown -> proxy
[Connection] Classifying world...
[ServerAnalyzer] Boot phase 1: Chat listeners active

########################################################
##         RUNTIME ENVIRONMENT REPORT (INITIAL)       ##
########################################################

########################################################
##               RUNTIME ENVIRONMENT REPORT           ##
########################################################

=== [DEBUG: PLAYER HOTBAR] ===
    Hotbar #0 (Slot 36): Wooden Sword (wooden_sword) x1
    Hotbar #1 (Slot 37): Stone Sword (stone_sword) x1
    Hotbar #2 (Slot 38): Cobblestone (cobblestone) x64
    Hotbar #3 (Slot 39): Acacia Planks (acacia_planks) x1
    Hotbar #4 (Slot 40): Stick (stick) x64
    Hotbar #5 (Slot 41): Dirt (dirt) x10
    Hotbar #6 (Slot 42): Flint (flint) x2
    Hotbar #7 (Slot 43): Cobblestone (cobblestone) x64
 -> Hotbar #8 (Slot 44): Empty
==============================


=== [DEBUG: SCOREBOARD] ===
No scoreboard data in any position.
=============================


=== [DEBUG: ACTIVE BOSSBARS] ===
No active bossbars.

=== [DEBUG: NEARBY ENTITIES / NPCs] ===
  - [PLAYER] ayushi_ds_2026 | Dist: 0.0m | Pos: (32, 47, 28)
========================================


=== [DEBUG: CURRENT OPEN WINDOW] ===
No active Container UI / Chest window open.
########################################################

########################################################

[WorldDetector] Classifying world (attempt 1)...
[WorldDetector] World classified as: survival (confidence: 20%, scoreboard: "none", gamemode: survival)
[Connection] Initial classification: survival (confidence: 20%)
[Connection] State: proxy -> survival
[Connection] Connected to survival world!
[Agent] Connection ready: world=survival, server=unknown
[ServerCapabilities] Detecting server capabilities...
[ServerCapabilities] Detected: break=null, compass=false, npcs=false, gui=undefined
[TaskQueue] Loaded 0 pending tasks from disk
[Agent] Already in survival (gameMode=survival, state=survival) — proceeding directly
[GoalPlanner] Advisor suggestion: collect -> eat
[Ayushi OS] 🧠 Neural net loaded (22→32→16→8→4→3, 966 training steps)
[Ayushi OS] Action memory loaded (39 entries)
[Ayushi OS] ✅ All systems online. ayushi_ds_2026 is awake.
[ServerAnalyzer] [CMD] Passive mode — observe only, no probing.
[AyushiOS] Brain booted — knowledge pipeline + advisors online.
[Agent] Will execute 31 task steps after 959ms delay...
[Agent] Starting diamond grind: 31 steps
[Agent] No wood — gathering tree logs
[Agent] No reachable trees at Y=47 — exploring
[ServerAnalyzer] Boot phase 2: Command discovery running
[AyushiOS DIAG] tick=50 motorBusy=true taskRunnerBusy=false motorCtx=none
[Agent] No trees found — sprinting to explore
[Modes] I'm stuck!
[ServerAnalyzer] Boot phase 3: World scan starting
[CHAT:messagestr] <ayushi_ds_2026> I should place torches before the party crashers arrive
[CHAT:playerChat] I should place torches before the party crashers arrive
[CHAT:playerChat] I should place torches before the party crashers arrive
[Modes] Moving on.
[Agent] Crafting stone pickaxe
[Agent] No trees nearby — random walk to (10, 9)
[AyushiOS DIAG] tick=100 motorBusy=true taskRunnerBusy=false motorCtx=none
[WorldModel] overworld @ (32,54,28) | hp=20 food=4 (starving) | threat=none | players=0 | night=false
[Agent] Arrived at (32, 28)
[Agent] Step 1/31: go_surface({})
  => Navigating to GoalNear @(32,91,28) [37m] timeout=30000ms
Path not found — using raw sprint-jump movement.
Pathfinding stopped: Cannot access 'doorCheckInterval' before initialization.
Going to the surface at y=91.
[Agent] Step 2/31: eat({"minFoodLevel":18})
[Agent] Step 2 failed — attempting reactive replan (1/5)
  => Emergency: eating undefined (no safe food left).
[Agent] Step 3/31: collect({"item":"log","count":12})
[TaskRunner] Only got 0/12 log — checking spatial memory...
[Vision] No usable memory of log — expedition 1 (48-96m) fresh area → (68, 63)
[Vision] No usable memory of log — expedition 2 (96-192m) fresh area → (114, 81)
[Vision] No usable memory of log — expedition 3 (192-384m) fresh area → (-135, -92)
[Vision] No usable memory of log — MIGRATION (200-420m) fresh area → (-142, -73)
[Agent] Step 3 failed — attempting reactive replan (1/5)
  => No log nearby to collect.
Collected 0 log.
Navigating to GoalNear @(68,54,63) [50m] timeout=124142ms
Path not found — using raw sprint-jump movement.
Pathfinding stopped: Cannot access 'doorCheckInterval' before initialization.
No log nearby to collect.
Collected 0 log.
Navigating to GoalNear @(114,54,81) [97m] timeout=242806ms
Path not found — using raw sprint-jump movement.
Pathfinding stopped: Cannot access 'doorCheckInterval' before initialization.
No log nearby to collect.
Collected 0 log.
Navigating to GoalNear @(-135,54,-92) [206m] timeout=515423ms
Path not found — using raw sprint-jump movement.
Pathfinding stopped: Cannot access 'doorCheckInterval' before initialization.
No log nearby to collect.
Collected 0 log.
Navigating to GoalNear @(-142,54,-73) [202m] timeout=504229ms
Path not found — using raw sprint-jump movement.
Pathfinding stopped: Cannot access 'doorCheckInterval' before initialization.
No log nearby to collect.
Collected 0 log.
[Agent] Step 4/31: craft_planks({"count":48})
[TaskRunner] No wood for planks — collecting any log first...
[TaskRunner] Only got 0/4 log — checking spatial memory...
[Vision] No usable memory of log — expedition 1 (48-96m) fresh area → (62, 66)
[Vision] No usable memory of log — expedition 2 (96-192m) fresh area → (33, -76)
[Vision] No usable memory of log — expedition 3 (192-384m) fresh area → (-125, -97)
[Vision] No usable memory of log — MIGRATION (200-420m) fresh area → (166, 193)
[Agent] Step 4 failed — attempting reactive replan (1/5)
  => No log nearby to collect.
Collected 0 log.
Navigating to GoalNear @(62,54,66) [48m] timeout=119622ms
Path not found — using raw sprint-jump movement.
Pathfinding stopped: Cannot access 'doorCheckInterval' before initialization.
No log nearby to collect.
Collected 0 log.
Navigating to GoalNear @(33,54,-76) [104m] timeout=261217ms
Path not found — using raw sprint-jump movement.
Pathfinding stopped: Cannot access 'doorCheckInterval' before initialization.
No log nearby to collect.
Collected 0 log.
Navigating to GoalNear @(-125,54,-97) [201m] timeout=503051ms
Path not found — using raw sprint-jump movement.
Pathfinding stopped: Cannot access 'doorCheckInterval' before initialization.
No log nearby to collect.
Collected 0 log.
Navigating to GoalNear @(166,54,193) [212m] timeout=529983ms
Path not found — using raw sprint-jump movement.
Pathfinding stopped: Cannot access 'doorCheckInterval' before initialization.
No log nearby to collect.
Collected 0 log.
[AyushiOS DIAG] tick=150 motorBusy=true taskRunnerBusy=false motorCtx=none
[Agent] Step 5/31: craft({"item":"stick","count":16})
[Agent] Step 5 failed — attempting reactive replan (1/5)
  => You do not have the resources to craft a stick. It requires: oak_planks: 2.
You do not have the resources to craft a stick. It requires: oak_planks: 2.
You do not have the resources to craft a stick. It requires: oak_planks: 2.
[Agent] Step 6/31: craft({"item":"crafting_table","count":1})
[ServerAnalyzer] Boot complete. Server analysis fully active.
[ServerAnalyzer] === Server Analysis Summary ===
[ServerAnalyzer] Server: Unknown | Claims: Unknown | PvP: true
[ServerAnalyzer] Plugins: 
[ServerAnalyzer] Economy: none
[ServerAnalyzer] Commands discovered: 0
[ServerAnalyzer] Locations mapped: 0
[ServerAnalyzer] Dangers: 3
[ServerAnalyzer] Players tracked: 2
[ServerAnalyzer] Rules: 0
[ServerAnalyzer] ================================
[Agent] Step 6 failed — attempting reactive replan (1/5)
  => You do not have the resources to craft a crafting_table. It requires: oak_planks: 4.
You do not have the resources to craft a crafting_table. It requires: oak_planks: 4.
You do not have the resources to craft a crafting_table. It requires: oak_planks: 4.
[Agent] Step 7/31: craft({"item":"wooden_pickaxe","count":1})
[Agent] Step 7 failed — attempting reactive replan (1/5)
  => You do not have the resources to craft a wooden_pickaxe. It requires: oak_planks: 3, stick: 2.
You do not have the resources to craft a wooden_pickaxe. It requires: oak_planks: 3, stick: 2.
You do not have the resources to craft a wooden_pickaxe. It requires: oak_planks: 3, stick: 2.
[AyushiOS DIAG] tick=200 motorBusy=true taskRunnerBusy=false motorCtx=none
[WorldModel] overworld @ (32,54,28) | hp=20 food=4 (starving) | threat=none | players=0 | night=false
[Agent] Step 8/31: craft({"item":"wooden_sword","count":1})
[Agent] Step 8 failed — attempting reactive replan (1/5)
  => You do not have the resources to craft a wooden_sword. It requires: oak_planks: 2, stick: 1.
You do not have the resources to craft a wooden_sword. It requires: oak_planks: 2, stick: 1.
You do not have the resources to craft a wooden_sword. It requires: oak_planks: 2, stick: 1.
[Agent] Step 9/31: equip({"item":"wooden_sword","slot":"hand"})
  => Equipped wooden_sword.
[Agent] Step 10/31: place_nearby({"block":"crafting_table"})
[Agent] Step 11/31: collect({"item":"cobblestone","count":20})
[TaskRunner] Only got 0/20 cobblestone — checking spatial memory...
[Vision] No usable memory of cobblestone — expedition 1 (48-96m) fresh area → (27, -19)
[Vision] No usable memory of cobblestone — expedition 2 (96-192m) fresh area → (-18, -62)
[Vision] No usable memory of cobblestone — expedition 3 (192-384m) fresh area → (139, 213)
[Vision] No usable memory of cobblestone — MIGRATION (200-420m) fresh area → (22, -175)
[TaskRunner] No surface stone — digging down
[CHAT] received: updesh ▶ Teleported updesh to ayushi_ds_2026]
[CHAT:messagestr] [updesh: Teleported updesh to ayushi_ds_2026]
[AyushiOS DIAG] tick=250 motorBusy=true taskRunnerBusy=false motorCtx=none
[Agent] Step 11 failed — attempting reactive replan (1/5)
  => Don't have right tools to harvest cobblestone.
Navigating to GoalNear @(27,54,-19) [48m] timeout=119448ms
Path not found — using raw sprint-jump movement.
Pathfinding stopped: Cannot access 'doorCheckInterval' before initialization.
Don't have right tools to harvest cobblestone.
Navigating to GoalNear @(-18,54,-62) [104m] timeout=258814ms
Path not found — using raw sprint-jump movement.
Pathfinding stopped: Cannot access 'doorCheckInterval' before initialization.
Don't have right tools to harvest cobblestone.
Navigating to GoalNear @(139,54,213) [213m] timeout=532863ms
Path not found — using raw sprint-jump movement.
Pathfinding stopped: Cannot access 'doorCheckInterval' before initialization.
Don't have right tools to harvest cobblestone.
Navigating to GoalNear @(22,54,-175) [204m] timeout=509362ms
Path not found — using raw sprint-jump movement.
Pathfinding stopped: Cannot access 'doorCheckInterval' before initialization.
Don't have right tools to harvest cobblestone.
Broke dirt at x:32.0, y:53.0, z:28.0.
Broke dirt at x:32.0, y:52.0, z:28.0.
Broke dirt at x:32.0, y:51.0, z:28.0.
Broke dirt at x:32.0, y:50.0, z:28.0.
Dug down 4 blocks.
Don't have right tools to harvest cobblestone.
[Agent] Step 12/31: craft({"item":"stone_pickaxe","count":1})
[Agent] Step 12 failed — attempting reactive replan (1/5)
  => Crafting stone_pickaxe requires a crafting table.
Crafting stone_pickaxe requires a crafting table.
Crafting stone_pickaxe requires a crafting table.
[Agent] Step 13/31: craft({"item":"stone_sword","count":1})
[Agent] Step 13 failed — attempting reactive replan (1/5)
  => Crafting stone_sword requires a crafting table.
Crafting stone_sword requires a crafting table.
Crafting stone_sword requires a crafting table.
[Agent] Step 14/31: craft({"item":"furnace","count":1})
[Agent] Step 14 failed — attempting reactive replan (1/5)
  => Crafting furnace requires a crafting table.
Crafting furnace requires a crafting table.
Crafting furnace requires a crafting table.
[Agent] Step 15/31: equip({"item":"stone_pickaxe","slot":"hand"})
  => You do not have any stone_pickaxe to equip.
[AyushiOS DIAG] tick=300 motorBusy=true taskRunnerBusy=false motorCtx=none
[WorldModel] overworld @ (32,54,28) | hp=20 food=4 (starving) | threat=none | players=0 | night=false
[Agent] Step 16/31: place_nearby({"block":"furnace"})
[Agent] Step 17/31: collect({"item":"coal_ore","count":8})
[TaskRunner] coal_ore needs mining — digging down
[TaskRunner] Only got 0/8 coal_ore — checking spatial memory...
[Vision] Remembered coal_ore at (30, 52, 30) — heading there
[Vision] copper_ore at (32, 54, 22) exists but unobtainable — blacklisting exact block
[Vision] No usable memory of copper_ore — expedition 2 (96-192m) fresh area → (104, 94)
[Vision] copper_ore at (32, 54, 22) exists but unobtainable — blacklisting exact block
[Vision] No usable memory of copper_ore — expedition 3 (192-384m) fresh area → (-163, 126)
[Vision] copper_ore at (32, 54, 22) exists but unobtainable — blacklisting exact block
[Vision] Area looks barren/protected — migrating far
[Vision] No usable memory of copper_ore — MIGRATION (200-420m) fresh area → (48, -173)
[Vision] copper_ore at (32, 54, 22) exists but unobtainable — blacklisting exact block
[Vision] Area looks barren/protected — migrating far
[Vision] No usable memory of copper_ore — MIGRATION (200-420m) fresh area → (86, 236)
[Vision] copper_ore at (32, 54, 22) exists but unobtainable — blacklisting exact block
[Vision] Area looks barren/protected — migrating far
[Vision] No usable memory of copper_ore — MIGRATION (200-420m) fresh area → (-84, -136)
[Vision] copper_ore at (32, 54, 22) exists but unobtainable — blacklisting exact block
[Vision] Area looks barren/protected — migrating far
[Vision] No usable memory of copper_ore — MIGRATION (200-420m) fresh area → (237, -22)
[Vision] copper_ore at (32, 54, 22) exists but unobtainable — blacklisting exact block
[Vision] Area looks barren/protected — migrating far
[Vision] No usable memory of copper_ore — MIGRATION (200-420m) fresh area → (-49, -156)
[Vision] copper_ore at (32, 54, 22) exists but unobtainable — blacklisting exact block
[Vision] Area looks barren/protected — migrating far
[Vision] No usable memory of copper_ore — MIGRATION (200-420m) fresh area → (24, -182)
[Vision] copper_ore at (32, 54, 22) exists but unobtainable — blacklisting exact block
[Vision] Area looks barren/protected — migrating far
[Vision] No usable memory of copper_ore — MIGRATION (200-420m) fresh area → (259, 22)
[Vision] copper_ore at (32, 54, 22) exists but unobtainable — blacklisting exact block
[Vision] Area looks barren/protected — migrating far
[Vision] No usable memory of copper_ore — MIGRATION (200-420m) fresh area → (-156, 95)
[Vision] copper_ore at (32, 54, 22) exists but unobtainable — blacklisting exact block
[Vision] Area looks barren/protected — migrating far
[Vision] No usable memory of copper_ore — MIGRATION (200-420m) fresh area → (167, 178)
[Vision] copper_ore at (32, 54, 22) exists but unobtainable — blacklisting exact block
[Vision] Area looks barren/protected — migrating far
[Vision] No usable memory of copper_ore — MIGRATION (200-420m) fresh area → (-59, -173)
[Vision] copper_ore at (32, 54, 22) exists but unobtainable — blacklisting exact block
[Vision] Area looks barren/protected — migrating far
[Vision] No usable memory of copper_ore — MIGRATION (200-420m) fresh area → (30, 229)
[Vision] copper_ore at (32, 54, 22) exists but unobtainable — blacklisting exact block
[Vision] Area looks barren/protected — migrating far
[Vision] No usable memory of copper_ore — MIGRATION (200-420m) fresh area → (-184, -5)
[Vision] copper_ore at (32, 54, 22) exists but unobtainable — blacklisting exact block
[Vision] Area looks barren/protected — migrating far
[Vision] No usable memory of copper_ore — MIGRATION (200-420m) fresh area → (-195, 19)
[Vision] copper_ore at (32, 54, 22) exists but unobtainable — blacklisting exact block
[Vision] Area looks barren/protected — migrating far
[Vision] No usable memory of copper_ore — MIGRATION (200-420m) fresh area → (-68, -150)
[Vision] copper_ore at (32, 54, 22) exists but unobtainable — blacklisting exact block
[Vision] Area looks barren/protected — migrating far
[Vision] No usable memory of copper_ore — MIGRATION (200-420m) fresh area → (-169, -13)
[Vision] copper_ore at (32, 54, 22) exists but unobtainable — blacklisting exact block
[Vision] Area looks barren/protected — migrating far
[Vision] No usable memory of copper_ore — MIGRATION (200-420m) fresh area → (-173, 21)
[Vision] copper_ore at (32, 54, 22) exists but unobtainable — blacklisting exact block
[Vision] Area looks barren/protected — migrating far
[Vision] No usable memory of copper_ore — MIGRATION (200-420m) fresh area → (132, -171)
[Vision] copper_ore at (32, 54, 22) exists but unobtainable — blacklisting exact block
[Vision] Area looks barren/protected — migrating far
[Vision] No usable memory of copper_ore — MIGRATION (200-420m) fresh area → (89, -164)
[Vision] copper_ore at (32, 54, 22) exists but unobtainable — blacklisting exact block
[Vision] Area looks barren/protected — migrating far
[Vision] No usable memory of copper_ore — MIGRATION (200-420m) fresh area → (120, 215)
[Vision] copper_ore at (32, 54, 22) exists but unobtainable — blacklisting exact block
[Vision] Area looks barren/protected — migrating far
[Vision] No usable memory of copper_ore — MIGRATION (200-420m) fresh area → (183, -117)
[Vision] copper_ore at (32, 54, 22) exists but unobtainable — blacklisting exact block
[Vision] Area looks barren/protected — migrating far
[Vision] No usable memory of copper_ore — MIGRATION (200-420m) fresh area → (-163, 76)
[Vision] copper_ore at (32, 54, 22) exists but unobtainable — blacklisting exact block
[Vision] Area looks barren/protected — migrating far
[Vision] No usable memory of copper_ore — MIGRATION (200-420m) fresh area → (202, 140)
[Vision] copper_ore at (32, 54, 22) exists but unobtainable — blacklisting exact block
[Vision] Area looks barren/protected — migrating far
[Vision] No usable memory of copper_ore — MIGRATION (200-420m) fresh area → (232, -126)
[Vision] copper_ore at (32, 54, 22) exists but unobtainable — blacklisting exact block
[Vision] Area looks barren/protected — migrating far
[Vision] No usable memory of copper_ore — MIGRATION (200-420m) fresh area → (40, -174)
[Vision] copper_ore at (32, 54, 22) exists but unobtainable — blacklisting exact block
[Vision] Area looks barren/protected — migrating far
[Vision] No usable memory of copper_ore — MIGRATION (200-420m) fresh area → (271, 105)
[Vision] copper_ore at (32, 54, 22) exists but unobtainable — blacklisting exact block
[Vision] Area looks barren/protected — migrating far
[Vision] No usable memory of copper_ore — MIGRATION (200-420m) fresh area → (197, 150)
[Vision] copper_ore at (32, 54, 22) exists but unobtainable — blacklisting exact block
[Vision] Area looks barren/protected — migrating far
[Vision] No usable memory of copper_ore — MIGRATION (200-420m) fresh area → (112, 213)
[Vision] copper_ore at (32, 54, 22) exists but unobtainable — blacklisting exact block
[Vision] Area looks barren/protected — migrating far
[Vision] No usable memory of copper_ore — MIGRATION (200-420m) fresh area → (214, -78)
[Vision] copper_ore at (32, 54, 22) exists but unobtainable — blacklisting exact block
[Vision] Area looks barren/protected — migrating far
[Vision] No usable memory of copper_ore — MIGRATION (200-420m) fresh area → (239, -3)
[Vision] copper_ore at (32, 54, 22) exists but unobtainable — blacklisting exact block
[Vision] Area looks barren/protected — migrating far
[Vision] No usable memory of copper_ore — MIGRATION (200-420m) fresh area → (163, 195)
[Vision] copper_ore at (32, 54, 22) exists but unobtainable — blacklisting exact block
[Vision] Area looks barren/protected — migrating far
[Vision] No usable memory of copper_ore — MIGRATION (200-420m) fresh area → (217, 109)
[Vision] copper_ore at (32, 54, 22) exists but unobtainable — blacklisting exact block
[Vision] Area looks barren/protected — migrating far
[Vision] No usable memory of copper_ore — MIGRATION (200-420m) fresh area → (-165, 117)
[Vision] copper_ore at (32, 54, 22) exists but unobtainable — blacklisting exact block
[Vision] Area looks barren/protected — migrating far
[Vision] No usable memory of copper_ore — MIGRATION (200-420m) fresh area → (-85, 196)
[Vision] copper_ore at (32, 54, 22) exists but unobtainable — blacklisting exact block
[Vision] Area looks barren/protected — migrating far
[Vision] No usable memory of copper_ore — MIGRATION (200-420m) fresh area → (208, 134)
[Vision] copper_ore at (32, 54, 22) exists but unobtainable — blacklisting exact block
[Vision] Area looks barren/protected — migrating far
[Vision] No usable memory of copper_ore — MIGRATION (200-420m) fresh area → (202, 146)
[Vision] copper_ore at (32, 54, 22) exists but unobtainable — blacklisting exact block
[Vision] Area looks barren/protected — migrating far
[Vision] No usable memory of copper_ore — MIGRATION (200-420m) fresh area → (240, 117)
[Vision] copper_ore at (32, 54, 22) exists but unobtainable — blacklisting exact block
[Vision] Area looks barren/protected — migrating far
[Vision] No usable memory of copper_ore — MIGRATION (200-420m) fresh area → (-116, -113)
[Vision] copper_ore at (32, 54, 22) exists but unobtainable — blacklisting exact block
[Vision] Area looks barren/protected — migrating far
[Vision] No usable memory of copper_ore — MIGRATION (200-420m) fresh area → (244, 86)
[Vision] copper_ore at (32, 54, 22) exists but unobtainable — blacklisting exact block
[Vision] Area looks barren/protected — migrating far
[Vision] No usable memory of copper_ore — MIGRATION (200-420m) fresh area → (147, 229)
[Vision] copper_ore at (32, 54, 22) exists but unobtainable — blacklisting exact block
[Vision] Area looks barren/protected — migrating far
[Vision] No usable memory of copper_ore — MIGRATION (200-420m) fresh area → (-131, 186)
[Vision] copper_ore at (32, 54, 22) exists but unobtainable — blacklisting exact block
[Vision] Area looks barren/protected — migrating far
[Vision] No usable memory of copper_ore — MIGRATION (200-420m) fresh area → (42, 232)
[Vision] copper_ore at (32, 54, 22) exists but unobtainable — blacklisting exact block
[Vision] Area looks barren/protected — migrating far
[Vision] No usable memory of copper_ore — MIGRATION (200-420m) fresh area → (-172, 103)
[Vision] copper_ore at (32, 54, 22) exists but unobtainable — blacklisting exact block
[Vision] Area looks barren/protected — migrating far
[Vision] No usable memory of copper_ore — MIGRATION (200-420m) fresh area → (204, -90)
[Vision] copper_ore at (32, 54, 22) exists but unobtainable — blacklisting exact block
[Vision] Area looks barren/protected — migrating far
[Vision] No usable memory of copper_ore — MIGRATION (200-420m) fresh area → (138, 217)
[Vision] copper_ore at (32, 54, 22) exists but unobtainable — blacklisting exact block
[Vision] Area looks barren/protected — migrating far
[Vision] No usable memory of copper_ore — MIGRATION (200-420m) fresh area → (266, 63)
[Vision] copper_ore at (32, 54, 22) exists but unobtainable — blacklisting exact block
[Vision] Area looks barren/protected — migrating far
[Vision] No usable memory of copper_ore — MIGRATION (200-420m) fresh area → (101, -179)
[Vision] copper_ore at (32, 54, 22) exists but unobtainable — blacklisting exact block
[Vision] Area looks barren/protected — migrating far
[Vision] No usable memory of copper_ore — MIGRATION (200-420m) fresh area → (199, -89)
[Vision] copper_ore at (32, 54, 22) exists but unobtainable — blacklisting exact block
[Vision] Area looks barren/protected — migrating far
[Vision] No usable memory of copper_ore — MIGRATION (200-420m) fresh area → (-84, 193)
[Vision] copper_ore at (32, 54, 22) exists but unobtainable — blacklisting exact block
[Vision] Area looks barren/protected — migrating far
Agent ayushi_ds_2026 disconnected
[Vision] No usable memory of copper_ore — MIGRATION (200-420m) fresh area → (-81, 202)
[Vision] copper_ore at (32, 54, 22) exists but unobtainable — blacklisting exact block
[Vision] Area looks barren/protected — migrating far
[Vision] No usable memory of copper_ore — MIGRATION (200-420m) fresh area → (122, -152)
[Vision] copper_ore at (32, 54, 22) exists but unobtainable — blacklisting exact block
[Vision] Area looks barren/protected — migrating far
[Vision] No usable memory of copper_ore — MIGRATION (200-420m) fresh area → (-143, -69)
[Vision] copper_ore at (32, 54, 22) exists but unobtainable — blacklisting exact block
[Vision] Area looks barren/protected — migrating far
[Vision] No usable memory of copper_ore — MIGRATION (200-420m) fresh area → (179, 204)
[Vision] copper_ore at (32, 54, 22) exists but unobtainable — blacklisting exact block
[Vision] Area looks barren/protected — migrating far
[Vision] No usable memory of copper_ore — MIGRATION (200-420m) fresh area → (-169, -9)
[Vision] copper_ore at (32, 54, 22) exists but unobtainable — blacklisting exact block
[Vision] Area looks barren/protected — migrating far
[Vision] No usable memory of copper_ore — MIGRATION (200-420m) fresh area → (278, 37)
[Vision] copper_ore at (32, 54, 22) exists but unobtainable — blacklisting exact block
[Vision] Area looks barren/protected — migrating far
[Vision] No usable memory of copper_ore — MIGRATION (200-420m) fresh area → (224, 138)
[Vision] copper_ore at (32, 54, 22) exists but unobtainable — blacklisting exact block
[Vision] Area looks barren/protected — migrating far
[Vision] No usable memory of copper_ore — MIGRATION (200-420m) fresh area → (20, 251)
[Vision] copper_ore at (32, 54, 22) exists but unobtainable — blacklisting exact block
[Vision] Area looks barren/protected — migrating far
[Vision] No usable memory of copper_ore — MIGRATION (200-420m) fresh area → (-159, 92)
[Vision] copper_ore at (32, 54, 22) exists but unobtainable — blacklisting exact block
[Vision] Area looks barren/protected — migrating far
[Vision] No usable memory of copper_ore — MIGRATION (200-420m) fresh area → (2, 295)
[Vision] copper_ore at (32, 54, 22) exists but unobtainable — blacklisting exact block
[Vision] Area looks barren/protected — migrating far
[Vision] No usable memory of copper_ore — MIGRATION (200-420m) fresh area → (28, 229)
[Vision] copper_ore at (32, 54, 22) exists but unobtainable — blacklisting exact block
[Vision] Area looks barren/protected — migrating far
[Vision] No usable memory of copper_ore — MIGRATION (200-420m) fresh area → (-170, 18)
[Vision] copper_ore at (32, 54, 22) exists but unobtainable — blacklisting exact block
[Vision] Area looks barren/protected — migrating far
[Vision] No usable memory of copper_ore — MIGRATION (200-420m) fresh area → (-175, -2)
[Vision] copper_ore at (32, 54, 22) exists but unobtainable — blacklisting exact block
[Vision] Area looks barren/protected — migrating far
[Vision] No usable memory of copper_ore — MIGRATION (200-420m) fresh area → (54, -180)
[Vision] copper_ore at (32, 54, 22) exists but unobtainable — blacklisting exact block
[Vision] Area looks barren/protected — migrating far
[Vision] No usable memory of copper_ore — MIGRATION (200-420m) fresh area → (-35, -171)
[Vision] copper_ore at (32, 54, 22) exists but unobtainable — blacklisting exact block
[Vision] Area looks barren/protected — migrating far
[Vision] No usable memory of copper_ore — MIGRATION (200-420m) fresh area → (-60, 212)
[Vision] copper_ore at (32, 54, 22) exists but unobtainable — blacklisting exact block
[Vision] Area looks barren/protected — migrating far
[Vision] No usable memory of copper_ore — MIGRATION (200-420m) fresh area → (-118, 178)
[Vision] copper_ore at (32, 54, 22) exists but unobtainable — blacklisting exact block
[Vision] Area looks barren/protected — migrating far
[Vision] No usable memory of copper_ore — MIGRATION (200-420m) fresh area → (-160, -87)
[Vision] copper_ore at (32, 54, 22) exists but unobtainable — blacklisting exact block
[Vision] Area looks barren/protected — migrating far
[Vision] No usable memory of copper_ore — MIGRATION (200-420m) fresh area → (23, -179)
[Vision] copper_ore at (32, 54, 22) exists but unobtainable — blacklisting exact block
[Vision] Area looks barren/protected — migrating far
[Vision] No usable memory of copper_ore — MIGRATION (200-420m) fresh area → (6, 239)
[Vision] copper_ore at (32, 54, 22) exists but unobtainable — blacklisting exact block
[Vision] Area looks barren/protected — migrating far
[Vision] No usable memory of copper_ore — MIGRATION (200-420m) fresh area → (-207, -29)
[Vision] copper_ore at (32, 54, 22) exists but unobtainable — blacklisting exact block
[Vision] Area looks barren/protected — migrating far
[Vision] No usable memory of copper_ore — MIGRATION (200-420m) fresh area → (-52, -162)
[Vision] copper_ore at (32, 54, 22) exists but unobtainable — blacklisting exact block
[Vision] Area looks barren/protected — migrating far
[Vision] No usable memory of copper_ore — MIGRATION (200-420m) fresh area → (-178, -88)
[Vision] copper_ore at (32, 54, 22) exists but unobtainable — blacklisting exact block
[Vision] Area looks barren/protected — migrating far
[Vision] No usable memory of copper_ore — MIGRATION (200-420m) fresh area → (179, -125)
[Vision] copper_ore at (32, 54, 22) exists but unobtainable — blacklisting exact block
[Vision] Area looks barren/protected — migrating far
[Vision] No usable memory of copper_ore — MIGRATION (200-420m) fresh area → (-187, -49)
[Vision] copper_ore at (32, 54, 22) exists but unobtainable — blacklisting exact block
[Vision] Area looks barren/protected — migrating far
[Vision] No usable memory of copper_ore — MIGRATION (200-420m) fresh area → (-114, -119)
[Vision] copper_ore at (32, 54, 22) exists but unobtainable — blacklisting exact block
[Vision] Area looks barren/protected — migrating far
[Vision] No usable memory of copper_ore — MIGRATION (200-420m) fresh area → (227, -129)
[Vision] copper_ore at (32, 54, 22) exists but unobtainable — blacklisting exact block
[Vision] Area looks barren/protected — migrating far
[Vision] No usable memory of copper_ore — MIGRATION (200-420m) fresh area → (133, -153)
[Vision] copper_ore at (32, 54, 22) exists but unobtainable — blacklisting exact block
[Vision] Area looks barren/protected — migrating far
[Vision] No usable memory of copper_ore — MIGRATION (200-420m) fresh area → (-151, 173)
[Vision] copper_ore at (32, 54, 22) exists but unobtainable — blacklisting exact block
[Vision] Area looks barren/protected — migrating far
[Vision] No usable memory of copper_ore — MIGRATION (200-420m) fresh area → (-135, 200)
[Vision] copper_ore at (32, 54, 22) exists but unobtainable — blacklisting exact block
[Vision] Area looks barren/protected — migrating far
[Vision] No usable memory of copper_ore — MIGRATION (200-420m) fresh area → (-37, 288)
[Vision] copper_ore at (32, 54, 22) exists but unobtainable — blacklisting exact block
[Vision] Area looks barren/protected — migrating far
[Vision] No usable memory of copper_ore — MIGRATION (200-420m) fresh area → (-159, -29)
[Vision] copper_ore at (32, 54, 22) exists but unobtainable — blacklisting exact block
[Vision] Area looks barren/protected — migrating far
[Vision] No usable memory of copper_ore — MIGRATION (200-420m) fresh area → (-21, -188)
[Vision] copper_ore at (32, 54, 22) exists but unobtainable — blacklisting exact block
[Vision] Area looks barren/protected — migrating far
[Vision] No usable memory of copper_ore — MIGRATION (200-420m) fresh area → (127, 240)
[Vision] copper_ore at (32, 54, 22) exists but unobtainable — blacklisting exact block
[Vision] Area looks barren/protected — migrating far
[Vision] No usable memory of copper_ore — MIGRATION (200-420m) fresh area → (76, 224)
[Vision] copper_ore at (32, 54, 22) exists but unobtainable — blacklisting exact block
[Vision] Area looks barren/protected — migrating far
[Vision] No usable memory of copper_ore — MIGRATION (200-420m) fresh area → (248, 34)
[Vision] copper_ore at (32, 54, 22) exists but unobtainable — blacklisting exact block
[Vision] Area looks barren/protected — migrating far
[Vision] No usable memory of copper_ore — MIGRATION (200-420m) fresh area → (241, -41)
[Vision] copper_ore at (32, 54, 22) exists but unobtainable — blacklisting exact block
[Vision] Area looks barren/protected — migrating far
[Vision] No usable memory of copper_ore — MIGRATION (200-420m) fresh area → (103, 226)
[Vision] copper_ore at (32, 54, 22) exists but unobtainable — blacklisting exact block
[Vision] Area looks barren/protected — migrating far
[Vision] No usable memory of copper_ore — MIGRATION (200-420m) fresh area → (213, -107)
[Vision] copper_ore at (32, 54, 22) exists but unobtainable — blacklisting exact block
[Vision] Area looks barren/protected — migrating far
[Vision] No usable memory of copper_ore — MIGRATION (200-420m) fresh area → (-14, 255)
[Vision] copper_ore at (32, 54, 22) exists but unobtainable — blacklisting exact block
[Vision] Area looks barren/protected — migrating far
[Vision] No usable memory of copper_ore — MIGRATION (200-420m) fresh area → (-181, -38)
[Vision] copper_ore at (32, 54, 22) exists but unobtainable — blacklisting exact block
[Vision] Area looks barren/protected — migrating far
[Vision] No usable memory of copper_ore — MIGRATION (200-420m) fresh area → (-173, 25)
[Vision] copper_ore at (32, 54, 22) exists but unobtainable — blacklisting exact block
[Vision] Area looks barren/protected — migrating far
[Vision] No usable memory of copper_ore — MIGRATION (200-420m) fresh area → (-67, 247)
[Vision] copper_ore at (32, 54, 22) exists but unobtainable — blacklisting exact block
[Vision] Area looks barren/protected — migrating far
[Vision] No usable memory of copper_ore — MIGRATION (200-420m) fresh area → (-88, 197)
[Vision] copper_ore at (32, 54, 22) exists but unobtainable — blacklisting exact block
[Vision] Area looks barren/protected — migrating far
[Vision] No usable memory of copper_ore — MIGRATION (200-420m) fresh area → (239, -54)
[Vision] copper_ore at (32, 54, 22) exists but unobtainable — blacklisting exact block
[Vision] Area looks barren/protected — migrating far
[Vision] No usable memory of copper_ore — MIGRATION (200-420m) fresh area → (-173, -3)
[Vision] copper_ore at (32, 54, 22) exists but unobtainable — blacklisting exact block
[Vision] Area looks barren/protected — migrating far
[Vision] No usable memory of copper_ore — MIGRATION (200-420m) fresh area → (-157, 138)
[Vision] copper_ore at (32, 54, 22) exists but unobtainable — blacklisting exact block
[Vision] Area looks barren/protected — migrating far
[Vision] No usable memory of copper_ore — MIGRATION (200-420m) fresh area → (-169, 47)
[Vision] copper_ore at (32, 54, 22) exists but unobtainable — blacklisting exact block
[Vision] Area looks barren/protected — migrating far
[Vision] No usable memory of copper_ore — MIGRATION (200-420m) fresh area → (144, 207)
[Vision] copper_ore at (32, 54, 22) exists but unobtainable — blacklisting exact block
[Vision] Area looks barren/protected — migrating far
[Vision] No usable memory of copper_ore — MIGRATION (200-420m) fresh area → (92, 245)
[Vision] copper_ore at (32, 54, 22) exists but unobtainable — blacklisting exact block
[Vision] Area looks barren/protected — migrating far
[Vision] No usable memory of copper_ore — MIGRATION (200-420m) fresh area → (261, -57)
[Vision] copper_ore at (32, 54, 22) exists but unobtainable — blacklisting exact block
[Vision] Area looks barren/protected — migrating far
[Vision] No usable memory of copper_ore — MIGRATION (200-420m) fresh area → (238, 119)
[Vision] copper_ore at (32, 54, 22) exists but unobtainable — blacklisting exact block
[Vision] Area looks barren/protected — migrating far
[Vision] No usable memory of copper_ore — MIGRATION (200-420m) fresh area → (91, -187)
[Vision] copper_ore at (32, 54, 22) exists but unobtainable — blacklisting exact block
[Vision] Area looks barren/protected — migrating far
[Vision] No usable memory of copper_ore — MIGRATION (200-420m) fresh area → (61, -186)
[Vision] copper_ore at (32, 54, 22) exists but unobtainable — blacklisting exact block
[Vision] Area looks barren/protected — migrating far
[Vision] No usable memory of copper_ore — MIGRATION (200-420m) fresh area → (177, 195)
[Vision] copper_ore at (32, 54, 22) exists but unobtainable — blacklisting exact block
[Vision] Area looks barren/protected — migrating far
[Vision] No usable memory of copper_ore — MIGRATION (200-420m) fresh area → (216, -76)
[Vision] copper_ore at (32, 54, 22) exists but unobtainable — blacklisting exact block
[Vision] Area looks barren/protected — migrating far
[Vision] No usable memory of copper_ore — MIGRATION (200-420m) fresh area → (173, 173)
[Vision] copper_ore at (32, 54, 22) exists but unobtainable — blacklisting exact block
[Vision] Area looks barren/protected — migrating far
[Vision] No usable memory of copper_ore — MIGRATION (200-420m) fresh area → (235, 61)
[Vision] copper_ore at (32, 54, 22) exists but unobtainable — blacklisting exact block
[Vision] Area looks barren/protected — migrating far
[Vision] No usable memory of copper_ore — MIGRATION (200-420m) fresh area → (-189, 74)
[Vision] copper_ore at (32, 54, 22) exists but unobtainable — blacklisting exact block
[Vision] Area looks barren/protected — migrating far
[Vision] No usable memory of copper_ore — MIGRATION (200-420m) fresh area → (106, 278)
[Vision] copper_ore at (32, 54, 22) exists but unobtainable — blacklisting exact block
[Vision] Area looks barren/protected — migrating far
[Vision] No usable memory of copper_ore — MIGRATION (200-420m) fresh area → (-55, -157)
[Vision] copper_ore at (32, 54, 22) exists but unobtainable — blacklisting exact block
[Vision] Area looks barren/protected — migrating far
[Vision] No usable memory of copper_ore — MIGRATION (200-420m) fresh area → (-155, -59)
[Vision] copper_ore at (32, 54, 22) exists but unobtainable — blacklisting exact block
[Vision] Area looks barren/protected — migrating far
[Vision] No usable memory of copper_ore — MIGRATION (200-420m) fresh area → (-172, 60)
[Vision] copper_ore at (32, 54, 22) exists but unobtainable — blacklisting exact block
[Vision] Area looks barren/protected — migrating far
[Vision] No usable memory of copper_ore — MIGRATION (200-420m) fresh area → (90, 222)
[Vision] copper_ore at (32, 54, 22) exists but unobtainable — blacklisting exact block
[Vision] Area looks barren/protected — migrating far
[Vision] No usable memory of copper_ore — MIGRATION (200-420m) fresh area → (56, 256)
[Vision] copper_ore at (32, 54, 22) exists but unobtainable — blacklisting exact block
[Vision] Area looks barren/protected — migrating far
[Vision] No usable memory of copper_ore — MIGRATION (200-420m) fresh area → (-79, -157)
[Vision] copper_ore at (32, 54, 22) exists but unobtainable — blacklisting exact block
[Vision] Area looks barren/protected — migrating far
[Vision] No usable memory of copper_ore — MIGRATION (200-420m) fresh area → (252, 42)
[Vision] copper_ore at (32, 54, 22) exists but unobtainable — blacklisting exact block
[Vision] Area looks barren/protected — migrating far
[Vision] No usable memory of copper_ore — MIGRATION (200-420m) fresh area → (-128, -164)
[Vision] copper_ore at (32, 54, 22) exists but unobtainable — blacklisting exact block
[Vision] Area looks barren/protected — migrating far
[Vision] No usable memory of copper_ore — MIGRATION (200-420m) fresh area → (207, -95)
[Vision] copper_ore at (32, 54, 22) exists but unobtainable — blacklisting exact block
[Vision] Area looks barren/protected — migrating far
[Vision] No usable memory of copper_ore — MIGRATION (200-420m) fresh area → (109, 252)
[Vision] copper_ore at (32, 54, 22) exists but unobtainable — blacklisting exact block
[Vision] Area looks barren/protected — migrating far
[Vision] No usable memory of copper_ore — MIGRATION (200-420m) fresh area → (49, -187)
[Vision] copper_ore at (32, 54, 22) exists but unobtainable — blacklisting exact block
[Vision] Area looks barren/protected — migrating far
[Vision] No usable memory of copper_ore — MIGRATION (200-420m) fresh area → (-147, -91)
[Vision] copper_ore at (32, 54, 22) exists but unobtainable — blacklisting exact block
[Vision] Area looks barren/protected — migrating far
[Vision] No usable memory of copper_ore — MIGRATION (200-420m) fresh area → (-177, 75)
[Vision] copper_ore at (32, 54, 22) exists but unobtainable — blacklisting exact block
[Vision] Area looks barren/protected — migrating far
[Vision] No usable memory of copper_ore — MIGRATION (200-420m) fresh area → (87, 238)
[Vision] copper_ore at (32, 54, 22) exists but unobtainable — blacklisting exact block
[Vision] Area looks barren/protected — migrating far
[Vision] No usable memory of copper_ore — MIGRATION (200-420m) fresh area → (-82, 215)
[Vision] copper_ore at (32, 54, 22) exists but unobtainable — blacklisting exact block
[Vision] Area looks barren/protected — migrating far
[Vision] No usable memory of copper_ore — MIGRATION (200-420m) fresh area → (52, 237)
[Vision] copper_ore at (32, 54, 22) exists but unobtainable — blacklisting exact block
[Vision] Area looks barren/protected — migrating far
[Vision] No usable memory of copper_ore — MIGRATION (200-420m) fresh area → (187, -108)
[Vision] copper_ore at (32, 54, 22) exists but unobtainable — blacklisting exact block
[Vision] Area looks barren/protected — migrating far
[Vision] No usable memory of copper_ore — MIGRATION (200-420m) fresh area → (-157, -39)
[Vision] copper_ore at (32, 54, 22) exists but unobtainable — blacklisting exact block
[Vision] Area looks barren/protected — migrating far
[Vision] No usable memory of copper_ore — MIGRATION (200-420m) fresh area → (168, 177)
[Vision] copper_ore at (32, 54, 22) exists but unobtainable — blacklisting exact block
[Vision] Area looks barren/protected — migrating far
[Vision] No usable memory of copper_ore — MIGRATION (200-420m) fresh area → (49, -188)
[Vision] copper_ore at (32, 54, 22) exists but unobtainable — blacklisting exact block
[Vision] Area looks barren/protected — migrating far
[Vision] No usable memory of copper_ore — MIGRATION (200-420m) fresh area → (241, -54)
[Vision] copper_ore at (32, 54, 22) exists but unobtainable — blacklisting exact block
[Vision] Area looks barren/protected — migrating far
[Vision] No usable memory of copper_ore — MIGRATION (200-420m) fresh area → (232, -9)
[Vision] copper_ore at (32, 54, 22) exists but unobtainable — blacklisting exact block
[Vision] Area looks barren/protected — migrating far
[Vision] No usable memory of copper_ore — MIGRATION (200-420m) fresh area → (240, 116)
[Vision] copper_ore at (32, 54, 22) exists but unobtainable — blacklisting exact block
[Vision] Area looks barren/protected — migrating far
[Vision] No usable memory of copper_ore — MIGRATION (200-420m) fresh area → (161, -130)
[Vision] copper_ore at (32, 54, 22) exists but unobtainable — blacklisting exact block
[Vision] Area looks barren/protected — migrating far
[Vision] No usable memory of copper_ore — MIGRATION (200-420m) fresh area → (-135, -90)
[Vision] copper_ore at (32, 54, 22) exists but unobtainable — blacklisting exact block
[Vision] Area looks barren/protected — migrating far
[Vision] No usable memory of copper_ore — MIGRATION (200-420m) fresh area → (36, 241)
[Vision] copper_ore at (32, 54, 22) exists but unobtainable — blacklisting exact block
[Vision] Area looks barren/protected — migrating far
[Vision] No usable memory of copper_ore — MIGRATION (200-420m) fresh area → (-76, -140)
[Vision] copper_ore at (32, 54, 22) exists but unobtainable — blacklisting exact block
[Vision] Area looks barren/protected — migrating far
[Vision] No usable memory of copper_ore — MIGRATION (200-420m) fresh area → (181, -107)
[Vision] copper_ore at (32, 54, 22) exists but unobtainable — blacklisting exact block
[Vision] Area looks barren/protected — migrating far
[Vision] No usable memory of copper_ore — MIGRATION (200-420m) fresh area → (218, 119)
[Vision] copper_ore at (32, 54, 22) exists but unobtainable — blacklisting exact block
[Vision] Area looks barren/protected — migrating far
[Vision] No usable memory of copper_ore — MIGRATION (200-420m) fresh area → (252, 39)
[Vision] copper_ore at (32, 54, 22) exists but unobtainable — blacklisting exact block
[Vision] Area looks barren/protected — migrating far
[Vision] No usable memory of copper_ore — MIGRATION (200-420m) fresh area → (-56, 211)
[Vision] copper_ore at (32, 54, 22) exists but unobtainable — blacklisting exact block
[Vision] Area looks barren/protected — migrating far
[Vision] No usable memory of copper_ore — MIGRATION (200-420m) fresh area → (-149, -106)
[Vision] copper_ore at (32, 54, 22) exists but unobtainable — blacklisting exact block
[Vision] Area looks barren/protected — migrating far
[Vision] No usable memory of copper_ore — MIGRATION (200-420m) fresh area → (234, 40)
[Vision] copper_ore at (32, 54, 22) exists but unobtainable — blacklisting exact block
[Vision] Area looks barren/protected — migrating far
[Vision] No usable memory of copper_ore — MIGRATION (200-420m) fresh area → (-41, -184)
[Vision] copper_ore at (32, 54, 22) exists but unobtainable — blacklisting exact block
[Vision] Area looks barren/protected — migrating far
[Vision] No usable memory of copper_ore — MIGRATION (200-420m) fresh area → (-143, 132)
[Vision] copper_ore at (32, 54, 22) exists but unobtainable — blacklisting exact block
[Vision] Area looks barren/protected — migrating far
[Vision] No usable memory of copper_ore — MIGRATION (200-420m) fresh area → (-163, 73)
[Vision] copper_ore at (32, 54, 22) exists but unobtainable — blacklisting exact block
[Vision] Area looks barren/protected — migrating far
[Vision] No usable memory of copper_ore — MIGRATION (200-420m) fresh area → (-145, -109)
[Vision] copper_ore at (32, 54, 22) exists but unobtainable — blacklisting exact block
[Vision] Area looks barren/protected — migrating far
[Vision] No usable memory of copper_ore — MIGRATION (200-420m) fresh area → (-177, 64)
[Vision] copper_ore at (32, 54, 22) exists but unobtainable — blacklisting exact block
[Vision] Area looks barren/protected — migrating far
[Vision] No usable memory of copper_ore — MIGRATION (200-420m) fresh area → (136, -171)
[Vision] copper_ore at (32, 54, 22) exists but unobtainable — blacklisting exact block
[Vision] Area looks barren/protected — migrating far
[Vision] No usable memory of copper_ore — MIGRATION (200-420m) fresh area → (152, -146)
[Vision] copper_ore at (32, 54, 22) exists but unobtainable — blacklisting exact block
[Vision] Area looks barren/protected — migrating far
[Vision] No usable memory of copper_ore — MIGRATION (200-420m) fresh area → (-162, -19)
[Vision] copper_ore at (32, 54, 22) exists but unobtainable — blacklisting exact block
[Vision] Area looks barren/protected — migrating far
[Vision] No usable memory of copper_ore — MIGRATION (200-420m) fresh area → (118, -173)
[Vision] copper_ore at (32, 54, 22) exists but unobtainable — blacklisting exact block
[Vision] Area looks barren/protected — migrating far
[Vision] No usable memory of copper_ore — MIGRATION (200-420m) fresh area → (86, 233)
[Vision] copper_ore at (32, 54, 22) exists but unobtainable — blacklisting exact block
[Vision] Area looks barren/protected — migrating far
[Vision] No usable memory of copper_ore — MIGRATION (200-420m) fresh area → (228, -30)
[Vision] copper_ore at (32, 54, 22) exists but unobtainable — blacklisting exact block
[Vision] Area looks barren/protected — migrating far
[Vision] No usable memory of copper_ore — MIGRATION (200-420m) fresh area → (121, -159)
[Vision] copper_ore at (32, 54, 22) exists but unobtainable — blacklisting exact block
[Vision] Area looks barren/protected — migrating far
[Vision] No usable memory of copper_ore — MIGRATION (200-420m) fresh area → (147, -149)
[Vision] copper_ore at (32, 54, 22) exists but unobtainable — blacklisting exact block
[Vision] Area looks barren/protected — migrating far
[Vision] No usable memory of copper_ore — MIGRATION (200-420m) fresh area → (159, -163)
[Vision] copper_ore at (32, 54, 22) exists but unobtainable — blacklisting exact block
[Vision] Area looks barren/protected — migrating far
[Vision] No usable memory of copper_ore — MIGRATION (200-420m) fresh area → (-26, -180)
[Vision] copper_ore at (32, 54, 22) exists but unobtainable — blacklisting exact block
[Vision] Area looks barren/protected — migrating far
[Vision] No usable memory of copper_ore — MIGRATION (200-420m) fresh area → (226, -88)
[Vision] copper_ore at (32, 54, 22) exists but unobtainable — blacklisting exact block
[Vision] Area looks barren/protected — migrating far
[Vision] No usable memory of copper_ore — MIGRATION (200-420m) fresh area → (268, -9)
[Vision] copper_ore at (32, 54, 22) exists but unobtainable — blacklisting exact block
[Vision] Area looks barren/protected — migrating far
[Vision] No usable memory of copper_ore — MIGRATION (200-420m) fresh area → (270, 126)
[Vision] copper_ore at (32, 54, 22) exists but unobtainable — blacklisting exact block
[Vision] Area looks barren/protected — migrating far
[Vision] No usable memory of copper_ore — MIGRATION (200-420m) fresh area → (200, -96)
[Vision] copper_ore at (32, 54, 22) exists but unobtainable — blacklisting exact block
[Vision] Area looks barren/protected — migrating far
[Vision] No usable memory of copper_ore — MIGRATION (200-420m) fresh area → (-15, 229)
[Vision] copper_ore at (32, 54, 22) exists but unobtainable — blacklisting exact block
[Vision] Area looks barren/protected — migrating far
[Vision] No usable memory of copper_ore — MIGRATION (200-420m) fresh area → (-100, 181)
[Vision] copper_ore at (32, 54, 22) exists but unobtainable — blacklisting exact block
[Vision] Area looks barren/protected — migrating far
[Vision] No usable memory of copper_ore — MIGRATION (200-420m) fresh area → (-96, 209)
[Vision] copper_ore at (32, 54, 22) exists but unobtainable — blacklisting exact block
[Vision] Area looks barren/protected — migrating far
[Vision] No usable memory of copper_ore — MIGRATION (200-420m) fresh area → (71, 231)
[Vision] copper_ore at (32, 54, 22) exists but unobtainable — blacklisting exact block
[Vision] Area looks barren/protected — migrating far
[Vision] No usable memory of copper_ore — MIGRATION (200-420m) fresh area → (-77, -173)
[Vision] copper_ore at (32, 54, 22) exists but unobtainable — blacklisting exact block
[Vision] Area looks barren/protected — migrating far
[Vision] No usable memory of copper_ore — MIGRATION (200-420m) fresh area → (-175, -76)
[Vision] copper_ore at (32, 54, 22) exists but unobtainable — blacklisting exact block
[Vision] Area looks barren/protected — migrating far
[Vision] No usable memory of copper_ore — MIGRATION (200-420m) fresh area → (-175, -11)
[Vision] copper_ore at (32, 54, 22) exists but unobtainable — blacklisting exact block
[Vision] Area looks barren/protected — migrating far
[Vision] No usable memory of copper_ore — MIGRATION (200-420m) fresh area → (-131, 193)
[Vision] copper_ore at (32, 54, 22) exists but unobtainable — blacklisting exact block
[Vision] Area looks barren/protected — migrating far
[Vision] No usable memory of copper_ore — MIGRATION (200-420m) fresh area → (168, -163)
[Vision] copper_ore at (32, 54, 22) exists but unobtainable — blacklisting exact block
[Vision] Area looks barren/protected — migrating far
[Vision] No usable memory of copper_ore — MIGRATION (200-420m) fresh area → (45, 245)
[Vision] copper_ore at (32, 54, 22) exists but unobtainable — blacklisting exact block
[Vision] Area looks barren/protected — migrating far
[Vision] No usable memory of copper_ore — MIGRATION (200-420m) fresh area → (-107, -115)
[Vision] copper_ore at (32, 54, 22) exists but unobtainable — blacklisting exact block
[Vision] Area looks barren/protected — migrating far
[Vision] No usable memory of copper_ore — MIGRATION (200-420m) fresh area → (-199, 7)
[Vision] copper_ore at (32, 54, 22) exists but unobtainable — blacklisting exact block
[Vision] Area looks barren/protected — migrating far
[Vision] No usable memory of copper_ore — MIGRATION (200-420m) fresh area → (214, 117)
[Vision] copper_ore at (32, 54, 22) exists but unobtainable — blacklisting exact block
[Vision] Area looks barren/protected — migrating far
[Vision] No usable memory of copper_ore — MIGRATION (200-420m) fresh area → (-176, 11)
[Vision] copper_ore at (32, 54, 22) exists but unobtainable — blacklisting exact block
[Vision] Area looks barren/protected — migrating far
[Vision] No usable memory of copper_ore — MIGRATION (200-420m) fresh area → (-171, 66)
[Vision] copper_ore at (32, 54, 22) exists but unobtainable — blacklisting exact block
[Vision] Area looks barren/protected — migrating far
[Vision] No usable memory of copper_ore — MIGRATION (200-420m) fresh area → (-64, -164)
[Vision] copper_ore at (32, 54, 22) exists but unobtainable — blacklisting exact block
[Vision] Area looks barren/protected — migrating far
[Vision] No usable memory of copper_ore — MIGRATION (200-420m) fresh area → (-202, 64)
[Vision] copper_ore at (32, 54, 22) exists but unobtainable — blacklisting exact block
[Vision] Area looks barren/protected — migrating far
[Vision] No usable memory of copper_ore — MIGRATION (200-420m) fresh area → (53, -180)
[Vision] copper_ore at (32, 54, 22) exists but unobtainable — blacklisting exact block
[Vision] Area looks barren/protected — migrating far
[Vision] No usable memory of copper_ore — MIGRATION (200-420m) fresh area → (127, -171)
[Vision] copper_ore at (32, 54, 22) exists but unobtainable — blacklisting exact block
[Vision] Area looks barren/protected — migrating far
[Vision] No usable memory of copper_ore — MIGRATION (200-420m) fresh area → (203, -82)
[Vision] copper_ore at (32, 54, 22) exists but unobtainable — blacklisting exact block
[Vision] Area looks barren/protected — migrating far
[Vision] No usable memory of copper_ore — MIGRATION (200-420m) fresh area → (-160, 102)
[Vision] copper_ore at (32, 54, 22) exists but unobtainable — blacklisting exact block
[Vision] Area looks barren/protected — migrating far
[Vision] No usable memory of copper_ore — MIGRATION (200-420m) fresh area → (-51, 254)
[Vision] copper_ore at (32, 54, 22) exists but unobtainable — blacklisting exact block
[Vision] Area looks barren/protected — migrating far
[Vision] No usable memory of copper_ore — MIGRATION (200-420m) fresh area → (-172, -56)
[Vision] copper_ore at (32, 54, 22) exists but unobtainable — blacklisting exact block
[Vision] Area looks barren/protected — migrating far
[Vision] No usable memory of copper_ore — MIGRATION (200-420m) fresh area → (189, 168)
[Vision] copper_ore at (32, 54, 22) exists but unobtainable — blacklisting exact block
[Vision] Area looks barren/protected — migrating far
[Vision] No usable memory of copper_ore — MIGRATION (200-420m) fresh area → (-184, 54)
[Vision] copper_ore at (32, 54, 22) exists but unobtainable — blacklisting exact block
[Vision] Area looks barren/protected — migrating far
[Vision] No usable memory of copper_ore — MIGRATION (200-420m) fresh area → (50, 236)
[Vision] copper_ore at (32, 54, 22) exists but unobtainable — blacklisting exact block
[Vision] Area looks barren/protected — migrating far
[Vision] No usable memory of copper_ore — MIGRATION (200-420m) fresh area → (-148, -62)
[Vision] copper_ore at (32, 54, 22) exists but unobtainable — blacklisting exact block
[Vision] Area looks barren/protected — migrating far
[Vision] No usable memory of copper_ore — MIGRATION (200-420m) fresh area → (-136, 142)
[Vision] copper_ore at (32, 54, 22) exists but unobtainable — blacklisting exact block
[Vision] Area looks barren/protected — migrating far
[Vision] No usable memory of copper_ore — MIGRATION (200-420m) fresh area → (-131, 150)
[Vision] copper_ore at (32, 54, 22) exists but unobtainable — blacklisting exact block
[Vision] Area looks barren/protected — migrating far
[Vision] No usable memory of copper_ore — MIGRATION (200-420m) fresh area → (-51, -213)
[Vision] copper_ore at (32, 54, 22) exists but unobtainable — blacklisting exact block
[Vision] Area looks barren/protected — migrating far
[Vision] No usable memory of copper_ore — MIGRATION (200-420m) fresh area → (221, 95)
[Vision] copper_ore at (32, 54, 22) exists but unobtainable — blacklisting exact block
[Vision] Area looks barren/protected — migrating far
[Vision] No usable memory of copper_ore — MIGRATION (200-420m) fresh area → (147, -144)
[Vision] copper_ore at (32, 54, 22) exists but unobtainable — blacklisting exact block
[Vision] Area looks barren/protected — migrating far
[Vision] No usable memory of copper_ore — MIGRATION (200-420m) fresh area → (221, -60)
[Vision] copper_ore at (32, 54, 22) exists but unobtainable — blacklisting exact block
[Vision] Area looks barren/protected — migrating far
[Vision] No usable memory of copper_ore — MIGRATION (200-420m) fresh area → (202, 141)
[Vision] copper_ore at (32, 54, 22) exists but unobtainable — blacklisting exact block
[Vision] Area looks barren/protected — migrating far
[Vision] No usable memory of copper_ore — MIGRATION (200-420m) fresh area → (-135, 139)
[Vision] copper_ore at (32, 54, 22) exists but unobtainable — blacklisting exact block
[Vision] Area looks barren/protected — migrating far
[Vision] No usable memory of copper_ore — MIGRATION (200-420m) fresh area → (-180, 80)
[Vision] copper_ore at (32, 54, 22) exists but unobtainable — blacklisting exact block
[Vision] Area looks barren/protected — migrating far
[Vision] No usable memory of copper_ore — MIGRATION (200-420m) fresh area → (-32, 227)
[Vision] copper_ore at (32, 54, 22) exists but unobtainable — blacklisting exact block
[Vision] Area looks barren/protected — migrating far
[Vision] No usable memory of copper_ore — MIGRATION (200-420m) fresh area → (129, 205)
[Vision] copper_ore at (32, 54, 22) exists but unobtainable — blacklisting exact block
[Vision] Area looks barren/protected — migrating far
[Vision] No usable memory of copper_ore — MIGRATION (200-420m) fresh area → (-162, -51)
[Vision] copper_ore at (32, 54, 22) exists but unobtainable — blacklisting exact block
[Vision] Area looks barren/protected — migrating far
[Vision] No usable memory of copper_ore — MIGRATION (200-420m) fresh area → (69, -175)
[Vision] copper_ore at (32, 54, 22) exists but unobtainable — blacklisting exact block
[Vision] Area looks barren/protected — migrating far
[Vision] No usable memory of copper_ore — MIGRATION (200-420m) fresh area → (166, -125)
[Vision] copper_ore at (32, 54, 22) exists but unobtainable — blacklisting exact block
[Vision] Area looks barren/protected — migrating far
[Vision] No usable memory of copper_ore — MIGRATION (200-420m) fresh area → (222, -78)
[Vision] copper_ore at (32, 54, 22) exists but unobtainable — blacklisting exact block
[Vision] Area looks barren/protected — migrating far
[Vision] No usable memory of copper_ore — MIGRATION (200-420m) fresh area → (250, -13)
[Vision] copper_ore at (32, 54, 22) exists but unobtainable — blacklisting exact block
[Vision] Area looks barren/protected — migrating far
[Vision] No usable memory of copper_ore — MIGRATION (200-420m) fresh area → (24, -180)
[Vision] copper_ore at (32, 54, 22) exists but unobtainable — blacklisting exact block
[Vision] Area looks barren/protected — migrating far
[Vision] No usable memory of copper_ore — MIGRATION (200-420m) fresh area → (-168, -60)
[Vision] copper_ore at (32, 54, 22) exists but unobtainable — blacklisting exact block
[Vision] Area looks barren/protected — migrating far
[Vision] No usable memory of copper_ore — MIGRATION (200-420m) fresh area → (227, 131)
[Vision] copper_ore at (32, 54, 22) exists but unobtainable — blacklisting exact block
[Vision] Area looks barren/protected — migrating far
[Vision] No usable memory of copper_ore — MIGRATION (200-420m) fresh area → (-180, 53)
[Vision] copper_ore at (32, 54, 22) exists but unobtainable — blacklisting exact block
[Vision] Area looks barren/protected — migrating far
[Vision] No usable memory of copper_ore — MIGRATION (200-420m) fresh area → (243, -17)
[Vision] copper_ore at (32, 54, 22) exists but unobtainable — blacklisting exact block
[Vision] Area looks barren/protected — migrating far
[Vision] No usable memory of copper_ore — MIGRATION (200-420m) fresh area → (62, 237)
[Vision] copper_ore at (32, 54, 22) exists but unobtainable — blacklisting exact block
[Vision] Area looks barren/protected — migrating far
[Vision] No usable memory of copper_ore — MIGRATION (200-420m) fresh area → (-79, 199)
[Vision] copper_ore at (32, 54, 22) exists but unobtainable — blacklisting exact block
[Vision] Area looks barren/protected — migrating far
[Vision] No usable memory of copper_ore — MIGRATION (200-420m) fresh area → (-152, -57)
[Vision] copper_ore at (32, 54, 22) exists but unobtainable — blacklisting exact block
[Vision] Area looks barren/protected — migrating far
[Vision] No usable memory of copper_ore — MIGRATION (200-420m) fresh area → (65, 230)
[Vision] copper_ore at (32, 54, 22) exists but unobtainable — blacklisting exact block
[Vision] Area looks barren/protected — migrating far
[Vision] No usable memory of copper_ore — MIGRATION (200-420m) fresh area → (11, -178)
[Vision] copper_ore at (32, 54, 22) exists but unobtainable — blacklisting exact block
[Vision] Area looks barren/protected — migrating far
[Vision] No usable memory of copper_ore — MIGRATION (200-420m) fresh area → (-162, -27)
[Vision] copper_ore at (32, 54, 22) exists but unobtainable — blacklisting exact block
[Vision] Area looks barren/protected — migrating far
[Vision] No usable memory of copper_ore — MIGRATION (200-420m) fresh area → (-160, 87)
[Vision] copper_ore at (32, 54, 22) exists but unobtainable — blacklisting exact block
[Vision] Area looks barren/protected — migrating far
[Vision] No usable memory of copper_ore — MIGRATION (200-420m) fresh area → (-151, 118)
[Vision] copper_ore at (32, 54, 22) exists but unobtainable — blacklisting exact block
[Vision] Area looks barren/protected — migrating far
[Vision] No usable memory of copper_ore — MIGRATION (200-420m) fresh area → (146, -155)
[Vision] copper_ore at (32, 54, 22) exists but unobtainable — blacklisting exact block
[Vision] Area looks barren/protected — migrating far
[Vision] No usable memory of copper_ore — MIGRATION (200-420m) fresh area → (-129, 192)
[Vision] copper_ore at (32, 54, 22) exists but unobtainable — blacklisting exact block
[Vision] Area looks barren/protected — migrating far
[Vision] No usable memory of copper_ore — MIGRATION (200-420m) fresh area → (-40, -159)
[Vision] copper_ore at (32, 54, 22) exists but unobtainable — blacklisting exact block
[Vision] Area looks barren/protected — migrating far
[Vision] No usable memory of copper_ore — MIGRATION (200-420m) fresh area → (-8, 234)
[Vision] copper_ore at (32, 54, 22) exists but unobtainable — blacklisting exact block
[Vision] Area looks barren/protected — migrating far
[Vision] No usable memory of copper_ore — MIGRATION (200-420m) fresh area → (106, 252)
[Vision] copper_ore at (32, 54, 22) exists but unobtainable — blacklisting exact block
[Vision] Area looks barren/protected — migrating far
[Vision] No usable memory of copper_ore — MIGRATION (200-420m) fresh area → (-156, -39)
[Vision] copper_ore at (32, 54, 22) exists but unobtainable — blacklisting exact block
[Vision] Area looks barren/protected — migrating far
[Vision] No usable memory of copper_ore — MIGRATION (200-420m) fresh area → (235, 7)
[Vision] copper_ore at (32, 54, 22) exists but unobtainable — blacklisting exact block
[Vision] Area looks barren/protected — migrating far
[Vision] No usable memory of copper_ore — MIGRATION (200-420m) fresh area → (-172, -13)
[Vision] copper_ore at (32, 54, 22) exists but unobtainable — blacklisting exact block
[Vision] Area looks barren/protected — migrating far
[Vision] No usable memory of copper_ore — MIGRATION (200-420m) fresh area → (192, -130)
[Vision] copper_ore at (32, 54, 22) exists but unobtainable — blacklisting exact block
[Vision] Area looks barren/protected — migrating far
[Vision] No usable memory of copper_ore — MIGRATION (200-420m) fresh area → (56, -179)
[Vision] copper_ore at (32, 54, 22) exists but unobtainable — blacklisting exact block
[Vision] Area looks barren/protected — migrating far
[Vision] No usable memory of copper_ore — MIGRATION (200-420m) fresh area → (281, 124)
[Vision] copper_ore at (32, 54, 22) exists but unobtainable — blacklisting exact block
[Vision] Area looks barren/protected — migrating far
[Vision] No usable memory of copper_ore — MIGRATION (200-420m) fresh area → (-168, 76)
[Vision] copper_ore at (32, 54, 22) exists but unobtainable — blacklisting exact block
[Vision] Area looks barren/protected — migrating far
[Vision] No usable memory of copper_ore — MIGRATION (200-420m) fresh area → (-41, -160)
[Vision] copper_ore at (32, 54, 22) exists but unobtainable — blacklisting exact block
[Vision] Area looks barren/protected — migrating far
[Vision] No usable memory of copper_ore — MIGRATION (200-420m) fresh area → (48, 232)
[Vision] copper_ore at (32, 54, 22) exists but unobtainable — blacklisting exact block
[Vision] Area looks barren/protected — migrating far
[Vision] No usable memory of copper_ore — MIGRATION (200-420m) fresh area → (74, -191)
[Vision] copper_ore at (32, 54, 22) exists but unobtainable — blacklisting exact block
[Vision] Area looks barren/protected — migrating far
[Vision] No usable memory of copper_ore — MIGRATION (200-420m) fresh area → (177, -149)
[Vision] copper_ore at (32, 54, 22) exists but unobtainable — blacklisting exact block
[Vision] Area looks barren/protected — migrating far
[Vision] No usable memory of copper_ore — MIGRATION (200-420m) fresh area → (130, 230)
[Vision] copper_ore at (32, 54, 22) exists but unobtainable — blacklisting exact block
[Vision] Area looks barren/protected — migrating far
[Vision] No usable memory of copper_ore — MIGRATION (200-420m) fresh area → (-3, -185)
[Vision] copper_ore at (32, 54, 22) exists but unobtainable — blacklisting exact block
[Vision] Area looks barren/protected — migrating far
[Vision] No usable memory of copper_ore — MIGRATION (200-420m) fresh area → (-28, 291)
[Vision] copper_ore at (32, 54, 22) exists but unobtainable — blacklisting exact block
[Vision] Area looks barren/protected — migrating far
[Vision] No usable memory of copper_ore — MIGRATION (200-420m) fresh area → (58, 239)
[Vision] copper_ore at (32, 54, 22) exists but unobtainable — blacklisting exact block
[Vision] Area looks barren/protected — migrating far
[Vision] No usable memory of copper_ore — MIGRATION (200-420m) fresh area → (-56, 210)
[Vision] copper_ore at (32, 54, 22) exists but unobtainable — blacklisting exact block
[Vision] Area looks barren/protected — migrating far
[Vision] No usable memory of copper_ore — MIGRATION (200-420m) fresh area → (209, -71)
[Vision] copper_ore at (32, 54, 22) exists but unobtainable — blacklisting exact block
[Vision] Area looks barren/protected — migrating far
[Vision] No usable memory of copper_ore — MIGRATION (200-420m) fresh area → (-55, 226)
[Vision] copper_ore at (32, 54, 22) exists but unobtainable — blacklisting exact block
[Vision] Area looks barren/protected — migrating far
[Vision] No usable memory of copper_ore — MIGRATION (200-420m) fresh area → (-8, 226)
[Vision] copper_ore at (32, 54, 22) exists but unobtainable — blacklisting exact block
[Vision] Area looks barren/protected — migrating far
[Vision] No usable memory of copper_ore — MIGRATION (200-420m) fresh area → (-129, 166)
[Vision] copper_ore at (32, 54, 22) exists but unobtainable — blacklisting exact block
[Vision] Area looks barren/protected — migrating far
[Vision] No usable memory of copper_ore — MIGRATION (200-420m) fresh area → (178, 181)
[Vision] copper_ore at (32, 54, 22) exists but unobtainable — blacklisting exact block
[Vision] Area looks barren/protected — migrating far
[Vision] No usable memory of copper_ore — MIGRATION (200-420m) fresh area → (-153, -82)
[Vision] copper_ore at (32, 54, 22) exists but unobtainable — blacklisting exact block
[Vision] Area looks barren/protected — migrating far
[Vision] No usable memory of copper_ore — MIGRATION (200-420m) fresh area → (-103, -125)
[Vision] copper_ore at (32, 54, 22) exists but unobtainable — blacklisting exact block
[Vision] Area looks barren/protected — migrating far
[Vision] No usable memory of copper_ore — MIGRATION (200-420m) fresh area → (-140, 151)
[Vision] copper_ore at (32, 54, 22) exists but unobtainable — blacklisting exact block
[Vision] Area looks barren/protected — migrating far
[Vision] No usable memory of copper_ore — MIGRATION (200-420m) fresh area → (-20, 240)
[Vision] copper_ore at (32, 54, 22) exists but unobtainable — blacklisting exact block
[Vision] Area looks barren/protected — migrating far
[Vision] No usable memory of copper_ore — MIGRATION (200-420m) fresh area → (-85, -152)
[Vision] copper_ore at (32, 54, 22) exists but unobtainable — blacklisting exact block
[Vision] Area looks barren/protected — migrating far
[Vision] No usable memory of copper_ore — MIGRATION (200-420m) fresh area → (-150, 165)
[Vision] copper_ore at (32, 54, 22) exists but unobtainable — blacklisting exact block
[Vision] Area looks barren/protected — migrating far
[Vision] No usable memory of copper_ore — MIGRATION (200-420m) fresh area → (-167, 45)
[Vision] copper_ore at (32, 54, 22) exists but unobtainable — blacklisting exact block
[Vision] Area looks barren/protected — migrating far
[Vision] No usable memory of copper_ore — MIGRATION (200-420m) fresh area → (21, -212)
[Vision] copper_ore at (32, 54, 22) exists but unobtainable — blacklisting exact block
[Vision] Area looks barren/protected — migrating far
[Vision] No usable memory of copper_ore — MIGRATION (200-420m) fresh area → (181, 219)
[Vision] copper_ore at (32, 54, 22) exists but unobtainable — blacklisting exact block
[Vision] Area looks barren/protected — migrating far
[Vision] No usable memory of copper_ore — MIGRATION (200-420m) fresh area → (67, -173)
[Vision] copper_ore at (32, 54, 22) exists but unobtainable — blacklisting exact block
[Vision] Area looks barren/protected — migrating far
[Vision] No usable memory of copper_ore — MIGRATION (200-420m) fresh area → (128, 211)
[Vision] copper_ore at (32, 54, 22) exists but unobtainable — blacklisting exact block
[Vision] Area looks barren/protected — migrating far
[Vision] No usable memory of copper_ore — MIGRATION (200-420m) fresh area → (131, 203)
[Vision] copper_ore at (32, 54, 22) exists but unobtainable — blacklisting exact block
[Vision] Area looks barren/protected — migrating far
[Vision] No usable memory of copper_ore — MIGRATION (200-420m) fresh area → (-22, 222)
[Vision] copper_ore at (32, 54, 22) exists but unobtainable — blacklisting exact block
[Vision] Area looks barren/protected — migrating far
[Vision] No usable memory of copper_ore — MIGRATION (200-420m) fresh area → (-192, 19)
[Vision] copper_ore at (32, 54, 22) exists but unobtainable — blacklisting exact block
[Vision] Area looks barren/protected — migrating far
[Vision] No usable memory of copper_ore — MIGRATION (200-420m) fresh area → (-96, -127)
[Vision] copper_ore at (32, 54, 22) exists but unobtainable — blacklisting exact block
[Vision] Area looks barren/protected — migrating far
[Vision] No usable memory of copper_ore — MIGRATION (200-420m) fresh area → (-60, 213)
[Vision] copper_ore at (32, 54, 22) exists but unobtainable — blacklisting exact block
[Vision] Area looks barren/protected — migrating far
[Vision] No usable memory of copper_ore — MIGRATION (200-420m) fresh area → (20, 235)
[Vision] copper_ore at (32, 54, 22) exists but unobtainable — blacklisting exact block
[Vision] Area looks barren/protected — migrating far
[Vision] No usable memory of copper_ore — MIGRATION (200-420m) fresh area → (244, 56)
[Vision] copper_ore at (32, 54, 22) exists but unobtainable — blacklisting exact block
[Vision] Area looks barren/protected — migrating far
[Vision] No usable memory of copper_ore — MIGRATION (200-420m) fresh area → (13, 247)
[Vision] copper_ore at (32, 54, 22) exists but unobtainable — blacklisting exact block
[Vision] Area looks barren/protected — migrating far
[Vision] No usable memory of copper_ore — MIGRATION (200-420m) fresh area → (72, -208)
[Vision] copper_ore at (32, 54, 22) exists but unobtainable — blacklisting exact block
[Vision] Area looks barren/protected — migrating far
[Vision] No usable memory of copper_ore — MIGRATION (200-420m) fresh area → (-135, 166)
[Vision] copper_ore at (32, 54, 22) exists but unobtainable — blacklisting exact block
[Vision] Area looks barren/protected — migrating far
[Vision] No usable memory of copper_ore — MIGRATION (200-420m) fresh area → (227, -42)
[Vision] copper_ore at (32, 54, 22) exists but unobtainable — blacklisting exact block
[Vision] Area looks barren/protected — migrating far
[Vision] No usable memory of copper_ore — MIGRATION (200-420m) fresh area → (80, 249)
[Vision] copper_ore at (32, 54, 22) exists but unobtainable — blacklisting exact block
[Vision] Area looks barren/protected — migrating far
[Vision] No usable memory of copper_ore — MIGRATION (200-420m) fresh area → (115, -190)
[Vision] copper_ore at (32, 54, 22) exists but unobtainable — blacklisting exact block
[Vision] Area looks barren/protected — migrating far
[Vision] No usable memory of copper_ore — MIGRATION (200-420m) fresh area → (-104, -121)
[Vision] copper_ore at (32, 54, 22) exists but unobtainable — blacklisting exact block
[Vision] Area looks barren/protected — migrating far
[Vision] No usable memory of copper_ore — MIGRATION (200-420m) fresh area → (186, -100)
[Vision] copper_ore at (32, 54, 22) exists but unobtainable — blacklisting exact block
[Vision] Area looks barren/protected — migrating far
[Vision] No usable memory of copper_ore — MIGRATION (200-420m) fresh area → (222, 114)
[Vision] copper_ore at (32, 54, 22) exists but unobtainable — blacklisting exact block
[Vision] Area looks barren/protected — migrating far
[Vision] No usable memory of copper_ore — MIGRATION (200-420m) fresh area → (223, -51)
[Vision] copper_ore at (32, 54, 22) exists but unobtainable — blacklisting exact block
[Vision] Area looks barren/protected — migrating far
[Vision] No usable memory of copper_ore — MIGRATION (200-420m) fresh area → (-111, -121)
[Vision] copper_ore at (32, 54, 22) exists but unobtainable — blacklisting exact block
[Vision] Area looks barren/protected — migrating far
[Vision] No usable memory of copper_ore — MIGRATION (200-420m) fresh area → (-187, 61)
[Vision] copper_ore at (32, 54, 22) exists but unobtainable — blacklisting exact block
[Vision] Area looks barren/protected — migrating far
[Vision] No usable memory of copper_ore — MIGRATION (200-420m) fresh area → (-180, 0)
[Vision] copper_ore at (32, 54, 22) exists but unobtainable — blacklisting exact block
[Vision] Area looks barren/protected — migrating far
[Vision] No usable memory of copper_ore — MIGRATION (200-420m) fresh area → (70, 292)
[Vision] copper_ore at (32, 54, 22) exists but unobtainable — blacklisting exact block
[Vision] Area looks barren/protected — migrating far
[Vision] No usable memory of copper_ore — MIGRATION (200-420m) fresh area → (-71, -186)
[Vision] copper_ore at (32, 54, 22) exists but unobtainable — blacklisting exact block
[Vision] Area looks barren/protected — migrating far
[Vision] No usable memory of copper_ore — MIGRATION (200-420m) fresh area → (185, 164)
[Vision] copper_ore at (32, 54, 22) exists but unobtainable — blacklisting exact block
[Vision] Area looks barren/protected — migrating far
[Vision] No usable memory of copper_ore — MIGRATION (200-420m) fresh area → (-18, -171)
[Vision] copper_ore at (32, 54, 22) exists but unobtainable — blacklisting exact block
[Vision] Area looks barren/protected — migrating far
[Vision] No usable memory of copper_ore — MIGRATION (200-420m) fresh area → (112, 212)
[Vision] copper_ore at (32, 54, 22) exists but unobtainable — blacklisting exact block
[Vision] Area looks barren/protected — migrating far
[Vision] No usable memory of copper_ore — MIGRATION (200-420m) fresh area → (203, -100)
[Vision] copper_ore at (32, 54, 22) exists but unobtainable — blacklisting exact block
[Vision] Area looks barren/protected — migrating far
[Vision] No usable memory of copper_ore — MIGRATION (200-420m) fresh area → (-57, -153)
[Vision] copper_ore at (32, 54, 22) exists but unobtainable — blacklisting exact block
[Vision] Area looks barren/protected — migrating far
[Vision] No usable memory of copper_ore — MIGRATION (200-420m) fresh area → (-48, 215)
[Vision] copper_ore at (32, 54, 22) exists but unobtainable — blacklisting exact block
[Vision] Area looks barren/protected — migrating far
[Vision] No usable memory of copper_ore — MIGRATION (200-420m) fresh area → (226, -59)
[Vision] copper_ore at (32, 54, 22) exists but unobtainable — blacklisting exact block
[Vision] Area looks barren/protected — migrating far
[Vision] No usable memory of copper_ore — MIGRATION (200-420m) fresh area → (174, 170)
[Vision] copper_ore at (32, 54, 22) exists but unobtainable — blacklisting exact block
[Vision] Area looks barren/protected — migrating far
[Vision] No usable memory of copper_ore — MIGRATION (200-420m) fresh area → (57, -184)
[Vision] copper_ore at (32, 54, 22) exists but unobtainable — blacklisting exact block
[Vision] Area looks barren/protected — migrating far
[Vision] No usable memory of copper_ore — MIGRATION (200-420m) fresh area → (218, 106)
[Vision] copper_ore at (32, 54, 22) exists but unobtainable — blacklisting exact block
[Vision] Area looks barren/protected — migrating far
[Vision] No usable memory of copper_ore — MIGRATION (200-420m) fresh area → (232, 159)
[Vision] copper_ore at (32, 54, 22) exists but unobtainable — blacklisting exact block
[Vision] Area looks barren/protected — migrating far
[Vision] No usable memory of copper_ore — MIGRATION (200-420m) fresh area → (-85, 195)
[Vision] copper_ore at (32, 54, 22) exists but unobtainable — blacklisting exact block
[Vision] Area looks barren/protected — migrating far
[Vision] No usable memory of copper_ore — MIGRATION (200-420m) fresh area → (-37, -167)
[Vision] copper_ore at (32, 54, 22) exists but unobtainable — blacklisting exact block
[Vision] Area looks barren/protected — migrating far
[Vision] No usable memory of copper_ore — MIGRATION (200-420m) fresh area → (29, 244)
[Vision] copper_ore at (32, 54, 22) exists but unobtainable — blacklisting exact block
[Vision] Area looks barren/protected — migrating far
[Vision] No usable memory of copper_ore — MIGRATION (200-420m) fresh area → (241, 111)
[Vision] copper_ore at (32, 54, 22) exists but unobtainable — blacklisting exact block
[Vision] Area looks barren/protected — migrating far
[Vision] No usable memory of copper_ore — MIGRATION (200-420m) fresh area → (239, -38)
[Vision] copper_ore at (32, 54, 22) exists but unobtainable — blacklisting exact block
[Vision] Area looks barren/protected — migrating far
[Vision] No usable memory of copper_ore — MIGRATION (200-420m) fresh area → (-161, -126)
[Vision] copper_ore at (32, 54, 22) exists but unobtainable — blacklisting exact block
[Vision] Area looks barren/protected — migrating far
[Vision] No usable memory of copper_ore — MIGRATION (200-420m) fresh area → (160, -128)
[Vision] copper_ore at (32, 54, 22) exists but unobtainable — blacklisting exact block
[Vision] Area looks barren/protected — migrating far
[Vision] No usable memory of copper_ore — MIGRATION (200-420m) fresh area → (-168, 54)
[Vision] copper_ore at (32, 54, 22) exists but unobtainable — blacklisting exact block
[Vision] Area looks barren/protected — migrating far
[Vision] No usable memory of copper_ore — MIGRATION (200-420m) fresh area → (-189, 68)
[Vision] copper_ore at (32, 54, 22) exists but unobtainable — blacklisting exact block
[Vision] Area looks barren/protected — migrating far
[Vision] No usable memory of copper_ore — MIGRATION (200-420m) fresh area → (220, 112)
[Vision] copper_ore at (32, 54, 22) exists but unobtainable — blacklisting exact block
[Vision] Area looks barren/protected — migrating far
[Vision] No usable memory of copper_ore — MIGRATION (200-420m) fresh area → (213, 123)
[Vision] copper_ore at (32, 54, 22) exists but unobtainable — blacklisting exact block
[Vision] Area looks barren/protected — migrating far
[Vision] No usable memory of copper_ore — MIGRATION (200-420m) fresh area → (-193, -24)
[Vision] copper_ore at (32, 54, 22) exists but unobtainable — blacklisting exact block
[Vision] Area looks barren/protected — migrating far
[Vision] No usable memory of copper_ore — MIGRATION (200-420m) fresh area → (-74, 205)
[Vision] copper_ore at (32, 54, 22) exists but unobtainable — blacklisting exact block
[Vision] Area looks barren/protected — migrating far
[Vision] No usable memory of copper_ore — MIGRATION (200-420m) fresh area → (-180, 6)
[Vision] copper_ore at (32, 54, 22) exists but unobtainable — blacklisting exact block
[Vision] Area looks barren/protected — migrating far
[Vision] No usable memory of copper_ore — MIGRATION (200-420m) fresh area → (-83, -140)
[Vision] copper_ore at (32, 54, 22) exists but unobtainable — blacklisting exact block
[Vision] Area looks barren/protected — migrating far
[Vision] No usable memory of copper_ore — MIGRATION (200-420m) fresh area → (29, -172)
[Vision] copper_ore at (32, 54, 22) exists but unobtainable — blacklisting exact block
[Vision] Area looks barren/protected — migrating far
[Vision] No usable memory of copper_ore — MIGRATION (200-420m) fresh area → (144, 197)
[Vision] copper_ore at (32, 54, 22) exists but unobtainable — blacklisting exact block
[Vision] Area looks barren/protected — migrating far
[Vision] No usable memory of copper_ore — MIGRATION (200-420m) fresh area → (-72, -161)
[Vision] copper_ore at (32, 54, 22) exists but unobtainable — blacklisting exact block
[Vision] Area looks barren/protected — migrating far
[Vision] No usable memory of copper_ore — MIGRATION (200-420m) fresh area → (-172, -10)
[Vision] copper_ore at (32, 54, 22) exists but unobtainable — blacklisting exact block
[Vision] Area looks barren/protected — migrating far
[Vision] No usable memory of copper_ore — MIGRATION (200-420m) fresh area → (-87, 228)
[Vision] copper_ore at (32, 54, 22) exists but unobtainable — blacklisting exact block
[Vision] Area looks barren/protected — migrating far
[Vision] No usable memory of copper_ore — MIGRATION (200-420m) fresh area → (-25, 234)
[Vision] copper_ore at (32, 54, 22) exists but unobtainable — blacklisting exact block
[Vision] Area looks barren/protected — migrating far
[Vision] No usable memory of copper_ore — MIGRATION (200-420m) fresh area → (-136, -103)
[Vision] copper_ore at (32, 54, 22) exists but unobtainable — blacklisting exact block
[Vision] Area looks barren/protected — migrating far
[Vision] No usable memory of copper_ore — MIGRATION (200-420m) fresh area → (133, 229)
[Vision] copper_ore at (32, 54, 22) exists but unobtainable — blacklisting exact block
[Vision] Area looks barren/protected — migrating far
[Vision] No usable memory of copper_ore — MIGRATION (200-420m) fresh area → (-111, 172)
[Vision] copper_ore at (32, 54, 22) exists but unobtainable — blacklisting exact block
[Vision] Area looks barren/protected — migrating far
[Vision] No usable memory of copper_ore — MIGRATION (200-420m) fresh area → (-72, -153)
[Vision] copper_ore at (32, 54, 22) exists but unobtainable — blacklisting exact block
[Vision] Area looks barren/protected — migrating far
[Vision] No usable memory of copper_ore — MIGRATION (200-420m) fresh area → (217, 153)
[Vision] copper_ore at (32, 54, 22) exists but unobtainable — blacklisting exact block
[Vision] Area looks barren/protected — migrating far
[Vision] No usable memory of copper_ore — MIGRATION (200-420m) fresh area → (-66, -159)
[Vision] copper_ore at (32, 54, 22) exists but unobtainable — blacklisting exact block
[Vision] Area looks barren/protected — migrating far
[Vision] No usable memory of copper_ore — MIGRATION (200-420m) fresh area → (-173, 49)
[Vision] copper_ore at (32, 54, 22) exists but unobtainable — blacklisting exact block
[Vision] Area looks barren/protected — migrating far
[Vision] No usable memory of copper_ore — MIGRATION (200-420m) fresh area → (-166, 82)
[Vision] copper_ore at (32, 54, 22) exists but unobtainable — blacklisting exact block
[Vision] Area looks barren/protected — migrating far
[Vision] No usable memory of copper_ore — MIGRATION (200-420m) fresh area → (163, 195)
[Vision] copper_ore at (32, 54, 22) exists but unobtainable — blacklisting exact block
[Vision] Area looks barren/protected — migrating far
[Vision] No usable memory of copper_ore — MIGRATION (200-420m) fresh area → (214, -76)
[Vision] copper_ore at (32, 54, 22) exists but unobtainable — blacklisting exact block
[Vision] Area looks barren/protected — migrating far
[Vision] No usable memory of copper_ore — MIGRATION (200-420m) fresh area → (240, -1)
[Vision] copper_ore at (32, 54, 22) exists but unobtainable — blacklisting exact block
[Vision] Area looks barren/protected — migrating far
[Vision] No usable memory of copper_ore — MIGRATION (200-420m) fresh area → (192, -121)
[Vision] copper_ore at (32, 54, 22) exists but unobtainable — blacklisting exact block
[Vision] Area looks barren/protected — migrating far
[Vision] No usable memory of copper_ore — MIGRATION (200-420m) fresh area → (167, -121)
[Vision] copper_ore at (32, 54, 22) exists but unobtainable — blacklisting exact block
[Vision] Area looks barren/protected — migrating far
[Vision] No usable memory of copper_ore — MIGRATION (200-420m) fresh area → (-153, 111)
[Vision] copper_ore at (32, 54, 22) exists but unobtainable — blacklisting exact block
[Vision] Area looks barren/protected — migrating far
[Vision] No usable memory of copper_ore — MIGRATION (200-420m) fresh area → (-74, -154)
[Vision] copper_ore at (32, 54, 22) exists but unobtainable — blacklisting exact block
[Vision] Area looks barren/protected — migrating far
[Vision] No usable memory of copper_ore — MIGRATION (200-420m) fresh area → (19, 235)
[Vision] copper_ore at (32, 54, 22) exists but unobtainable — blacklisting exact block
[Vision] Area looks barren/protected — migrating far
[Vision] No usable memory of copper_ore — MIGRATION (200-420m) fresh area → (115, -159)
[Vision] copper_ore at (32, 54, 22) exists but unobtainable — blacklisting exact block
[Vision] Area looks barren/protected — migrating far
[Vision] No usable memory of copper_ore — MIGRATION (200-420m) fresh area → (-135, 176)
[Vision] copper_ore at (32, 54, 22) exists but unobtainable — blacklisting exact block
[Vision] Area looks barren/protected — migrating far
[Vision] No usable memory of copper_ore — MIGRATION (200-420m) fresh area → (225, -40)
[Vision] copper_ore at (32, 54, 22) exists but unobtainable — blacklisting exact block
[Vision] Area looks barren/protected — migrating far
[Vision] No usable memory of copper_ore — MIGRATION (200-420m) fresh area → (-24, 223)
[Vision] copper_ore at (32, 54, 22) exists but unobtainable — blacklisting exact block
[Vision] Area looks barren/protected — migrating far
[Vision] No usable memory of copper_ore — MIGRATION (200-420m) fresh area → (236, 27)
[Vision] copper_ore at (32, 54, 22) exists but unobtainable — blacklisting exact block
[Vision] Area looks barren/protected — migrating far
[Vision] No usable memory of copper_ore — MIGRATION (200-420m) fresh area → (-188, -21)
[Vision] copper_ore at (32, 54, 22) exists but unobtainable — blacklisting exact block
[Vision] Area looks barren/protected — migrating far
[Vision] No usable memory of copper_ore — MIGRATION (200-420m) fresh area → (-151, 124)
[Vision] copper_ore at (32, 54, 22) exists but unobtainable — blacklisting exact block
[Vision] Area looks barren/protected — migrating far
[Vision] No usable memory of copper_ore — MIGRATION (200-420m) fresh area → (146, -145)
[Vision] copper_ore at (32, 54, 22) exists but unobtainable — blacklisting exact block
[Vision] Area looks barren/protected — migrating far
[Vision] No usable memory of copper_ore — MIGRATION (200-420m) fresh area → (120, -161)
[Vision] copper_ore at (32, 54, 22) exists but unobtainable — blacklisting exact block
[Vision] Area looks barren/protected — migrating far
[Vision] No usable memory of copper_ore — MIGRATION (200-420m) fresh area → (-76, -163)
[Vision] copper_ore at (32, 54, 22) exists but unobtainable — blacklisting exact block
[Vision] Area looks barren/protected — migrating far
[Vision] No usable memory of copper_ore — MIGRATION (200-420m) fresh area → (-19, 228)
[Vision] copper_ore at (32, 54, 22) exists but unobtainable — blacklisting exact block
[Vision] Area looks barren/protected — migrating far
[Vision] No usable memory of copper_ore — MIGRATION (200-420m) fresh area → (202, 155)
[Vision] copper_ore at (32, 54, 22) exists but unobtainable — blacklisting exact block
[Vision] Area looks barren/protected — migrating far
[Vision] No usable memory of copper_ore — MIGRATION (200-420m) fresh area → (51, -191)
[Vision] copper_ore at (32, 54, 22) exists but unobtainable — blacklisting exact block
[Vision] Area looks barren/protected — migrating far
[Vision] No usable memory of copper_ore — MIGRATION (200-420m) fresh area → (-118, 163)
[Vision] copper_ore at (32, 54, 22) exists but unobtainable — blacklisting exact block
[Vision] Area looks barren/protected — migrating far
[Vision] No usable memory of copper_ore — MIGRATION (200-420m) fresh area → (130, 230)
[Vision] copper_ore at (32, 54, 22) exists but unobtainable — blacklisting exact block
[Vision] Area looks barren/protected — migrating far
[Vision] No usable memory of copper_ore — MIGRATION (200-420m) fresh area → (-139, 170)
[Vision] copper_ore at (32, 54, 22) exists but unobtainable — blacklisting exact block
[Vision] Area looks barren/protected — migrating far
[Vision] No usable memory of copper_ore — MIGRATION (200-420m) fresh area → (236, 88)
[Vision] copper_ore at (32, 54, 22) exists but unobtainable — blacklisting exact block
[Vision] Area looks barren/protected — migrating far
[Vision] No usable memory of copper_ore — MIGRATION (200-420m) fresh area → (233, -12)
[Vision] copper_ore at (32, 54, 22) exists but unobtainable — blacklisting exact block
[Vision] Area looks barren/protected — migrating far
[Vision] No usable memory of copper_ore — MIGRATION (200-420m) fresh area → (266, -2)
[Vision] copper_ore at (32, 54, 22) exists but unobtainable — blacklisting exact block
[Vision] Area looks barren/protected — migrating far
[Vision] No usable memory of copper_ore — MIGRATION (200-420m) fresh area → (-221, 62)
[Vision] copper_ore at (32, 54, 22) exists but unobtainable — blacklisting exact block
[Vision] Area looks barren/protected — migrating far
[Vision] No usable memory of copper_ore — MIGRATION (200-420m) fresh area → (95, 220)
[Vision] copper_ore at (32, 54, 22) exists but unobtainable — blacklisting exact block
[Vision] Area looks barren/protected — migrating far
[Vision] No usable memory of copper_ore — MIGRATION (200-420m) fresh area → (-97, 246)
[Vision] copper_ore at (32, 54, 22) exists but unobtainable — blacklisting exact block
[Vision] Area looks barren/protected — migrating far
[Vision] No usable memory of copper_ore — MIGRATION (200-420m) fresh area → (-172, 66)
[Vision] copper_ore at (32, 54, 22) exists but unobtainable — blacklisting exact block
[Vision] Area looks barren/protected — migrating far
[Vision] No usable memory of copper_ore — MIGRATION (200-420m) fresh area → (-33, 223)
[Vision] copper_ore at (32, 54, 22) exists but unobtainable — blacklisting exact block
[Vision] Area looks barren/protected — migrating far
[Vision] No usable memory of copper_ore — MIGRATION (200-420m) fresh area → (-173, 52)
[Vision] copper_ore at (32, 54, 22) exists but unobtainable — blacklisting exact block
[Vision] Area looks barren/protected — migrating far
[Vision] No usable memory of copper_ore — MIGRATION (200-420m) fresh area → (97, 240)
[Vision] copper_ore at (32, 54, 22) exists but unobtainable — blacklisting exact block
[Vision] Area looks barren/protected — migrating far
[Vision] No usable memory of copper_ore — MIGRATION (200-420m) fresh area → (-169, -20)
[Vision] copper_ore at (32, 54, 22) exists but unobtainable — blacklisting exact block
[Vision] Area looks barren/protected — migrating far
[Vision] No usable memory of copper_ore — MIGRATION (200-420m) fresh area → (-112, -123)
[Vision] copper_ore at (32, 54, 22) exists but unobtainable — blacklisting exact block
[Vision] Area looks barren/protected — migrating far
[Vision] No usable memory of copper_ore — MIGRATION (200-420m) fresh area → (-132, 153)
[Vision] copper_ore at (32, 54, 22) exists but unobtainable — blacklisting exact block
[Vision] Area looks barren/protected — migrating far
[Vision] No usable memory of copper_ore — MIGRATION (200-420m) fresh area → (-42, 242)
[Vision] copper_ore at (32, 54, 22) exists but unobtainable — blacklisting exact block
[Vision] Area looks barren/protected — migrating far
[Vision] No usable memory of copper_ore — MIGRATION (200-420m) fresh area → (-167, 13)
[Vision] copper_ore at (32, 54, 22) exists but unobtainable — blacklisting exact block
[Vision] Area looks barren/protected — migrating far
[Vision] No usable memory of copper_ore — MIGRATION (200-420m) fresh area → (-129, -134)
[Vision] copper_ore at (32, 54, 22) exists but unobtainable — blacklisting exact block
[Vision] Area looks barren/protected — migrating far
[Vision] No usable memory of copper_ore — MIGRATION (200-420m) fresh area → (207, 144)
[Vision] copper_ore at (32, 54, 22) exists but unobtainable — blacklisting exact block
[Vision] Area looks barren/protected — migrating far
[Vision] No usable memory of copper_ore — MIGRATION (200-420m) fresh area → (-106, 232)
[Vision] copper_ore at (32, 54, 22) exists but unobtainable — blacklisting exact block
[Vision] Area looks barren/protected — migrating far
[Vision] No usable memory of copper_ore — MIGRATION (200-420m) fresh area → (-174, 111)
[Vision] copper_ore at (32, 54, 22) exists but unobtainable — blacklisting exact block
[Vision] Area looks barren/protected — migrating far
[Vision] No usable memory of copper_ore — MIGRATION (200-420m) fresh area → (-3, 240)
[Vision] copper_ore at (32, 54, 22) exists but unobtainable — blacklisting exact block
[Vision] Area looks barren/protected — migrating far
[Vision] No usable memory of copper_ore — MIGRATION (200-420m) fresh area → (169, -153)
[Vision] copper_ore at (32, 54, 22) exists but unobtainable — blacklisting exact block
[Vision] Area looks barren/protected — migrating far
[Vision] No usable memory of copper_ore — MIGRATION (200-420m) fresh area → (68, 252)
[Vision] copper_ore at (32, 54, 22) exists but unobtainable — blacklisting exact block
[Vision] Area looks barren/protected — migrating far
[Vision] No usable memory of copper_ore — MIGRATION (200-420m) fresh area → (198, 151)
[Vision] copper_ore at (32, 54, 22) exists but unobtainable — blacklisting exact block
[Vision] Area looks barren/protected — migrating far
[Vision] No usable memory of copper_ore — MIGRATION (200-420m) fresh area → (171, 199)
[Vision] copper_ore at (32, 54, 22) exists but unobtainable — blacklisting exact block
[Vision] Area looks barren/protected — migrating far
[Vision] No usable memory of copper_ore — MIGRATION (200-420m) fresh area → (124, -156)
[Vision] copper_ore at (32, 54, 22) exists but unobtainable — blacklisting exact block
[Vision] Area looks barren/protected — migrating far
[Vision] No usable memory of copper_ore — MIGRATION (200-420m) fresh area → (252, 69)
[Vision] copper_ore at (32, 54, 22) exists but unobtainable — blacklisting exact block
[Vision] Area looks barren/protected — migrating far
[Vision] No usable memory of copper_ore — MIGRATION (200-420m) fresh area → (239, 15)
[Vision] copper_ore at (32, 54, 22) exists but unobtainable — blacklisting exact block
[Vision] Area looks barren/protected — migrating far
[Vision] No usable memory of copper_ore — MIGRATION (200-420m) fresh area → (141, -145)
[Vision] copper_ore at (32, 54, 22) exists but unobtainable — blacklisting exact block
[Vision] Area looks barren/protected — migrating far
[Vision] No usable memory of copper_ore — MIGRATION (200-420m) fresh area → (210, -84)
[Vision] copper_ore at (32, 54, 22) exists but unobtainable — blacklisting exact block
[Vision] Area looks barren/protected — migrating far
[Vision] No usable memory of copper_ore — MIGRATION (200-420m) fresh area → (202, -91)
[Vision] copper_ore at (32, 54, 22) exists but unobtainable — blacklisting exact block
[Vision] Area looks barren/protected — migrating far
[Vision] No usable memory of copper_ore — MIGRATION (200-420m) fresh area → (-167, -3)
[Vision] copper_ore at (32, 54, 22) exists but unobtainable — blacklisting exact block
[Vision] Area looks barren/protected — migrating far
[Vision] No usable memory of copper_ore — MIGRATION (200-420m) fresh area → (215, -62)
[Vision] copper_ore at (32, 54, 22) exists but unobtainable — blacklisting exact block
[Vision] Area looks barren/protected — migrating far
[Vision] No usable memory of copper_ore — MIGRATION (200-420m) fresh area → (106, 216)
[Vision] copper_ore at (32, 54, 22) exists but unobtainable — blacklisting exact block
[Vision] Area looks barren/protected — migrating far
[Vision] No usable memory of copper_ore — MIGRATION (200-420m) fresh area → (238, 57)
[Vision] copper_ore at (32, 54, 22) exists but unobtainable — blacklisting exact block
[Vision] Area looks barren/protected — migrating far
[Vision] No usable memory of copper_ore — MIGRATION (200-420m) fresh area → (125, 244)
[Vision] copper_ore at (32, 54, 22) exists but unobtainable — blacklisting exact block
[Vision] Area looks barren/protected — migrating far
[Vision] No usable memory of copper_ore — MIGRATION (200-420m) fresh area → (53, -171)
[Vision] copper_ore at (32, 54, 22) exists but unobtainable — blacklisting exact block
[Vision] Area looks barren/protected — migrating far
[Vision] No usable memory of copper_ore — MIGRATION (200-420m) fresh area → (-69, -145)
[Vision] copper_ore at (32, 54, 22) exists but unobtainable — blacklisting exact block
[Vision] Area looks barren/protected — migrating far
[Vision] No usable memory of copper_ore — MIGRATION (200-420m) fresh area → (-138, -161)
[Vision] copper_ore at (32, 54, 22) exists but unobtainable — blacklisting exact block
[Vision] Area looks barren/protected — migrating far
[Vision] No usable memory of copper_ore — MIGRATION (200-420m) fresh area → (-26, -166)
[Vision] copper_ore at (32, 54, 22) exists but unobtainable — blacklisting exact block
[Vision] Area looks barren/protected — migrating far
[Vision] No usable memory of copper_ore — MIGRATION (200-420m) fresh area → (-173, 23)
[Vision] copper_ore at (32, 54, 22) exists but unobtainable — blacklisting exact block
[Vision] Area looks barren/protected — migrating far
[Vision] No usable memory of copper_ore — MIGRATION (200-420m) fresh area → (169, 191)
[Vision] copper_ore at (32, 54, 22) exists but unobtainable — blacklisting exact block
[Vision] Area looks barren/protected — migrating far
[Vision] No usable memory of copper_ore — MIGRATION (200-420m) fresh area → (70, -179)
[Vision] copper_ore at (32, 54, 22) exists but unobtainable — blacklisting exact block
[Vision] Area looks barren/protected — migrating far
[Vision] No usable memory of copper_ore — MIGRATION (200-420m) fresh area → (46, 245)
[Vision] copper_ore at (32, 54, 22) exists but unobtainable — blacklisting exact block
[Vision] Area looks barren/protected — migrating far
[Vision] No usable memory of copper_ore — MIGRATION (200-420m) fresh area → (122, 246)
[Vision] copper_ore at (32, 54, 22) exists but unobtainable — blacklisting exact block
[Vision] Area looks barren/protected — migrating far
[Vision] No usable memory of copper_ore — MIGRATION (200-420m) fresh area → (239, -28)
[Vision] copper_ore at (32, 54, 22) exists but unobtainable — blacklisting exact block
[Vision] Area looks barren/protected — migrating far
[Vision] No usable memory of copper_ore — MIGRATION (200-420m) fresh area → (-155, -44)
[Vision] copper_ore at (32, 54, 22) exists but unobtainable — blacklisting exact block
[Vision] Area looks barren/protected — migrating far
[Vision] No usable memory of copper_ore — MIGRATION (200-420m) fresh area → (-171, -33)
[Vision] copper_ore at (32, 54, 22) exists but unobtainable — blacklisting exact block
[Vision] Area looks barren/protected — migrating far
[Vision] No usable memory of copper_ore — MIGRATION (200-420m) fresh area → (-40, 221)
[Vision] copper_ore at (32, 54, 22) exists but unobtainable — blacklisting exact block
[Vision] Area looks barren/protected — migrating far
[Vision] No usable memory of copper_ore — MIGRATION (200-420m) fresh area → (-158, 97)
[Vision] copper_ore at (32, 54, 22) exists but unobtainable — blacklisting exact block
[Vision] Area looks barren/protected — migrating far
[Vision] No usable memory of copper_ore — MIGRATION (200-420m) fresh area → (142, 205)
[Vision] copper_ore at (32, 54, 22) exists but unobtainable — blacklisting exact block
[Vision] Area looks barren/protected — migrating far
[Vision] No usable memory of copper_ore — MIGRATION (200-420m) fresh area → (-162, -36)
[Vision] copper_ore at (32, 54, 22) exists but unobtainable — blacklisting exact block
[Vision] Area looks barren/protected — migrating far
[Vision] No usable memory of copper_ore — MIGRATION (200-420m) fresh area → (234, 144)
[Vision] copper_ore at (32, 54, 22) exists but unobtainable — blacklisting exact block
[Vision] Area looks barren/protected — migrating far
[Vision] No usable memory of copper_ore — MIGRATION (200-420m) fresh area → (-181, 81)
[Vision] copper_ore at (32, 54, 22) exists but unobtainable — blacklisting exact block
[Vision] Area looks barren/protected — migrating far
[Vision] No usable memory of copper_ore — MIGRATION (200-420m) fresh area → (246, -104)
[Vision] copper_ore at (32, 54, 22) exists but unobtainable — blacklisting exact block
[Vision] Area looks barren/protected — migrating far
[Vision] No usable memory of copper_ore — MIGRATION (200-420m) fresh area → (74, 225)
[Vision] copper_ore at (32, 54, 22) exists but unobtainable — blacklisting exact block
[Vision] Area looks barren/protected — migrating far
[Vision] No usable memory of copper_ore — MIGRATION (200-420m) fresh area → (-167, 111)
[Vision] copper_ore at (32, 54, 22) exists but unobtainable — blacklisting exact block
[Vision] Area looks barren/protected — migrating far
[Vision] No usable memory of copper_ore — MIGRATION (200-420m) fresh area → (-99, 216)
[Vision] copper_ore at (32, 54, 22) exists but unobtainable — blacklisting exact block
[Vision] Area looks barren/protected — migrating far
[Vision] No usable memory of copper_ore — MIGRATION (200-420m) fresh area → (237, 23)
[Vision] copper_ore at (32, 54, 22) exists but unobtainable — blacklisting exact block
[Vision] Area looks barren/protected — migrating far
[Vision] No usable memory of copper_ore — MIGRATION (200-420m) fresh area → (237, -76)
[Vision] copper_ore at (32, 54, 22) exists but unobtainable — blacklisting exact block
[Vision] Area looks barren/protected — migrating far
[Vision] No usable memory of copper_ore — MIGRATION (200-420m) fresh area → (72, 246)
[Vision] copper_ore at (32, 54, 22) exists but unobtainable — blacklisting exact block
[Vision] Area looks barren/protected — migrating far
[Vision] No usable memory of copper_ore — MIGRATION (200-420m) fresh area → (-26, -166)
[Vision] copper_ore at (32, 54, 22) exists but unobtainable — blacklisting exact block
[Vision] Area looks barren/protected — migrating far
[Vision] No usable memory of copper_ore — MIGRATION (200-420m) fresh area → (-128, 151)
[Vision] copper_ore at (32, 54, 22) exists but unobtainable — blacklisting exact block
[Vision] Area looks barren/protected — migrating far
[Vision] No usable memory of copper_ore — MIGRATION (200-420m) fresh area → (-134, -99)
[Vision] copper_ore at (32, 54, 22) exists but unobtainable — blacklisting exact block
[Vision] Area looks barren/protected — migrating far
[Vision] No usable memory of copper_ore — MIGRATION (200-420m) fresh area → (-179, -6)
[Vision] copper_ore at (32, 54, 22) exists but unobtainable — blacklisting exact block
[Vision] Area looks barren/protected — migrating far
[Vision] No usable memory of copper_ore — MIGRATION (200-420m) fresh area → (-163, -52)
[Vision] copper_ore at (32, 54, 22) exists but unobtainable — blacklisting exact block
[Vision] Area looks barren/protected — migrating far
[Vision] No usable memory of copper_ore — MIGRATION (200-420m) fresh area → (-125, 160)
[Vision] copper_ore at (32, 54, 22) exists but unobtainable — blacklisting exact block
[Vision] Area looks barren/protected — migrating far
[Vision] No usable memory of copper_ore — MIGRATION (200-420m) fresh area → (-88, 196)
[Vision] copper_ore at (32, 54, 22) exists but unobtainable — blacklisting exact block
[Vision] Area looks barren/protected — migrating far
[Vision] No usable memory of copper_ore — MIGRATION (200-420m) fresh area → (44, -208)
[Vision] copper_ore at (32, 54, 22) exists but unobtainable — blacklisting exact block
[Vision] Area looks barren/protected — migrating far
[Vision] No usable memory of copper_ore — MIGRATION (200-420m) fresh area → (44, -199)
[Vision] copper_ore at (32, 54, 22) exists but unobtainable — blacklisting exact block
[Vision] Area looks barren/protected — migrating far
[Vision] No usable memory of copper_ore — MIGRATION (200-420m) fresh area → (257, -23)
[Vision] copper_ore at (32, 54, 22) exists but unobtainable — blacklisting exact block
[Vision] Area looks barren/protected — migrating far
[Vision] No usable memory of copper_ore — MIGRATION (200-420m) fresh area → (152, 198)
[Vision] copper_ore at (32, 54, 22) exists but unobtainable — blacklisting exact block
[Vision] Area looks barren/protected — migrating far
[Vision] No usable memory of copper_ore — MIGRATION (200-420m) fresh area → (229, -42)
[Vision] copper_ore at (32, 54, 22) exists but unobtainable — blacklisting exact block
[Vision] Area looks barren/protected — migrating far
[Vision] No usable memory of copper_ore — MIGRATION (200-420m) fresh area → (-43, -170)
[Vision] copper_ore at (32, 54, 22) exists but unobtainable — blacklisting exact block
[Vision] Area looks barren/protected — migrating far
[Vision] No usable memory of copper_ore — MIGRATION (200-420m) fresh area → (-143, -69)
[Vision] copper_ore at (32, 54, 22) exists but unobtainable — blacklisting exact block
[Vision] Area looks barren/protected — migrating far
[Vision] No usable memory of copper_ore — MIGRATION (200-420m) fresh area → (-199, -1)
[Vision] copper_ore at (32, 54, 22) exists but unobtainable — blacklisting exact block
[Vision] Area looks barren/protected — migrating far
[Vision] No usable memory of copper_ore — MIGRATION (200-420m) fresh area → (-199, 45)
[Vision] copper_ore at (32, 54, 22) exists but unobtainable — blacklisting exact block
[Vision] Area looks barren/protected — migrating far
[Vision] No usable memory of copper_ore — MIGRATION (200-420m) fresh area → (-37, -163)
[Vision] copper_ore at (32, 54, 22) exists but unobtainable — blacklisting exact block
[Vision] Area looks barren/protected — migrating far
[Vision] No usable memory of copper_ore — MIGRATION (200-420m) fresh area → (226, -61)
[Vision] copper_ore at (32, 54, 22) exists but unobtainable — blacklisting exact block
[Vision] Area looks barren/protected — migrating far
[Vision] No usable memory of copper_ore — MIGRATION (200-420m) fresh area → (120, -154)
[Vision] copper_ore at (32, 54, 22) exists but unobtainable — blacklisting exact block
[Vision] Area looks barren/protected — migrating far
[Vision] No usable memory of copper_ore — MIGRATION (200-420m) fresh area → (239, 59)
[Vision] copper_ore at (32, 54, 22) exists but unobtainable — blacklisting exact block
[Vision] Area looks barren/protected — migrating far
[Vision] No usable memory of copper_ore — MIGRATION (200-420m) fresh area → (200, -81)
[Vision] copper_ore at (32, 54, 22) exists but unobtainable — blacklisting exact block
[Vision] Area looks barren/protected — migrating far
[Vision] No usable memory of copper_ore — MIGRATION (200-420m) fresh area → (225, -44)
[Vision] copper_ore at (32, 54, 22) exists but unobtainable — blacklisting exact block
[Vision] Area looks barren/protected — migrating far
[Vision] No usable memory of copper_ore — MIGRATION (200-420m) fresh area → (-10, -174)
[Vision] copper_ore at (32, 54, 22) exists but unobtainable — blacklisting exact block
[Vision] Area looks barren/protected — migrating far
[Vision] No usable memory of copper_ore — MIGRATION (200-420m) fresh area → (180, 182)
[Vision] copper_ore at (32, 54, 22) exists but unobtainable — blacklisting exact block
[Vision] Area looks barren/protected — migrating far
[Vision] No usable memory of copper_ore — MIGRATION (200-420m) fresh area → (-75, -149)
[Vision] copper_ore at (32, 54, 22) exists but unobtainable — blacklisting exact block
[Vision] Area looks barren/protected — migrating far
[Vision] No usable memory of copper_ore — MIGRATION (200-420m) fresh area → (116, -186)
[Vision] copper_ore at (32, 54, 22) exists but unobtainable — blacklisting exact block
[Vision] Area looks barren/protected — migrating far
[Vision] No usable memory of copper_ore — MIGRATION (200-420m) fresh area → (-159, 125)
[Vision] copper_ore at (32, 54, 22) exists but unobtainable — blacklisting exact block
[Vision] Area looks barren/protected — migrating far
[Vision] No usable memory of copper_ore — MIGRATION (200-420m) fresh area → (10, 238)
[Vision] copper_ore at (32, 54, 22) exists but unobtainable — blacklisting exact block
[Vision] Area looks barren/protected — migrating far
[Vision] No usable memory of copper_ore — MIGRATION (200-420m) fresh area → (-162, 82)
[Vision] copper_ore at (32, 54, 22) exists but unobtainable — blacklisting exact block
[Vision] Area looks barren/protected — migrating far
[Vision] No usable memory of copper_ore — MIGRATION (200-420m) fresh area → (249, 28)
[Vision] copper_ore at (32, 54, 22) exists but unobtainable — blacklisting exact block
[Vision] Area looks barren/protected — migrating far
[Vision] No usable memory of copper_ore — MIGRATION (200-420m) fresh area → (-81, -144)
[Vision] copper_ore at (32, 54, 22) exists but unobtainable — blacklisting exact block
[Vision] Area looks barren/protected — migrating far
[Vision] No usable memory of copper_ore — MIGRATION (200-420m) fresh area → (233, 144)
[Vision] copper_ore at (32, 54, 22) exists but unobtainable — blacklisting exact block
[Vision] Area looks barren/protected — migrating far
[Vision] No usable memory of copper_ore — MIGRATION (200-420m) fresh area → (-65, 207)
[Vision] copper_ore at (32, 54, 22) exists but unobtainable — blacklisting exact block
[Vision] Area looks barren/protected — migrating far
[Vision] No usable memory of copper_ore — MIGRATION (200-420m) fresh area → (26, -174)
[Vision] copper_ore at (32, 54, 22) exists but unobtainable — blacklisting exact block
[Vision] Area looks barren/protected — migrating far
[Vision] No usable memory of copper_ore — MIGRATION (200-420m) fresh area → (254, 7)
[Vision] copper_ore at (32, 54, 22) exists but unobtainable — blacklisting exact block
[Vision] Area looks barren/protected — migrating far
[Vision] No usable memory of copper_ore — MIGRATION (200-420m) fresh area → (154, -134)
[Vision] copper_ore at (32, 54, 22) exists but unobtainable — blacklisting exact block
[Vision] Area looks barren/protected — migrating far
[Vision] No usable memory of copper_ore — MIGRATION (200-420m) fresh area → (260, 78)
[Vision] copper_ore at (32, 54, 22) exists but unobtainable — blacklisting exact block
[Vision] Area looks barren/protected — migrating far
[Vision] No usable memory of copper_ore — MIGRATION (200-420m) fresh area → (-102, -153)
[Vision] copper_ore at (32, 54, 22) exists but unobtainable — blacklisting exact block
[Vision] Area looks barren/protected — migrating far
[Vision] No usable memory of copper_ore — MIGRATION (200-420m) fresh area → (144, -178)
[Vision] copper_ore at (32, 54, 22) exists but unobtainable — blacklisting exact block
[Vision] Area looks barren/protected — migrating far
[Vision] No usable memory of copper_ore — MIGRATION (200-420m) fresh area → (-36, 229)
[Vision] copper_ore at (32, 54, 22) exists but unobtainable — blacklisting exact block
[Vision] Area looks barren/protected — migrating far
[Vision] No usable memory of copper_ore — MIGRATION (200-420m) fresh area → (-127, 170)
[Vision] copper_ore at (32, 54, 22) exists but unobtainable — blacklisting exact block
[Vision] Area looks barren/protected — migrating far
[Vision] No usable memory of copper_ore — MIGRATION (200-420m) fresh area → (-21, -196)
[Vision] copper_ore at (32, 54, 22) exists but unobtainable — blacklisting exact block
[Vision] Area looks barren/protected — migrating far
[Vision] No usable memory of copper_ore — MIGRATION (200-420m) fresh area → (232, -8)
[Vision] copper_ore at (32, 54, 22) exists but unobtainable — blacklisting exact block
[Vision] Area looks barren/protected — migrating far
[Vision] No usable memory of copper_ore — MIGRATION (200-420m) fresh area → (-164, -87)
[Vision] copper_ore at (32, 54, 22) exists but unobtainable — blacklisting exact block
[Vision] Area looks barren/protected — migrating far
[Vision] No usable memory of copper_ore — MIGRATION (200-420m) fresh area → (2, 261)
[Vision] copper_ore at (32, 54, 22) exists but unobtainable — blacklisting exact block
[Vision] Area looks barren/protected — migrating far
[Vision] No usable memory of copper_ore — MIGRATION (200-420m) fresh area → (183, 211)
[Vision] copper_ore at (32, 54, 22) exists but unobtainable — blacklisting exact block
[Vision] Area looks barren/protected — migrating far
[Vision] No usable memory of copper_ore — MIGRATION (200-420m) fresh area → (223, 108)
[Vision] copper_ore at (32, 54, 22) exists but unobtainable — blacklisting exact block
[Vision] Area looks barren/protected — migrating far
[Vision] No usable memory of copper_ore — MIGRATION (200-420m) fresh area → (-50, -157)
[Vision] copper_ore at (32, 54, 22) exists but unobtainable — blacklisting exact block
[Vision] Area looks barren/protected — migrating far
[Vision] No usable memory of copper_ore — MIGRATION (200-420m) fresh area → (242, 112)
[Vision] copper_ore at (32, 54, 22) exists but unobtainable — blacklisting exact block
[Vision] Area looks barren/protected — migrating far
[Vision] No usable memory of copper_ore — MIGRATION (200-420m) fresh area → (-157, 111)
[Vision] copper_ore at (32, 54, 22) exists but unobtainable — blacklisting exact block
[Vision] Area looks barren/protected — migrating far
[Vision] No usable memory of copper_ore — MIGRATION (200-420m) fresh area → (232, -29)
[Vision] copper_ore at (32, 54, 22) exists but unobtainable — blacklisting exact block
[Vision] Area looks barren/protected — migrating far
[Vision] No usable memory of copper_ore — MIGRATION (200-420m) fresh area → (131, 214)
[Vision] copper_ore at (32, 54, 22) exists but unobtainable — blacklisting exact block
[Vision] Area looks barren/protected — migrating far
[Vision] No usable memory of copper_ore — MIGRATION (200-420m) fresh area → (-41, 229)
[Vision] copper_ore at (32, 54, 22) exists but unobtainable — blacklisting exact block
[Vision] Area looks barren/protected — migrating far
[Vision] No usable memory of copper_ore — MIGRATION (200-420m) fresh area → (-16, 227)
[Vision] copper_ore at (32, 54, 22) exists but unobtainable — blacklisting exact block
[Vision] Area looks barren/protected — migrating far
[Vision] No usable memory of copper_ore — MIGRATION (200-420m) fresh area → (-218, 17)
[Vision] copper_ore at (32, 54, 22) exists but unobtainable — blacklisting exact block
[Vision] Area looks barren/protected — migrating far
[Vision] No usable memory of copper_ore — MIGRATION (200-420m) fresh area → (46, -203)
[Vision] copper_ore at (32, 54, 22) exists but unobtainable — blacklisting exact block
[Vision] Area looks barren/protected — migrating far
[Vision] No usable memory of copper_ore — MIGRATION (200-420m) fresh area → (102, -186)
[Vision] copper_ore at (32, 54, 22) exists but unobtainable — blacklisting exact block
[Vision] Area looks barren/protected — migrating far
[Vision] No usable memory of copper_ore — MIGRATION (200-420m) fresh area → (-174, 8)
[Vision] copper_ore at (32, 54, 22) exists but unobtainable — blacklisting exact block
[Vision] Area looks barren/protected — migrating far
[Vision] No usable memory of copper_ore — MIGRATION (200-420m) fresh area → (-95, -175)
[Vision] copper_ore at (32, 54, 22) exists but unobtainable — blacklisting exact block
[Vision] Area looks barren/protected — migrating far
[Vision] No usable memory of copper_ore — MIGRATION (200-420m) fresh area → (32, 229)
[Vision] copper_ore at (32, 54, 22) exists but unobtainable — blacklisting exact block
[Vision] Area looks barren/protected — migrating far
[Vision] No usable memory of copper_ore — MIGRATION (200-420m) fresh area → (-170, -31)
[Vision] copper_ore at (32, 54, 22) exists but unobtainable — blacklisting exact block
[Vision] Area looks barren/protected — migrating far
[Vision] No usable memory of copper_ore — MIGRATION (200-420m) fresh area → (214, -97)
[Vision] copper_ore at (32, 54, 22) exists but unobtainable — blacklisting exact block
[Vision] Area looks barren/protected — migrating far
[Vision] No usable memory of copper_ore — MIGRATION (200-420m) fresh area → (-40, -170)
[Vision] copper_ore at (32, 54, 22) exists but unobtainable — blacklisting exact block
[Vision] Area looks barren/protected — migrating far
[Vision] No usable memory of copper_ore — MIGRATION (200-420m) fresh area → (-153, 133)
[Vision] copper_ore at (32, 54, 22) exists but unobtainable — blacklisting exact block
[Vision] Area looks barren/protected — migrating far
[Vision] No usable memory of copper_ore — MIGRATION (200-420m) fresh area → (-205, 33)
[Vision] copper_ore at (32, 54, 22) exists but unobtainable — blacklisting exact block
[Vision] Area looks barren/protected — migrating far
[Vision] No usable memory of copper_ore — MIGRATION (200-420m) fresh area → (191, 167)
[Vision] copper_ore at (32, 54, 22) exists but unobtainable — blacklisting exact block
[Vision] Area looks barren/protected — migrating far
[Vision] No usable memory of copper_ore — MIGRATION (200-420m) fresh area → (233, 39)
[Vision] copper_ore at (32, 54, 22) exists but unobtainable — blacklisting exact block
[Vision] Area looks barren/protected — migrating far
[Vision] No usable memory of copper_ore — MIGRATION (200-420m) fresh area → (246, 27)
[Vision] copper_ore at (32, 54, 22) exists but unobtainable — blacklisting exact block
[Vision] Area looks barren/protected — migrating far
[Vision] No usable memory of copper_ore — MIGRATION (200-420m) fresh area → (154, 191)
[Vision] copper_ore at (32, 54, 22) exists but unobtainable — blacklisting exact block
[Vision] Area looks barren/protected — migrating far
[Vision] No usable memory of copper_ore — MIGRATION (200-420m) fresh area → (-61, 237)
[Vision] copper_ore at (32, 54, 22) exists but unobtainable — blacklisting exact block
[Vision] Area looks barren/protected — migrating far
[Vision] No usable memory of copper_ore — MIGRATION (200-420m) fresh area → (155, -155)
[Vision] copper_ore at (32, 54, 22) exists but unobtainable — blacklisting exact block
[Vision] Area looks barren/protected — migrating far
[Vision] No usable memory of copper_ore — MIGRATION (200-420m) fresh area → (-184, -64)
[Vision] copper_ore at (32, 54, 22) exists but unobtainable — blacklisting exact block
[Vision] Area looks barren/protected — migrating far
[Vision] No usable memory of copper_ore — MIGRATION (200-420m) fresh area → (191, 167)
[Vision] copper_ore at (32, 54, 22) exists but unobtainable — blacklisting exact block
[Vision] Area looks barren/protected — migrating far
[Vision] No usable memory of copper_ore — MIGRATION (200-420m) fresh area → (186, -106)
[Vision] copper_ore at (32, 54, 22) exists but unobtainable — blacklisting exact block
[Vision] Area looks barren/protected — migrating far
[Vision] No usable memory of copper_ore — MIGRATION (200-420m) fresh area → (191, -114)
[Vision] copper_ore at (32, 54, 22) exists but unobtainable — blacklisting exact block
[Vision] Area looks barren/protected — migrating far
[Vision] No usable memory of copper_ore — MIGRATION (200-420m) fresh area → (-152, 127)
[Vision] copper_ore at (32, 54, 22) exists but unobtainable — blacklisting exact block
[Vision] Area looks barren/protected — migrating far
[Vision] No usable memory of copper_ore — MIGRATION (200-420m) fresh area → (-123, -99)
[Vision] copper_ore at (32, 54, 22) exists but unobtainable — blacklisting exact block
[Vision] Area looks barren/protected — migrating far
[Vision] No usable memory of copper_ore — MIGRATION (200-420m) fresh area → (-138, -101)
[Vision] copper_ore at (32, 54, 22) exists but unobtainable — blacklisting exact block
[Vision] Area looks barren/protected — migrating far
[Vision] No usable memory of copper_ore — MIGRATION (200-420m) fresh area → (94, -174)
[Vision] copper_ore at (32, 54, 22) exists but unobtainable — blacklisting exact block
[Vision] Area looks barren/protected — migrating far
[Vision] No usable memory of copper_ore — MIGRATION (200-420m) fresh area → (73, -182)
[Vision] copper_ore at (32, 54, 22) exists but unobtainable — blacklisting exact block
[Vision] Area looks barren/protected — migrating far
[Vision] No usable memory of copper_ore — MIGRATION (200-420m) fresh area → (238, -35)
[Vision] copper_ore at (32, 54, 22) exists but unobtainable — blacklisting exact block
[Vision] Area looks barren/protected — migrating far
[Vision] No usable memory of copper_ore — MIGRATION (200-420m) fresh area → (-170, 19)
[Vision] copper_ore at (32, 54, 22) exists but unobtainable — blacklisting exact block
[Vision] Area looks barren/protected — migrating far
[Vision] No usable memory of copper_ore — MIGRATION (200-420m) fresh area → (233, 80)
[Vision] copper_ore at (32, 54, 22) exists but unobtainable — blacklisting exact block
[Vision] Area looks barren/protected — migrating far
[Vision] No usable memory of copper_ore — MIGRATION (200-420m) fresh area → (-129, 167)
[Vision] copper_ore at (32, 54, 22) exists but unobtainable — blacklisting exact block
[Vision] Area looks barren/protected — migrating far
[Vision] No usable memory of copper_ore — MIGRATION (200-420m) fresh area → (119, 211)
[Vision] copper_ore at (32, 54, 22) exists but unobtainable — blacklisting exact block
[Vision] Area looks barren/protected — migrating far
[Vision] No usable memory of copper_ore — MIGRATION (200-420m) fresh area → (217, -58)
[Vision] copper_ore at (32, 54, 22) exists but unobtainable — blacklisting exact block
[Vision] Area looks barren/protected — migrating far
[Vision] No usable memory of copper_ore — MIGRATION (200-420m) fresh area → (145, 198)
[Vision] copper_ore at (32, 54, 22) exists but unobtainable — blacklisting exact block
[Vision] Area looks barren/protected — migrating far
[Vision] No usable memory of copper_ore — MIGRATION (200-420m) fresh area → (205, 146)
[Vision] copper_ore at (32, 54, 22) exists but unobtainable — blacklisting exact block
[Vision] Area looks barren/protected — migrating far
[Vision] No usable memory of copper_ore — MIGRATION (200-420m) fresh area → (198, -96)
[Vision] copper_ore at (32, 54, 22) exists but unobtainable — blacklisting exact block
[Vision] Area looks barren/protected — migrating far
[Vision] No usable memory of copper_ore — MIGRATION (200-420m) fresh area → (-25, 227)
[Vision] copper_ore at (32, 54, 22) exists but unobtainable — blacklisting exact block
[Vision] Area looks barren/protected — migrating far
[Vision] No usable memory of copper_ore — MIGRATION (200-420m) fresh area → (-197, 74)
[Vision] copper_ore at (32, 54, 22) exists but unobtainable — blacklisting exact block
[Vision] Area looks barren/protected — migrating far
[Vision] No usable memory of copper_ore — MIGRATION (200-420m) fresh area → (-141, -99)
[Vision] copper_ore at (32, 54, 22) exists but unobtainable — blacklisting exact block
[Vision] Area looks barren/protected — migrating far
[Vision] No usable memory of copper_ore — MIGRATION (200-420m) fresh area → (112, 246)
[Vision] copper_ore at (32, 54, 22) exists but unobtainable — blacklisting exact block
[Vision] Area looks barren/protected — migrating far
[Vision] No usable memory of copper_ore — MIGRATION (200-420m) fresh area → (161, 195)
[Vision] copper_ore at (32, 54, 22) exists but unobtainable — blacklisting exact block
[Vision] Area looks barren/protected — migrating far
[Vision] No usable memory of copper_ore — MIGRATION (200-420m) fresh area → (-159, -105)
[Vision] copper_ore at (32, 54, 22) exists but unobtainable — blacklisting exact block
[Vision] Area looks barren/protected — migrating far
[Vision] No usable memory of copper_ore — MIGRATION (200-420m) fresh area → (-107, -123)
[Vision] copper_ore at (32, 54, 22) exists but unobtainable — blacklisting exact block
[Vision] Area looks barren/protected — migrating far
[Vision] No usable memory of copper_ore — MIGRATION (200-420m) fresh area → (-30, -179)
[Vision] copper_ore at (32, 54, 22) exists but unobtainable — blacklisting exact block
[Vision] Area looks barren/protected — migrating far
[Vision] No usable memory of copper_ore — MIGRATION (200-420m) fresh area → (250, 72)
[Vision] copper_ore at (32, 54, 22) exists but unobtainable — blacklisting exact block
[Vision] Area looks barren/protected — migrating far
[Vision] No usable memory of copper_ore — MIGRATION (200-420m) fresh area → (142, -164)
[Vision] copper_ore at (32, 54, 22) exists but unobtainable — blacklisting exact block
[Vision] Area looks barren/protected — migrating far
[Vision] No usable memory of copper_ore — MIGRATION (200-420m) fresh area → (144, -170)
[Vision] copper_ore at (32, 54, 22) exists but unobtainable — blacklisting exact block
[Vision] Area looks barren/protected — migrating far
[Vision] No usable memory of copper_ore — MIGRATION (200-420m) fresh area → (-88, -152)
[Vision] copper_ore at (32, 54, 22) exists but unobtainable — blacklisting exact block
[Vision] Area looks barren/protected — migrating far
[Vision] No usable memory of copper_ore — MIGRATION (200-420m) fresh area → (277, 33)
[Vision] copper_ore at (32, 54, 22) exists but unobtainable — blacklisting exact block
[Vision] Area looks barren/protected — migrating far
[Vision] No usable memory of copper_ore — MIGRATION (200-420m) fresh area → (63, 285)
[Vision] copper_ore at (32, 54, 22) exists but unobtainable — blacklisting exact block
[Vision] Area looks barren/protected — migrating far
[Vision] No usable memory of copper_ore — MIGRATION (200-420m) fresh area → (247, -20)
[Vision] copper_ore at (32, 54, 22) exists but unobtainable — blacklisting exact block
[Vision] Area looks barren/protected — migrating far
[Vision] No usable memory of copper_ore — MIGRATION (200-420m) fresh area → (-136, -87)
[Vision] copper_ore at (32, 54, 22) exists but unobtainable — blacklisting exact block
[Vision] Area looks barren/protected — migrating far
[Vision] No usable memory of copper_ore — MIGRATION (200-420m) fresh area → (247, -51)
[Vision] copper_ore at (32, 54, 22) exists but unobtainable — blacklisting exact block
[Vision] Area looks barren/protected — migrating far
[Vision] No usable memory of copper_ore — MIGRATION (200-420m) fresh area → (-116, 196)
[Vision] copper_ore at (32, 54, 22) exists but unobtainable — blacklisting exact block
[Vision] Area looks barren/protected — migrating far
[Vision] No usable memory of copper_ore — MIGRATION (200-420m) fresh area → (-186, -72)
[Vision] copper_ore at (32, 54, 22) exists but unobtainable — blacklisting exact block
[Vision] Area looks barren/protected — migrating far
[Vision] No usable memory of copper_ore — MIGRATION (200-420m) fresh area → (176, -145)
[Vision] copper_ore at (32, 54, 22) exists but unobtainable — blacklisting exact block
[Vision] Area looks barren/protected — migrating far
[Vision] No usable memory of copper_ore — MIGRATION (200-420m) fresh area → (276, -62)
[Vision] copper_ore at (32, 54, 22) exists but unobtainable — blacklisting exact block
[Vision] Area looks barren/protected — migrating far
[Vision] No usable memory of copper_ore — MIGRATION (200-420m) fresh area → (176, -190)
[Vision] copper_ore at (32, 54, 22) exists but unobtainable — blacklisting exact block
[Vision] Area looks barren/protected — migrating far
[Vision] No usable memory of copper_ore — MIGRATION (200-420m) fresh area → (208, 191)
[Vision] copper_ore at (32, 54, 22) exists but unobtainable — blacklisting exact block
[Vision] Area looks barren/protected — migrating far
[Vision] No usable memory of copper_ore — MIGRATION (200-420m) fresh area → (-111, -126)
[Vision] copper_ore at (32, 54, 22) exists but unobtainable — blacklisting exact block
[Vision] Area looks barren/protected — migrating far
[Vision] No usable memory of copper_ore — MIGRATION (200-420m) fresh area → (-166, -71)
[Vision] copper_ore at (32, 54, 22) exists but unobtainable — blacklisting exact block
[Vision] Area looks barren/protected — migrating far
[Vision] No usable memory of copper_ore — MIGRATION (200-420m) fresh area → (-38, 231)
[Vision] copper_ore at (32, 54, 22) exists but unobtainable — blacklisting exact block
[Vision] Area looks barren/protected — migrating far
[Vision] No usable memory of copper_ore — MIGRATION (200-420m) fresh area → (243, 54)
[Vision] copper_ore at (32, 54, 22) exists but unobtainable — blacklisting exact block
[Vision] Area looks barren/protected — migrating far
[Vision] No usable memory of copper_ore — MIGRATION (200-420m) fresh area → (87, -164)
[Vision] copper_ore at (32, 54, 22) exists but unobtainable — blacklisting exact block
[Vision] Area looks barren/protected — migrating far
[Vision] No usable memory of copper_ore — MIGRATION (200-420m) fresh area → (-9, -177)
[Vision] copper_ore at (32, 54, 22) exists but unobtainable — blacklisting exact block
[Vision] Area looks barren/protected — migrating far
[Vision] No usable memory of copper_ore — MIGRATION (200-420m) fresh area → (229, -43)
[Vision] copper_ore at (32, 54, 22) exists but unobtainable — blacklisting exact block
[Vision] Area looks barren/protected — migrating far
[Vision] No usable memory of copper_ore — MIGRATION (200-420m) fresh area → (230, 75)
[Vision] copper_ore at (32, 54, 22) exists but unobtainable — blacklisting exact block
[Vision] Area looks barren/protected — migrating far
[Vision] No usable memory of copper_ore — MIGRATION (200-420m) fresh area → (264, 76)
[Vision] copper_ore at (32, 54, 22) exists but unobtainable — blacklisting exact block
[Vision] Area looks barren/protected — migrating far
[Vision] No usable memory of copper_ore — MIGRATION (200-420m) fresh area → (144, -142)
[Vision] copper_ore at (32, 54, 22) exists but unobtainable — blacklisting exact block
[Vision] Area looks barren/protected — migrating far
[Vision] No usable memory of copper_ore — MIGRATION (200-420m) fresh area → (-152, -70)
[Vision] copper_ore at (32, 54, 22) exists but unobtainable — blacklisting exact block
[Vision] Area looks barren/protected — migrating far
[Vision] No usable memory of copper_ore — MIGRATION (200-420m) fresh area → (-170, 84)
[Vision] copper_ore at (32, 54, 22) exists but unobtainable — blacklisting exact block
[Vision] Area looks barren/protected — migrating far
[Vision] No usable memory of copper_ore — MIGRATION (200-420m) fresh area → (-40, -160)
[Vision] copper_ore at (32, 54, 22) exists but unobtainable — blacklisting exact block
[Vision] Area looks barren/protected — migrating far
[Vision] No usable memory of copper_ore — MIGRATION (200-420m) fresh area → (227, 77)
[Vision] copper_ore at (32, 54, 22) exists but unobtainable — blacklisting exact block
[Vision] Area looks barren/protected — migrating far
[Vision] No usable memory of copper_ore — MIGRATION (200-420m) fresh area → (-103, -135)
[Vision] copper_ore at (32, 54, 22) exists but unobtainable — blacklisting exact block
[Vision] Area looks barren/protected — migrating far
[Vision] No usable memory of copper_ore — MIGRATION (200-420m) fresh area → (233, 43)
[Vision] copper_ore at (32, 54, 22) exists but unobtainable — blacklisting exact block
[Vision] Area looks barren/protected — migrating far
[Vision] No usable memory of copper_ore — MIGRATION (200-420m) fresh area → (-186, -48)
[Vision] copper_ore at (32, 54, 22) exists but unobtainable — blacklisting exact block
[Vision] Area looks barren/protected — migrating far
[Vision] No usable memory of copper_ore — MIGRATION (200-420m) fresh area → (137, -152)
[Vision] copper_ore at (32, 54, 22) exists but unobtainable — blacklisting exact block
[Vision] Area looks barren/protected — migrating far
[Vision] No usable memory of copper_ore — MIGRATION (200-420m) fresh area → (-150, -70)
[Vision] copper_ore at (32, 54, 22) exists but unobtainable — blacklisting exact block
[Vision] Area looks barren/protected — migrating far
[Vision] No usable memory of copper_ore — MIGRATION (200-420m) fresh area → (-172, 64)
[Vision] copper_ore at (32, 54, 22) exists but unobtainable — blacklisting exact block
[Vision] Area looks barren/protected — migrating far
[Vision] No usable memory of copper_ore — MIGRATION (200-420m) fresh area → (132, -151)
[Vision] copper_ore at (32, 54, 22) exists but unobtainable — blacklisting exact block
[Vision] Area looks barren/protected — migrating far
[Vision] No usable memory of copper_ore — MIGRATION (200-420m) fresh area → (246, -25)
[Vision] copper_ore at (32, 54, 22) exists but unobtainable — blacklisting exact block
[Vision] Area looks barren/protected — migrating far
[Vision] No usable memory of copper_ore — MIGRATION (200-420m) fresh area → (-137, 141)
[Vision] copper_ore at (32, 54, 22) exists but unobtainable — blacklisting exact block
[Vision] Area looks barren/protected — migrating far
[Vision] No usable memory of copper_ore — MIGRATION (200-420m) fresh area → (211, 127)
[Vision] copper_ore at (32, 54, 22) exists but unobtainable — blacklisting exact block
[Vision] Area looks barren/protected — migrating far
[Vision] No usable memory of copper_ore — MIGRATION (200-420m) fresh area → (-183, 62)
[Vision] copper_ore at (32, 54, 22) exists but unobtainable — blacklisting exact block
[Vision] Area looks barren/protected — migrating far
[Vision] No usable memory of copper_ore — MIGRATION (200-420m) fresh area → (87, -178)
[Vision] copper_ore at (32, 54, 22) exists but unobtainable — blacklisting exact block
[Vision] Area looks barren/protected — migrating far
[Vision] No usable memory of copper_ore — MIGRATION (200-420m) fresh area → (-112, 172)
[Vision] copper_ore at (32, 54, 22) exists but unobtainable — blacklisting exact block
[Vision] Area looks barren/protected — migrating far
[Vision] No usable memory of copper_ore — MIGRATION (200-420m) fresh area → (-10, -171)
[Vision] copper_ore at (32, 54, 22) exists but unobtainable — blacklisting exact block
[Vision] Area looks barren/protected — migrating far
[Vision] No usable memory of copper_ore — MIGRATION (200-420m) fresh area → (243, -48)
[Vision] copper_ore at (32, 54, 22) exists but unobtainable — blacklisting exact block
[Vision] Area looks barren/protected — migrating far
[Vision] No usable memory of copper_ore — MIGRATION (200-420m) fresh area → (-11, -182)
[Vision] copper_ore at (32, 54, 22) exists but unobtainable — blacklisting exact block
[Vision] Area looks barren/protected — migrating far
[Vision] No usable memory of copper_ore — MIGRATION (200-420m) fresh area → (-146, -84)
[Vision] copper_ore at (32, 54, 22) exists but unobtainable — blacklisting exact block
[Vision] Area looks barren/protected — migrating far
[Vision] No usable memory of copper_ore — MIGRATION (200-420m) fresh area → (-64, 235)
[Vision] copper_ore at (32, 54, 22) exists but unobtainable — blacklisting exact block
[Vision] Area looks barren/protected — migrating far
[Vision] No usable memory of copper_ore — MIGRATION (200-420m) fresh area → (143, -159)
[Vision] copper_ore at (32, 54, 22) exists but unobtainable — blacklisting exact block
[Vision] Area looks barren/protected — migrating far
[Vision] No usable memory of copper_ore — MIGRATION (200-420m) fresh area → (-95, 201)
[Vision] copper_ore at (32, 54, 22) exists but unobtainable — blacklisting exact block
[Vision] Area looks barren/protected — migrating far
[Vision] No usable memory of copper_ore — MIGRATION (200-420m) fresh area → (260, 43)
[Vision] copper_ore at (32, 54, 22) exists but unobtainable — blacklisting exact block
[Vision] Area looks barren/protected — migrating far
[Vision] No usable memory of copper_ore — MIGRATION (200-420m) fresh area → (-95, 186)
[Vision] copper_ore at (32, 54, 22) exists but unobtainable — blacklisting exact block
[Vision] Area looks barren/protected — migrating far
[Vision] No usable memory of copper_ore — MIGRATION (200-420m) fresh area → (294, -43)
[Vision] copper_ore at (32, 54, 22) exists but unobtainable — blacklisting exact block
[Vision] Area looks barren/protected — migrating far
[Vision] No usable memory of copper_ore — MIGRATION (200-420m) fresh area → (-172, 64)
[Vision] copper_ore at (32, 54, 22) exists but unobtainable — blacklisting exact block
[Vision] Area looks barren/protected — migrating far
[Vision] No usable memory of copper_ore — MIGRATION (200-420m) fresh area → (-193, -38)
[Vision] copper_ore at (32, 54, 22) exists but unobtainable — blacklisting exact block
[Vision] Area looks barren/protected — migrating far
[Vision] No usable memory of copper_ore — MIGRATION (200-420m) fresh area → (207, -102)
[Vision] copper_ore at (32, 54, 22) exists but unobtainable — blacklisting exact block
[Vision] Area looks barren/protected — migrating far
[Vision] No usable memory of copper_ore — MIGRATION (200-420m) fresh area → (242, -9)
[Vision] copper_ore at (32, 54, 22) exists but unobtainable — blacklisting exact block
[Vision] Area looks barren/protected — migrating far
[Vision] No usable memory of copper_ore — MIGRATION (200-420m) fresh area → (-129, -96)
[Vision] copper_ore at (32, 54, 22) exists but unobtainable — blacklisting exact block
[Vision] Area looks barren/protected — migrating far
[Vision] No usable memory of copper_ore — MIGRATION (200-420m) fresh area → (193, -115)
[Vision] copper_ore at (32, 54, 22) exists but unobtainable — blacklisting exact block
[Vision] Area looks barren/protected — migrating far
[Vision] No usable memory of copper_ore — MIGRATION (200-420m) fresh area → (-106, -121)
[Vision] copper_ore at (32, 54, 22) exists but unobtainable — blacklisting exact block
[Vision] Area looks barren/protected — migrating far
[Vision] No usable memory of copper_ore — MIGRATION (200-420m) fresh area → (144, -164)
[Vision] copper_ore at (32, 54, 22) exists but unobtainable — blacklisting exact block
[Vision] Area looks barren/protected — migrating far
[Vision] No usable memory of copper_ore — MIGRATION (200-420m) fresh area → (-170, 146)
[Vision] copper_ore at (32, 54, 22) exists but unobtainable — blacklisting exact block
[Vision] Area looks barren/protected — migrating far
[Vision] No usable memory of copper_ore — MIGRATION (200-420m) fresh area → (228, -12)
[Vision] copper_ore at (32, 54, 22) exists but unobtainable — blacklisting exact block
[Vision] Area looks barren/protected — migrating far
[Vision] No usable memory of copper_ore — MIGRATION (200-420m) fresh area → (173, -123)
[Vision] copper_ore at (32, 54, 22) exists but unobtainable — blacklisting exact block
[Vision] Area looks barren/protected — migrating far
[Vision] No usable memory of copper_ore — MIGRATION (200-420m) fresh area → (202, 171)
[Vision] copper_ore at (32, 54, 22) exists but unobtainable — blacklisting exact block
[Vision] Area looks barren/protected — migrating far
[Vision] No usable memory of copper_ore — MIGRATION (200-420m) fresh area → (-159, -87)
[Vision] copper_ore at (32, 54, 22) exists but unobtainable — blacklisting exact block
[Vision] Area looks barren/protected — migrating far
[Vision] No usable memory of copper_ore — MIGRATION (200-420m) fresh area → (227, 100)
[Vision] copper_ore at (32, 54, 22) exists but unobtainable — blacklisting exact block
[Vision] Area looks barren/protected — migrating far
[Vision] No usable memory of copper_ore — MIGRATION (200-420m) fresh area → (173, -125)
[Vision] copper_ore at (32, 54, 22) exists but unobtainable — blacklisting exact block
[Vision] Area looks barren/protected — migrating far
[Vision] No usable memory of copper_ore — MIGRATION (200-420m) fresh area → (-197, -5)
[Vision] copper_ore at (32, 54, 22) exists but unobtainable — blacklisting exact block
[Vision] Area looks barren/protected — migrating far
[Vision] No usable memory of copper_ore — MIGRATION (200-420m) fresh area → (-153, -62)
[Vision] copper_ore at (32, 54, 22) exists but unobtainable — blacklisting exact block
[Vision] Area looks barren/protected — migrating far
[Vision] No usable memory of copper_ore — MIGRATION (200-420m) fresh area → (-161, -51)
[Vision] copper_ore at (32, 54, 22) exists but unobtainable — blacklisting exact block
[Vision] Area looks barren/protected — migrating far
[Vision] No usable memory of copper_ore — MIGRATION (200-420m) fresh area → (176, 178)
[Vision] copper_ore at (32, 54, 22) exists but unobtainable — blacklisting exact block
[Vision] Area looks barren/protected — migrating far
[Vision] No usable memory of copper_ore — MIGRATION (200-420m) fresh area → (-137, -139)
[Vision] copper_ore at (32, 54, 22) exists but unobtainable — blacklisting exact block
[Vision] Area looks barren/protected — migrating far
[Vision] No usable memory of copper_ore — MIGRATION (200-420m) fresh area → (-37, 227)
[Vision] copper_ore at (32, 54, 22) exists but unobtainable — blacklisting exact block
[Vision] Area looks barren/protected — migrating far
[Vision] No usable memory of copper_ore — MIGRATION (200-420m) fresh area → (-128, -100)
[Vision] copper_ore at (32, 54, 22) exists but unobtainable — blacklisting exact block
[Vision] Area looks barren/protected — migrating far
[Vision] No usable memory of copper_ore — MIGRATION (200-420m) fresh area → (232, 11)
[Vision] copper_ore at (32, 54, 22) exists but unobtainable — blacklisting exact block
[Vision] Area looks barren/protected — migrating far
[Vision] No usable memory of copper_ore — MIGRATION (200-420m) fresh area → (30, -172)
[Vision] copper_ore at (32, 54, 22) exists but unobtainable — blacklisting exact block
[Vision] Area looks barren/protected — migrating far
[Vision] No usable memory of copper_ore — MIGRATION (200-420m) fresh area → (155, -153)
[Vision] copper_ore at (32, 54, 22) exists but unobtainable — blacklisting exact block
[Vision] Area looks barren/protected — migrating far
[Vision] No usable memory of copper_ore — MIGRATION (200-420m) fresh area → (-66, 212)
[Vision] copper_ore at (32, 54, 22) exists but unobtainable — blacklisting exact block
[Vision] Area looks barren/protected — migrating far
[Vision] No usable memory of copper_ore — MIGRATION (200-420m) fresh area → (-138, 136)
[Vision] copper_ore at (32, 54, 22) exists but unobtainable — blacklisting exact block
[Vision] Area looks barren/protected — migrating far
[Vision] No usable memory of copper_ore — MIGRATION (200-420m) fresh area → (-219, 68)
[Vision] copper_ore at (32, 54, 22) exists but unobtainable — blacklisting exact block
[Vision] Area looks barren/protected — migrating far
[Vision] No usable memory of copper_ore — MIGRATION (200-420m) fresh area → (171, -131)
[Vision] copper_ore at (32, 54, 22) exists but unobtainable — blacklisting exact block
[Vision] Area looks barren/protected — migrating far
[Vision] No usable memory of copper_ore — MIGRATION (200-420m) fresh area → (177, -118)
[Vision] copper_ore at (32, 54, 22) exists but unobtainable — blacklisting exact block
[Vision] Area looks barren/protected — migrating far
[Vision] No usable memory of copper_ore — MIGRATION (200-420m) fresh area → (171, 202)
[Vision] copper_ore at (32, 54, 22) exists but unobtainable — blacklisting exact block
[Vision] Area looks barren/protected — migrating far
[Vision] No usable memory of copper_ore — MIGRATION (200-420m) fresh area → (162, -133)
[Vision] copper_ore at (32, 54, 22) exists but unobtainable — blacklisting exact block
[Vision] Area looks barren/protected — migrating far
[Vision] No usable memory of copper_ore — MIGRATION (200-420m) fresh area → (38, 240)
[Vision] copper_ore at (32, 54, 22) exists but unobtainable — blacklisting exact block
[Vision] Area looks barren/protected — migrating far
[Vision] No usable memory of copper_ore — MIGRATION (200-420m) fresh area → (116, 216)
[Vision] copper_ore at (32, 54, 22) exists but unobtainable — blacklisting exact block
[Vision] Area looks barren/protected — migrating far
[Vision] No usable memory of copper_ore — MIGRATION (200-420m) fresh area → (145, 198)
[Vision] copper_ore at (32, 54, 22) exists but unobtainable — blacklisting exact block
[Vision] Area looks barren/protected — migrating far
[Vision] No usable memory of copper_ore — MIGRATION (200-420m) fresh area → (-61, -152)
[Vision] copper_ore at (32, 54, 22) exists but unobtainable — blacklisting exact block
[Vision] Area looks barren/protected — migrating far
[Vision] No usable memory of copper_ore — MIGRATION (200-420m) fresh area → (151, 191)
[Vision] copper_ore at (32, 54, 22) exists but unobtainable — blacklisting exact block
[Vision] Area looks barren/protected — migrating far
[Vision] No usable memory of copper_ore — MIGRATION (200-420m) fresh area → (151, 195)
[Vision] copper_ore at (32, 54, 22) exists but unobtainable — blacklisting exact block
[Vision] Area looks barren/protected — migrating far
[Vision] No usable memory of copper_ore — MIGRATION (200-420m) fresh area → (159, -169)
[Vision] copper_ore at (32, 54, 22) exists but unobtainable — blacklisting exact block
[Vision] Area looks barren/protected — migrating far
[Vision] No usable memory of copper_ore — MIGRATION (200-420m) fresh area → (-58, 228)
[Vision] copper_ore at (32, 54, 22) exists but unobtainable — blacklisting exact block
[Vision] Area looks barren/protected — migrating far
[Vision] No usable memory of copper_ore — MIGRATION (200-420m) fresh area → (-152, 130)
[Vision] copper_ore at (32, 54, 22) exists but unobtainable — blacklisting exact block
[Vision] Area looks barren/protected — migrating far
[Vision] No usable memory of copper_ore — MIGRATION (200-420m) fresh area → (77, 226)
[Vision] copper_ore at (32, 54, 22) exists but unobtainable — blacklisting exact block
[Vision] Area looks barren/protected — migrating far
[Vision] No usable memory of copper_ore — MIGRATION (200-420m) fresh area → (-98, -136)
[Vision] copper_ore at (32, 54, 22) exists but unobtainable — blacklisting exact block
[Vision] Area looks barren/protected — migrating far
[Vision] No usable memory of copper_ore — MIGRATION (200-420m) fresh area → (242, 136)
[Vision] copper_ore at (32, 54, 22) exists but unobtainable — blacklisting exact block
[Vision] Area looks barren/protected — migrating far
[Vision] No usable memory of copper_ore — MIGRATION (200-420m) fresh area → (172, -118)
[Vision] copper_ore at (32, 54, 22) exists but unobtainable — blacklisting exact block
[Vision] Area looks barren/protected — migrating far
[Vision] No usable memory of copper_ore — MIGRATION (200-420m) fresh area → (138, -145)
[Vision] copper_ore at (32, 54, 22) exists but unobtainable — blacklisting exact block
[Vision] Area looks barren/protected — migrating far
[Vision] No usable memory of copper_ore — MIGRATION (200-420m) fresh area → (-52, 213)
[Vision] copper_ore at (32, 54, 22) exists but unobtainable — blacklisting exact block
[Vision] Area looks barren/protected — migrating far
[Vision] No usable memory of copper_ore — MIGRATION (200-420m) fresh area → (-143, -88)
[Vision] copper_ore at (32, 54, 22) exists but unobtainable — blacklisting exact block
[Vision] Area looks barren/protected — migrating far
[Vision] No usable memory of copper_ore — MIGRATION (200-420m) fresh area → (-186, 13)
[Vision] copper_ore at (32, 54, 22) exists but unobtainable — blacklisting exact block
[Vision] Area looks barren/protected — migrating far
[Vision] No usable memory of copper_ore — MIGRATION (200-420m) fresh area → (-120, 172)
[Vision] copper_ore at (32, 54, 22) exists but unobtainable — blacklisting exact block
[Vision] Area looks barren/protected — migrating far
[Vision] No usable memory of copper_ore — MIGRATION (200-420m) fresh area → (-139, -119)
[Vision] copper_ore at (32, 54, 22) exists but unobtainable — blacklisting exact block
[Vision] Area looks barren/protected — migrating far
[Vision] No usable memory of copper_ore — MIGRATION (200-420m) fresh area → (-170, 28)
[Vision] copper_ore at (32, 54, 22) exists but unobtainable — blacklisting exact block
[Vision] Area looks barren/protected — migrating far
[Vision] No usable memory of copper_ore — MIGRATION (200-420m) fresh area → (48, -172)
[Vision] copper_ore at (32, 54, 22) exists but unobtainable — blacklisting exact block
[Vision] Area looks barren/protected — migrating far
[Vision] No usable memory of copper_ore — MIGRATION (200-420m) fresh area → (237, -19)
[Vision] copper_ore at (32, 54, 22) exists but unobtainable — blacklisting exact block
[Vision] Area looks barren/protected — migrating far
[Vision] No usable memory of copper_ore — MIGRATION (200-420m) fresh area → (-102, -127)
[Vision] copper_ore at (32, 54, 22) exists but unobtainable — blacklisting exact block
[Vision] Area looks barren/protected — migrating far
[Vision] No usable memory of copper_ore — MIGRATION (200-420m) fresh area → (-148, -101)
[Vision] copper_ore at (32, 54, 22) exists but unobtainable — blacklisting exact block
[Vision] Area looks barren/protected — migrating far
[Vision] No usable memory of copper_ore — MIGRATION (200-420m) fresh area → (255, 19)
[Vision] copper_ore at (32, 54, 22) exists but unobtainable — blacklisting exact block
[Vision] Area looks barren/protected — migrating far
[Vision] No usable memory of copper_ore — MIGRATION (200-420m) fresh area → (135, -159)
[Vision] copper_ore at (32, 54, 22) exists but unobtainable — blacklisting exact block
[Vision] Area looks barren/protected — migrating far
[Vision] No usable memory of copper_ore — MIGRATION (200-420m) fresh area → (-61, 207)
[Vision] copper_ore at (32, 54, 22) exists but unobtainable — blacklisting exact block
[Vision] Area looks barren/protected — migrating far
[Vision] No usable memory of copper_ore — MIGRATION (200-420m) fresh area → (-108, -125)
[Vision] copper_ore at (32, 54, 22) exists but unobtainable — blacklisting exact block
[Vision] Area looks barren/protected — migrating far
[Vision] No usable memory of copper_ore — MIGRATION (200-420m) fresh area → (174, 172)
[Vision] copper_ore at (32, 54, 22) exists but unobtainable — blacklisting exact block
[Vision] Area looks barren/protected — migrating far
[Vision] No usable memory of copper_ore — MIGRATION (200-420m) fresh area → (-111, 189)
[Vision] copper_ore at (32, 54, 22) exists but unobtainable — blacklisting exact block
[Vision] Area looks barren/protected — migrating far
[Vision] No usable memory of copper_ore — MIGRATION (200-420m) fresh area → (-109, 176)
[Vision] copper_ore at (32, 54, 22) exists but unobtainable — blacklisting exact block
[Vision] Area looks barren/protected — migrating far
[Vision] No usable memory of copper_ore — MIGRATION (200-420m) fresh area → (80, 229)
[Vision] copper_ore at (32, 54, 22) exists but unobtainable — blacklisting exact block
[Vision] Area looks barren/protected — migrating far
[Vision] No usable memory of copper_ore — MIGRATION (200-420m) fresh area → (-87, -153)
[Vision] copper_ore at (32, 54, 22) exists but unobtainable — blacklisting exact block
[Vision] Area looks barren/protected — migrating far
[Vision] No usable memory of copper_ore — MIGRATION (200-420m) fresh area → (-185, 0)
[Vision] copper_ore at (32, 54, 22) exists but unobtainable — blacklisting exact block
[Vision] Area looks barren/protected — migrating far
[Vision] No usable memory of copper_ore — MIGRATION (200-420m) fresh area → (-126, -136)
[Vision] copper_ore at (32, 54, 22) exists but unobtainable — blacklisting exact block
[Vision] Area looks barren/protected — migrating far
[Vision] No usable memory of copper_ore — MIGRATION (200-420m) fresh area → (96, -173)
[Vision] copper_ore at (32, 54, 22) exists but unobtainable — blacklisting exact block
[Vision] Area looks barren/protected — migrating far
[Vision] No usable memory of copper_ore — MIGRATION (200-420m) fresh area → (86, -166)
[Vision] copper_ore at (32, 54, 22) exists but unobtainable — blacklisting exact block
[Vision] Area looks barren/protected — migrating far
[Vision] No usable memory of copper_ore — MIGRATION (200-420m) fresh area → (-19, 222)
[Vision] copper_ore at (32, 54, 22) exists but unobtainable — blacklisting exact block
[Vision] Area looks barren/protected — migrating far
[Vision] No usable memory of copper_ore — MIGRATION (200-420m) fresh area → (-138, -86)
[Vision] copper_ore at (32, 54, 22) exists but unobtainable — blacklisting exact block
[Vision] Area looks barren/protected — migrating far
[Vision] No usable memory of copper_ore — MIGRATION (200-420m) fresh area → (216, 114)
[Vision] copper_ore at (32, 54, 22) exists but unobtainable — blacklisting exact block
[Vision] Area looks barren/protected — migrating far
[Vision] No usable memory of copper_ore — MIGRATION (200-420m) fresh area → (-14, -177)
[Vision] copper_ore at (32, 54, 22) exists but unobtainable — blacklisting exact block
[Vision] Area looks barren/protected — migrating far
[Vision] No usable memory of copper_ore — MIGRATION (200-420m) fresh area → (-33, 220)
[Vision] copper_ore at (32, 54, 22) exists but unobtainable — blacklisting exact block
[Vision] Area looks barren/protected — migrating far
[Vision] No usable memory of copper_ore — MIGRATION (200-420m) fresh area → (-83, 195)
[Vision] copper_ore at (32, 54, 22) exists but unobtainable — blacklisting exact block
[Vision] Area looks barren/protected — migrating far
[Vision] No usable memory of copper_ore — MIGRATION (200-420m) fresh area → (171, 182)
[Vision] copper_ore at (32, 54, 22) exists but unobtainable — blacklisting exact block
[Vision] Area looks barren/protected — migrating far
[Vision] No usable memory of copper_ore — MIGRATION (200-420m) fresh area → (204, -99)
[Vision] copper_ore at (32, 54, 22) exists but unobtainable — blacklisting exact block
[Vision] Area looks barren/protected — migrating far
[Vision] No usable memory of copper_ore — MIGRATION (200-420m) fresh area → (-167, -8)
[Vision] copper_ore at (32, 54, 22) exists but unobtainable — blacklisting exact block
[Vision] Area looks barren/protected — migrating far
[Vision] No usable memory of copper_ore — MIGRATION (200-420m) fresh area → (191, 172)
[Vision] copper_ore at (32, 54, 22) exists but unobtainable — blacklisting exact block
[Vision] Area looks barren/protected — migrating far
[Vision] No usable memory of copper_ore — MIGRATION (200-420m) fresh area → (-162, 137)
[Vision] copper_ore at (32, 54, 22) exists but unobtainable — blacklisting exact block
[Vision] Area looks barren/protected — migrating far
[Vision] No usable memory of copper_ore — MIGRATION (200-420m) fresh area → (221, -77)
[Vision] copper_ore at (32, 54, 22) exists but unobtainable — blacklisting exact block
[Vision] Area looks barren/protected — migrating far
[Vision] No usable memory of copper_ore — MIGRATION (200-420m) fresh area → (-107, 179)
[Vision] copper_ore at (32, 54, 22) exists but unobtainable — blacklisting exact block
[Vision] Area looks barren/protected — migrating far
[Vision] No usable memory of copper_ore — MIGRATION (200-420m) fresh area → (-197, 32)
[Vision] copper_ore at (32, 54, 22) exists but unobtainable — blacklisting exact block
[Vision] Area looks barren/protected — migrating far
[Vision] No usable memory of copper_ore — MIGRATION (200-420m) fresh area → (-128, -93)
[Vision] copper_ore at (32, 54, 22) exists but unobtainable — blacklisting exact block
[Vision] Area looks barren/protected — migrating far
[Vision] No usable memory of copper_ore — MIGRATION (200-420m) fresh area → (219, -68)
[Vision] copper_ore at (32, 54, 22) exists but unobtainable — blacklisting exact block
[Vision] Area looks barren/protected — migrating far
[Vision] No usable memory of copper_ore — MIGRATION (200-420m) fresh area → (58, -171)
[Vision] copper_ore at (32, 54, 22) exists but unobtainable — blacklisting exact block
[Vision] Area looks barren/protected — migrating far
[Vision] No usable memory of copper_ore — MIGRATION (200-420m) fresh area → (-152, -92)
[Vision] copper_ore at (32, 54, 22) exists but unobtainable — blacklisting exact block
[Vision] Area looks barren/protected — migrating far
[Vision] No usable memory of copper_ore — MIGRATION (200-420m) fresh area → (228, -45)
[Vision] copper_ore at (32, 54, 22) exists but unobtainable — blacklisting exact block
[Vision] Area looks barren/protected — migrating far
[Vision] No usable memory of copper_ore — MIGRATION (200-420m) fresh area → (-173, -43)
[Vision] copper_ore at (32, 54, 22) exists but unobtainable — blacklisting exact block
[Vision] Area looks barren/protected — migrating far
[Vision] No usable memory of copper_ore — MIGRATION (200-420m) fresh area → (236, -7)
[Vision] copper_ore at (32, 54, 22) exists but unobtainable — blacklisting exact block
[Vision] Area looks barren/protected — migrating far
[Vision] No usable memory of copper_ore — MIGRATION (200-420m) fresh area → (166, -158)
[Vision] copper_ore at (32, 54, 22) exists but unobtainable — blacklisting exact block
[Vision] Area looks barren/protected — migrating far
[Vision] No usable memory of copper_ore — MIGRATION (200-420m) fresh area → (7, 280)
[Vision] copper_ore at (32, 54, 22) exists but unobtainable — blacklisting exact block
[Vision] Area looks barren/protected — migrating far
[Vision] No usable memory of copper_ore — MIGRATION (200-420m) fresh area → (-184, 150)
[Vision] copper_ore at (32, 54, 22) exists but unobtainable — blacklisting exact block
[Vision] Area looks barren/protected — migrating far
[Vision] No usable memory of copper_ore — MIGRATION (200-420m) fresh area → (28, -173)
[Vision] copper_ore at (32, 54, 22) exists but unobtainable — blacklisting exact block
[Vision] Area looks barren/protected — migrating far
[Vision] No usable memory of copper_ore — MIGRATION (200-420m) fresh area → (155, -136)
[Vision] copper_ore at (32, 54, 22) exists but unobtainable — blacklisting exact block
[Vision] Area looks barren/protected — migrating far
[Vision] No usable memory of copper_ore — MIGRATION (200-420m) fresh area → (223, 97)
[Vision] copper_ore at (32, 54, 22) exists but unobtainable — blacklisting exact block
[Vision] Area looks barren/protected — migrating far
[Vision] No usable memory of copper_ore — MIGRATION (200-420m) fresh area → (-155, -73)
[Vision] copper_ore at (32, 54, 22) exists but unobtainable — blacklisting exact block
[Vision] Area looks barren/protected — migrating far
[Vision] No usable memory of copper_ore — MIGRATION (200-420m) fresh area → (130, -161)
[Vision] copper_ore at (32, 54, 22) exists but unobtainable — blacklisting exact block
[Vision] Area looks barren/protected — migrating far
[Vision] No usable memory of copper_ore — MIGRATION (200-420m) fresh area → (108, -179)
[Vision] copper_ore at (32, 54, 22) exists but unobtainable — blacklisting exact block
[Vision] Area looks barren/protected — migrating far
[Vision] No usable memory of copper_ore — MIGRATION (200-420m) fresh area → (218, 121)
[Vision] copper_ore at (32, 54, 22) exists but unobtainable — blacklisting exact block
[Vision] Area looks barren/protected — migrating far
[Vision] No usable memory of copper_ore — MIGRATION (200-420m) fresh area → (-163, 94)
[Vision] copper_ore at (32, 54, 22) exists but unobtainable — blacklisting exact block
[Vision] Area looks barren/protected — migrating far
[Vision] No usable memory of copper_ore — MIGRATION (200-420m) fresh area → (163, 185)
[Vision] copper_ore at (32, 54, 22) exists but unobtainable — blacklisting exact block
[Vision] Area looks barren/protected — migrating far
[Vision] No usable memory of copper_ore — MIGRATION (200-420m) fresh area → (164, -131)
[Vision] copper_ore at (32, 54, 22) exists but unobtainable — blacklisting exact block
[Vision] Area looks barren/protected — migrating far
[Vision] No usable memory of copper_ore — MIGRATION (200-420m) fresh area → (-192, 135)
[Vision] copper_ore at (32, 54, 22) exists but unobtainable — blacklisting exact block
[Vision] Area looks barren/protected — migrating far
[Vision] No usable memory of copper_ore — MIGRATION (200-420m) fresh area → (-178, 85)
[Vision] copper_ore at (32, 54, 22) exists but unobtainable — blacklisting exact block
[Vision] Area looks barren/protected — migrating far
[Vision] No usable memory of copper_ore — MIGRATION (200-420m) fresh area → (-153, -83)
[Vision] copper_ore at (32, 54, 22) exists but unobtainable — blacklisting exact block
[Vision] Area looks barren/protected — migrating far
[Vision] No usable memory of copper_ore — MIGRATION (200-420m) fresh area → (185, 181)
[Vision] copper_ore at (32, 54, 22) exists but unobtainable — blacklisting exact block
[Vision] Area looks barren/protected — migrating far
[Vision] No usable memory of copper_ore — MIGRATION (200-420m) fresh area → (-46, 233)
[Vision] copper_ore at (32, 54, 22) exists but unobtainable — blacklisting exact block
[Vision] Area looks barren/protected — migrating far
[Vision] No usable memory of copper_ore — MIGRATION (200-420m) fresh area → (64, -198)
[Vision] copper_ore at (32, 54, 22) exists but unobtainable — blacklisting exact block
[Vision] Area looks barren/protected — migrating far
[Vision] No usable memory of copper_ore — MIGRATION (200-420m) fresh area → (229, -11)
[Vision] copper_ore at (32, 54, 22) exists but unobtainable — blacklisting exact block
[Vision] Area looks barren/protected — migrating far
[Vision] No usable memory of copper_ore — MIGRATION (200-420m) fresh area → (-160, 107)
[Vision] copper_ore at (32, 54, 22) exists but unobtainable — blacklisting exact block
[Vision] Area looks barren/protected — migrating far
[Vision] No usable memory of copper_ore — MIGRATION (200-420m) fresh area → (254, 91)
[Vision] copper_ore at (32, 54, 22) exists but unobtainable — blacklisting exact block
[Vision] Area looks barren/protected — migrating far
[Vision] No usable memory of copper_ore — MIGRATION (200-420m) fresh area → (-128, -107)
[Vision] copper_ore at (32, 54, 22) exists but unobtainable — blacklisting exact block
[Vision] Area looks barren/protected — migrating far
[Vision] No usable memory of copper_ore — MIGRATION (200-420m) fresh area → (-115, -107)
[Vision] copper_ore at (32, 54, 22) exists but unobtainable — blacklisting exact block
[Vision] Area looks barren/protected — migrating far
[Vision] No usable memory of copper_ore — MIGRATION (200-420m) fresh area → (103, 219)
[Vision] copper_ore at (32, 54, 22) exists but unobtainable — blacklisting exact block
[Vision] Area looks barren/protected — migrating far
[Vision] No usable memory of copper_ore — MIGRATION (200-420m) fresh area → (-136, 149)
[Vision] copper_ore at (32, 54, 22) exists but unobtainable — blacklisting exact block
[Vision] Area looks barren/protected — migrating far
[Vision] No usable memory of copper_ore — MIGRATION (200-420m) fresh area → (188, 158)
[Vision] copper_ore at (32, 54, 22) exists but unobtainable — blacklisting exact block
[Vision] Area looks barren/protected — migrating far
[Vision] No usable memory of copper_ore — MIGRATION (200-420m) fresh area → (-161, 92)
[Vision] copper_ore at (32, 54, 22) exists but unobtainable — blacklisting exact block
[Vision] Area looks barren/protected — migrating far
[Vision] No usable memory of copper_ore — MIGRATION (200-420m) fresh area → (82, 238)
[Vision] copper_ore at (32, 54, 22) exists but unobtainable — blacklisting exact block
[Vision] Area looks barren/protected — migrating far
[Vision] No usable memory of copper_ore — MIGRATION (200-420m) fresh area → (228, -26)
[Vision] copper_ore at (32, 54, 22) exists but unobtainable — blacklisting exact block
[Vision] Area looks barren/protected — migrating far
[Vision] No usable memory of copper_ore — MIGRATION (200-420m) fresh area → (118, 211)
[Vision] copper_ore at (32, 54, 22) exists but unobtainable — blacklisting exact block
[Vision] Area looks barren/protected — migrating far
[Vision] No usable memory of copper_ore — MIGRATION (200-420m) fresh area → (-180, 38)
[Vision] copper_ore at (32, 54, 22) exists but unobtainable — blacklisting exact block
[Vision] Area looks barren/protected — migrating far
[Vision] No usable memory of copper_ore — MIGRATION (200-420m) fresh area → (55, -173)
[Vision] copper_ore at (32, 54, 22) exists but unobtainable — blacklisting exact block
[Vision] Area looks barren/protected — migrating far
[Vision] No usable memory of copper_ore — MIGRATION (200-420m) fresh area → (-186, 98)
[Vision] copper_ore at (32, 54, 22) exists but unobtainable — blacklisting exact block
[Vision] Area looks barren/protected — migrating far
[Vision] No usable memory of copper_ore — MIGRATION (200-420m) fresh area → (235, -89)
[Vision] copper_ore at (32, 54, 22) exists but unobtainable — blacklisting exact block
[Vision] Area looks barren/protected — migrating far
[Vision] No usable memory of copper_ore — MIGRATION (200-420m) fresh area → (-80, 241)
[Vision] copper_ore at (32, 54, 22) exists but unobtainable — blacklisting exact block
[Vision] Area looks barren/protected — migrating far
[Vision] No usable memory of copper_ore — MIGRATION (200-420m) fresh area → (234, 73)
[Vision] copper_ore at (32, 54, 22) exists but unobtainable — blacklisting exact block
[Vision] Area looks barren/protected — migrating far
[Vision] No usable memory of copper_ore — MIGRATION (200-420m) fresh area → (-168, -79)
[Vision] copper_ore at (32, 54, 22) exists but unobtainable — blacklisting exact block
[Vision] Area looks barren/protected — migrating far
[Vision] No usable memory of copper_ore — MIGRATION (200-420m) fresh area → (186, -101)
[Vision] copper_ore at (32, 54, 22) exists but unobtainable — blacklisting exact block
[Vision] Area looks barren/protected — migrating far
[Vision] No usable memory of copper_ore — MIGRATION (200-420m) fresh area → (-176, -3)
[Vision] copper_ore at (32, 54, 22) exists but unobtainable — blacklisting exact block
[Vision] Area looks barren/protected — migrating far
[Vision] No usable memory of copper_ore — MIGRATION (200-420m) fresh area → (199, -83)
[Vision] copper_ore at (32, 54, 22) exists but unobtainable — blacklisting exact block
[Vision] Area looks barren/protected — migrating far
[Vision] No usable memory of copper_ore — MIGRATION (200-420m) fresh area → (188, 165)
[Vision] copper_ore at (32, 54, 22) exists but unobtainable — blacklisting exact block
[Vision] Area looks barren/protected — migrating far
[Vision] No usable memory of copper_ore — MIGRATION (200-420m) fresh area → (121, -160)
[Vision] copper_ore at (32, 54, 22) exists but unobtainable — blacklisting exact block
[Vision] Area looks barren/protected — migrating far
[Vision] No usable memory of copper_ore — MIGRATION (200-420m) fresh area → (2, 247)
[Vision] copper_ore at (32, 54, 22) exists but unobtainable — blacklisting exact block
[Vision] Area looks barren/protected — migrating far
[Vision] No usable memory of copper_ore — MIGRATION (200-420m) fresh area → (-32, 225)
[Vision] copper_ore at (32, 54, 22) exists but unobtainable — blacklisting exact block
[Vision] Area looks barren/protected — migrating far
[Vision] No usable memory of copper_ore — MIGRATION (200-420m) fresh area → (69, 227)
[Vision] copper_ore at (32, 54, 22) exists but unobtainable — blacklisting exact block
[Vision] Area looks barren/protected — migrating far
[Vision] No usable memory of copper_ore — MIGRATION (200-420m) fresh area → (-137, 173)
[Vision] copper_ore at (32, 54, 22) exists but unobtainable — blacklisting exact block
[Vision] Area looks barren/protected — migrating far
[Vision] No usable memory of copper_ore — MIGRATION (200-420m) fresh area → (119, -178)
[Vision] copper_ore at (32, 54, 22) exists but unobtainable — blacklisting exact block
[Vision] Area looks barren/protected — migrating far
[Vision] No usable memory of copper_ore — MIGRATION (200-420m) fresh area → (-15, -179)
[Vision] copper_ore at (32, 54, 22) exists but unobtainable — blacklisting exact block
[Vision] Area looks barren/protected — migrating far
[Vision] No usable memory of copper_ore — MIGRATION (200-420m) fresh area → (12, 228)
[Vision] copper_ore at (32, 54, 22) exists but unobtainable — blacklisting exact block
[Vision] Area looks barren/protected — migrating far
[Vision] No usable memory of copper_ore — MIGRATION (200-420m) fresh area → (-48, 214)
[Vision] copper_ore at (32, 54, 22) exists but unobtainable — blacklisting exact block
[Vision] Area looks barren/protected — migrating far
[Vision] No usable memory of copper_ore — MIGRATION (200-420m) fresh area → (183, 186)
[Vision] copper_ore at (32, 54, 22) exists but unobtainable — blacklisting exact block
[Vision] Area looks barren/protected — migrating far
[Vision] No usable memory of copper_ore — MIGRATION (200-420m) fresh area → (180, -113)
[Vision] copper_ore at (32, 54, 22) exists but unobtainable — blacklisting exact block
[Vision] Area looks barren/protected — migrating far
[Vision] No usable memory of copper_ore — MIGRATION (200-420m) fresh area → (-175, -24)
[Vision] copper_ore at (32, 54, 22) exists but unobtainable — blacklisting exact block
[Vision] Area looks barren/protected — migrating far
[Vision] No usable memory of copper_ore — MIGRATION (200-420m) fresh area → (222, 95)
[Vision] copper_ore at (32, 54, 22) exists but unobtainable — blacklisting exact block
[Vision] Area looks barren/protected — migrating far
[Vision] No usable memory of copper_ore — MIGRATION (200-420m) fresh area → (-51, 235)
[Vision] copper_ore at (32, 54, 22) exists but unobtainable — blacklisting exact block
[Vision] Area looks barren/protected — migrating far
[Vision] No usable memory of copper_ore — MIGRATION (200-420m) fresh area → (-11, 225)
[Vision] copper_ore at (32, 54, 22) exists but unobtainable — blacklisting exact block
[Vision] Area looks barren/protected — migrating far
[Vision] No usable memory of copper_ore — MIGRATION (200-420m) fresh area → (-185, 2)
[Vision] copper_ore at (32, 54, 22) exists but unobtainable — blacklisting exact block
[Vision] Area looks barren/protected — migrating far
[Vision] No usable memory of copper_ore — MIGRATION (200-420m) fresh area → (57, 229)
[Vision] copper_ore at (32, 54, 22) exists but unobtainable — blacklisting exact block
[Vision] Area looks barren/protected — migrating far
[Vision] No usable memory of copper_ore — MIGRATION (200-420m) fresh area → (-184, -46)
[Vision] copper_ore at (32, 54, 22) exists but unobtainable — blacklisting exact block
[Vision] Area looks barren/protected — migrating far
[Vision] No usable memory of copper_ore — MIGRATION (200-420m) fresh area → (131, -155)
[Vision] copper_ore at (32, 54, 22) exists but unobtainable — blacklisting exact block
[Vision] Area looks barren/protected — migrating far
[Vision] No usable memory of copper_ore — MIGRATION (200-420m) fresh area → (-91, -147)
[Vision] copper_ore at (32, 54, 22) exists but unobtainable — blacklisting exact block
[Vision] Area looks barren/protected — migrating far
[Vision] No usable memory of copper_ore — MIGRATION (200-420m) fresh area → (-71, -169)
[Vision] copper_ore at (32, 54, 22) exists but unobtainable — blacklisting exact block
[Vision] Area looks barren/protected — migrating far
[Vision] No usable memory of copper_ore — MIGRATION (200-420m) fresh area → (120, -163)
[Vision] copper_ore at (32, 54, 22) exists but unobtainable — blacklisting exact block
[Vision] Area looks barren/protected — migrating far
[Vision] No usable memory of copper_ore — MIGRATION (200-420m) fresh area → (211, -78)
[Vision] copper_ore at (32, 54, 22) exists but unobtainable — blacklisting exact block
[Vision] Area looks barren/protected — migrating far
[Vision] No usable memory of copper_ore — MIGRATION (200-420m) fresh area → (-14, 226)
[Vision] copper_ore at (32, 54, 22) exists but unobtainable — blacklisting exact block
[Vision] Area looks barren/protected — migrating far
[Vision] No usable memory of copper_ore — MIGRATION (200-420m) fresh area → (-193, 42)
[Vision] copper_ore at (32, 54, 22) exists but unobtainable — blacklisting exact block
[Vision] Area looks barren/protected — migrating far
[Vision] No usable memory of copper_ore — MIGRATION (200-420m) fresh area → (-27, 230)
[Vision] copper_ore at (32, 54, 22) exists but unobtainable — blacklisting exact block
[Vision] Area looks barren/protected — migrating far
[Vision] No usable memory of copper_ore — MIGRATION (200-420m) fresh area → (-111, -127)
[Vision] copper_ore at (32, 54, 22) exists but unobtainable — blacklisting exact block
[Vision] Area looks barren/protected — migrating far
[Vision] No usable memory of copper_ore — MIGRATION (200-420m) fresh area → (166, -152)
[Vision] copper_ore at (32, 54, 22) exists but unobtainable — blacklisting exact block
[Vision] Area looks barren/protected — migrating far
[Vision] No usable memory of copper_ore — MIGRATION (200-420m) fresh area → (-125, -100)
[Vision] copper_ore at (32, 54, 22) exists but unobtainable — blacklisting exact block
[Vision] Area looks barren/protected — migrating far
[Vision] No usable memory of copper_ore — MIGRATION (200-420m) fresh area → (115, -155)
[Vision] copper_ore at (32, 54, 22) exists but unobtainable — blacklisting exact block
[Vision] Area looks barren/protected — migrating far
[Vision] No usable memory of copper_ore — MIGRATION (200-420m) fresh area → (82, -173)
[Vision] copper_ore at (32, 54, 22) exists but unobtainable — blacklisting exact block
[Vision] Area looks barren/protected — migrating far
[Vision] No usable memory of copper_ore — MIGRATION (200-420m) fresh area → (-18, -176)
[Vision] copper_ore at (32, 54, 22) exists but unobtainable — blacklisting exact block
[Vision] Area looks barren/protected — migrating far
[Vision] No usable memory of copper_ore — MIGRATION (200-420m) fresh area → (-4, -170)
[Vision] copper_ore at (32, 54, 22) exists but unobtainable — blacklisting exact block
[Vision] Area looks barren/protected — migrating far
[Vision] No usable memory of copper_ore — MIGRATION (200-420m) fresh area → (207, -81)
[Vision] copper_ore at (32, 54, 22) exists but unobtainable — blacklisting exact block
[Vision] Area looks barren/protected — migrating far
[Vision] No usable memory of copper_ore — MIGRATION (200-420m) fresh area → (-164, -45)
[Vision] copper_ore at (32, 54, 22) exists but unobtainable — blacklisting exact block
[Vision] Area looks barren/protected — migrating far
[Vision] No usable memory of copper_ore — MIGRATION (200-420m) fresh area → (-12, 227)
[Vision] copper_ore at (32, 54, 22) exists but unobtainable — blacklisting exact block
[Vision] Area looks barren/protected — migrating far
[Vision] No usable memory of copper_ore — MIGRATION (200-420m) fresh area → (-112, 167)
[Vision] copper_ore at (32, 54, 22) exists but unobtainable — blacklisting exact block
[Vision] Area looks barren/protected — migrating far
[Vision] No usable memory of copper_ore — MIGRATION (200-420m) fresh area → (-191, 26)
[Vision] copper_ore at (32, 54, 22) exists but unobtainable — blacklisting exact block
[Vision] Area looks barren/protected — migrating far
[Vision] No usable memory of copper_ore — MIGRATION (200-420m) fresh area → (175, -137)
[Vision] copper_ore at (32, 54, 22) exists but unobtainable — blacklisting exact block
[Vision] Area looks barren/protected — migrating far
[Vision] No usable memory of copper_ore — MIGRATION (200-420m) fresh area → (191, 158)
[Vision] copper_ore at (32, 54, 22) exists but unobtainable — blacklisting exact block
[Vision] Area looks barren/protected — migrating far
[Vision] No usable memory of copper_ore — MIGRATION (200-420m) fresh area → (175, 190)
[Vision] copper_ore at (32, 54, 22) exists but unobtainable — blacklisting exact block
[Vision] Area looks barren/protected — migrating far
[Vision] No usable memory of copper_ore — MIGRATION (200-420m) fresh area → (15, 228)
[Vision] copper_ore at (32, 54, 22) exists but unobtainable — blacklisting exact block
[Vision] Area looks barren/protected — migrating far
[Vision] No usable memory of copper_ore — MIGRATION (200-420m) fresh area → (73, -175)
[Vision] copper_ore at (32, 54, 22) exists but unobtainable — blacklisting exact block
[Vision] Area looks barren/protected — migrating far
[Vision] No usable memory of copper_ore — MIGRATION (200-420m) fresh area → (-144, 128)
[Vision] copper_ore at (32, 54, 22) exists but unobtainable — blacklisting exact block
[Vision] Area looks barren/protected — migrating far
[Vision] No usable memory of copper_ore — MIGRATION (200-420m) fresh area → (121, 218)
[Vision] copper_ore at (32, 54, 22) exists but unobtainable — blacklisting exact block
[Vision] Area looks barren/protected — migrating far
[Vision] No usable memory of copper_ore — MIGRATION (200-420m) fresh area → (-65, 227)
[Vision] copper_ore at (32, 54, 22) exists but unobtainable — blacklisting exact block
[Vision] Area looks barren/protected — migrating far
[Vision] No usable memory of copper_ore — MIGRATION (200-420m) fresh area → (87, 232)
[Vision] copper_ore at (32, 54, 22) exists but unobtainable — blacklisting exact block
[Vision] Area looks barren/protected — migrating far
[Vision] No usable memory of copper_ore — MIGRATION (200-420m) fresh area → (-119, -144)
[Vision] copper_ore at (32, 54, 22) exists but unobtainable — blacklisting exact block
[Vision] Area looks barren/protected — migrating far
[Vision] No usable memory of copper_ore — MIGRATION (200-420m) fresh area → (-93, 197)
[Vision] copper_ore at (32, 54, 22) exists but unobtainable — blacklisting exact block
[Vision] Area looks barren/protected — migrating far
[Vision] No usable memory of copper_ore — MIGRATION (200-420m) fresh area → (-162, -76)
[Vision] copper_ore at (32, 54, 22) exists but unobtainable — blacklisting exact block
[Vision] Area looks barren/protected — migrating far
[Vision] No usable memory of copper_ore — MIGRATION (200-420m) fresh area → (236, 77)
[Vision] copper_ore at (32, 54, 22) exists but unobtainable — blacklisting exact block
[Vision] Area looks barren/protected — migrating far
[Vision] No usable memory of copper_ore — MIGRATION (200-420m) fresh area → (105, -188)
[Vision] copper_ore at (32, 54, 22) exists but unobtainable — blacklisting exact block
[Vision] Area looks barren/protected — migrating far
[Vision] No usable memory of copper_ore — MIGRATION (200-420m) fresh area → (-51, -162)
[Vision] copper_ore at (32, 54, 22) exists but unobtainable — blacklisting exact block
[Vision] Area looks barren/protected — migrating far
[Vision] No usable memory of copper_ore — MIGRATION (200-420m) fresh area → (124, 230)
[Vision] copper_ore at (32, 54, 22) exists but unobtainable — blacklisting exact block
[Vision] Area looks barren/protected — migrating far
[Vision] No usable memory of copper_ore — MIGRATION (200-420m) fresh area → (145, -204)
[Vision] copper_ore at (32, 54, 22) exists but unobtainable — blacklisting exact block
[Vision] Area looks barren/protected — migrating far
[Vision] No usable memory of copper_ore — MIGRATION (200-420m) fresh area → (239, 59)
[Vision] copper_ore at (32, 54, 22) exists but unobtainable — blacklisting exact block
[Vision] Area looks barren/protected — migrating far
[Vision] No usable memory of copper_ore — MIGRATION (200-420m) fresh area → (-158, 128)
[Vision] copper_ore at (32, 54, 22) exists but unobtainable — blacklisting exact block
[Vision] Area looks barren/protected — migrating far
[Vision] No usable memory of copper_ore — MIGRATION (200-420m) fresh area → (172, 182)
[Vision] copper_ore at (32, 54, 22) exists but unobtainable — blacklisting exact block
[Vision] Area looks barren/protected — migrating far
[Vision] No usable memory of copper_ore — MIGRATION (200-420m) fresh area → (-146, -62)
[Vision] copper_ore at (32, 54, 22) exists but unobtainable — blacklisting exact block
[Vision] Area looks barren/protected — migrating far
[Vision] No usable memory of copper_ore — MIGRATION (200-420m) fresh area → (18, 237)
[Vision] copper_ore at (32, 54, 22) exists but unobtainable — blacklisting exact block
[Vision] Area looks barren/protected — migrating far
[Vision] No usable memory of copper_ore — MIGRATION (200-420m) fresh area → (-139, -77)
[Vision] copper_ore at (32, 54, 22) exists but unobtainable — blacklisting exact block
[Vision] Area looks barren/protected — migrating far
[Vision] No usable memory of copper_ore — MIGRATION (200-420m) fresh area → (-73, -147)
[Vision] copper_ore at (32, 54, 22) exists but unobtainable — blacklisting exact block
[Vision] Area looks barren/protected — migrating far
[Vision] No usable memory of copper_ore — MIGRATION (200-420m) fresh area → (165, 203)
[Vision] copper_ore at (32, 54, 22) exists but unobtainable — blacklisting exact block
[Vision] Area looks barren/protected — migrating far
[Vision] No usable memory of copper_ore — MIGRATION (200-420m) fresh area → (-63, -162)
[Vision] copper_ore at (32, 54, 22) exists but unobtainable — blacklisting exact block
[Vision] Area looks barren/protected — migrating far
[Vision] No usable memory of copper_ore — MIGRATION (200-420m) fresh area → (-181, 2)
[Vision] copper_ore at (32, 54, 22) exists but unobtainable — blacklisting exact block
[Vision] Area looks barren/protected — migrating far
[Vision] No usable memory of copper_ore — MIGRATION (200-420m) fresh area → (-103, -156)
[Vision] copper_ore at (32, 54, 22) exists but unobtainable — blacklisting exact block
[Vision] Area looks barren/protected — migrating far
[Vision] No usable memory of copper_ore — MIGRATION (200-420m) fresh area → (157, -134)
[Vision] copper_ore at (32, 54, 22) exists but unobtainable — blacklisting exact block
[Vision] Area looks barren/protected — migrating far
[Vision] No usable memory of copper_ore — MIGRATION (200-420m) fresh area → (43, -185)
[Vision] copper_ore at (32, 54, 22) exists but unobtainable — blacklisting exact block
[Vision] Area looks barren/protected — migrating far
[Vision] No usable memory of copper_ore — MIGRATION (200-420m) fresh area → (147, 214)
[Vision] copper_ore at (32, 54, 22) exists but unobtainable — blacklisting exact block
[Vision] Area looks barren/protected — migrating far
[Vision] No usable memory of copper_ore — MIGRATION (200-420m) fresh area → (-180, 36)
[Vision] copper_ore at (32, 54, 22) exists but unobtainable — blacklisting exact block
[Vision] Area looks barren/protected — migrating far
[Vision] No usable memory of copper_ore — MIGRATION (200-420m) fresh area → (196, 146)
[Vision] copper_ore at (32, 54, 22) exists but unobtainable — blacklisting exact block
[Vision] Area looks barren/protected — migrating far
[Vision] No usable memory of copper_ore — MIGRATION (200-420m) fresh area → (144, -139)
[Vision] copper_ore at (32, 54, 22) exists but unobtainable — blacklisting exact block
[Vision] Area looks barren/protected — migrating far
[Vision] No usable memory of copper_ore — MIGRATION (200-420m) fresh area → (139, -143)
[Vision] copper_ore at (32, 54, 22) exists but unobtainable — blacklisting exact block
[Vision] Area looks barren/protected — migrating far
[Vision] No usable memory of copper_ore — MIGRATION (200-420m) fresh area → (79, -167)
[Vision] copper_ore at (32, 54, 22) exists but unobtainable — blacklisting exact block
[Vision] Area looks barren/protected — migrating far
[Vision] No usable memory of copper_ore — MIGRATION (200-420m) fresh area → (-171, 62)
[Vision] copper_ore at (32, 54, 22) exists but unobtainable — blacklisting exact block
[Vision] Area looks barren/protected — migrating far
[Vision] No usable memory of copper_ore — MIGRATION (200-420m) fresh area → (-41, 217)
[Vision] copper_ore at (32, 54, 22) exists but unobtainable — blacklisting exact block
[Vision] Area looks barren/protected — migrating far
[Vision] No usable memory of copper_ore — MIGRATION (200-420m) fresh area → (138, -142)
[Vision] copper_ore at (32, 54, 22) exists but unobtainable — blacklisting exact block
[Vision] Area looks barren/protected — migrating far
[Vision] No usable memory of copper_ore — MIGRATION (200-420m) fresh area → (170, 235)
[Vision] copper_ore at (32, 54, 22) exists but unobtainable — blacklisting exact block
[Vision] Area looks barren/protected — migrating far
[Vision] No usable memory of copper_ore — MIGRATION (200-420m) fresh area → (-132, -120)
[Vision] copper_ore at (32, 54, 22) exists but unobtainable — blacklisting exact block
[Vision] Area looks barren/protected — migrating far
[Vision] No usable memory of copper_ore — MIGRATION (200-420m) fresh area → (218, 135)
[Vision] copper_ore at (32, 54, 22) exists but unobtainable — blacklisting exact block
[Vision] Area looks barren/protected — migrating far
[Vision] No usable memory of copper_ore — MIGRATION (200-420m) fresh area → (230, 137)
[Vision] copper_ore at (32, 54, 22) exists but unobtainable — blacklisting exact block
[Vision] Area looks barren/protected — migrating far
[Vision] No usable memory of copper_ore — MIGRATION (200-420m) fresh area → (244, 24)
[Vision] copper_ore at (32, 54, 22) exists but unobtainable — blacklisting exact block
[Vision] Area looks barren/protected — migrating far
[Vision] No usable memory of copper_ore — MIGRATION (200-420m) fresh area → (-50, -167)
[Vision] copper_ore at (32, 54, 22) exists but unobtainable — blacklisting exact block
[Vision] Area looks barren/protected — migrating far
[Vision] No usable memory of copper_ore — MIGRATION (200-420m) fresh area → (-152, 109)
[Vision] copper_ore at (32, 54, 22) exists but unobtainable — blacklisting exact block
[Vision] Area looks barren/protected — migrating far
[Vision] No usable memory of copper_ore — MIGRATION (200-420m) fresh area → (37, 243)
[Vision] copper_ore at (32, 54, 22) exists but unobtainable — blacklisting exact block
[Vision] Area looks barren/protected — migrating far
[Vision] No usable memory of copper_ore — MIGRATION (200-420m) fresh area → (113, -158)
[Vision] copper_ore at (32, 54, 22) exists but unobtainable — blacklisting exact block
[Vision] Area looks barren/protected — migrating far
[Vision] No usable memory of copper_ore — MIGRATION (200-420m) fresh area → (66, -179)
[Vision] copper_ore at (32, 54, 22) exists but unobtainable — blacklisting exact block
[Vision] Area looks barren/protected — migrating far
[Vision] No usable memory of copper_ore — MIGRATION (200-420m) fresh area → (9, -177)
[Vision] copper_ore at (32, 54, 22) exists but unobtainable — blacklisting exact block
[Vision] Area looks barren/protected — migrating far
[Vision] No usable memory of copper_ore — MIGRATION (200-420m) fresh area → (91, -163)
[Vision] copper_ore at (32, 54, 22) exists but unobtainable — blacklisting exact block
[Vision] Area looks barren/protected — migrating far
[Vision] No usable memory of copper_ore — MIGRATION (200-420m) fresh area → (-158, -74)
[Vision] copper_ore at (32, 54, 22) exists but unobtainable — blacklisting exact block
[Vision] Area looks barren/protected — migrating far
[Vision] No usable memory of copper_ore — MIGRATION (200-420m) fresh area → (-93, 189)
[Vision] copper_ore at (32, 54, 22) exists but unobtainable — blacklisting exact block
[Vision] Area looks barren/protected — migrating far
[Vision] No usable memory of copper_ore — MIGRATION (200-420m) fresh area → (-165, -103)
[Vision] copper_ore at (32, 54, 22) exists but unobtainable — blacklisting exact block
[Vision] Area looks barren/protected — migrating far
[Vision] No usable memory of copper_ore — MIGRATION (200-420m) fresh area → (186, 187)
[Vision] copper_ore at (32, 54, 22) exists but unobtainable — blacklisting exact block
[Vision] Area looks barren/protected — migrating far
[Vision] No usable memory of copper_ore — MIGRATION (200-420m) fresh area → (171, 174)
[Vision] copper_ore at (32, 54, 22) exists but unobtainable — blacklisting exact block
[Vision] Area looks barren/protected — migrating far
[Vision] No usable memory of copper_ore — MIGRATION (200-420m) fresh area → (-80, -160)
[Vision] copper_ore at (32, 54, 22) exists but unobtainable — blacklisting exact block
[Vision] Area looks barren/protected — migrating far
[Vision] No usable memory of copper_ore — MIGRATION (200-420m) fresh area → (210, 173)
[Vision] copper_ore at (32, 54, 22) exists but unobtainable — blacklisting exact block
[Vision] Area looks barren/protected — migrating far
[Vision] No usable memory of copper_ore — MIGRATION (200-420m) fresh area → (-2, -170)
[Vision] copper_ore at (32, 54, 22) exists but unobtainable — blacklisting exact block
[Vision] Area looks barren/protected — migrating far
[Vision] No usable memory of copper_ore — MIGRATION (200-420m) fresh area → (167, 177)
[Vision] copper_ore at (32, 54, 22) exists but unobtainable — blacklisting exact block
[Vision] Area looks barren/protected — migrating far
[Vision] No usable memory of copper_ore — MIGRATION (200-420m) fresh area → (234, -40)
[Vision] copper_ore at (32, 54, 22) exists but unobtainable — blacklisting exact block
[Vision] Area looks barren/protected — migrating far
[Vision] No usable memory of copper_ore — MIGRATION (200-420m) fresh area → (-167, -31)
[Vision] copper_ore at (32, 54, 22) exists but unobtainable — blacklisting exact block
[Vision] Area looks barren/protected — migrating far
[Vision] No usable memory of copper_ore — MIGRATION (200-420m) fresh area → (-127, -113)
[Vision] copper_ore at (32, 54, 22) exists but unobtainable — blacklisting exact block
[Vision] Area looks barren/protected — migrating far
[Vision] No usable memory of copper_ore — MIGRATION (200-420m) fresh area → (-155, -48)
[Vision] copper_ore at (32, 54, 22) exists but unobtainable — blacklisting exact block
[Vision] Area looks barren/protected — migrating far
[Vision] No usable memory of copper_ore — MIGRATION (200-420m) fresh area → (-141, -118)
[Vision] copper_ore at (32, 54, 22) exists but unobtainable — blacklisting exact block
[Vision] Area looks barren/protected — migrating far
[Vision] No usable memory of copper_ore — MIGRATION (200-420m) fresh area → (-52, 225)
[Vision] copper_ore at (32, 54, 22) exists but unobtainable — blacklisting exact block
[Vision] Area looks barren/protected — migrating far
[Vision] No usable memory of copper_ore — MIGRATION (200-420m) fresh area → (95, 221)
[Vision] copper_ore at (32, 54, 22) exists but unobtainable — blacklisting exact block
[Vision] Area looks barren/protected — migrating far
[Vision] No usable memory of copper_ore — MIGRATION (200-420m) fresh area → (-118, -117)
[Vision] copper_ore at (32, 54, 22) exists but unobtainable — blacklisting exact block
[Vision] Area looks barren/protected — migrating far
[Vision] No usable memory of copper_ore — MIGRATION (200-420m) fresh area → (-121, -147)
[Vision] copper_ore at (32, 54, 22) exists but unobtainable — blacklisting exact block
[Vision] Area looks barren/protected — migrating far
[Vision] No usable memory of copper_ore — MIGRATION (200-420m) fresh area → (-65, 216)
[Vision] copper_ore at (32, 54, 22) exists but unobtainable — blacklisting exact block
[Vision] Area looks barren/protected — migrating far
[Vision] No usable memory of copper_ore — MIGRATION (200-420m) fresh area → (-200, -16)
[Vision] copper_ore at (32, 54, 22) exists but unobtainable — blacklisting exact block
[Vision] Area looks barren/protected — migrating far
[Vision] No usable memory of copper_ore — MIGRATION (200-420m) fresh area → (195, -110)
[Vision] copper_ore at (32, 54, 22) exists but unobtainable — blacklisting exact block
[Vision] Area looks barren/protected — migrating far
[Vision] No usable memory of copper_ore — MIGRATION (200-420m) fresh area → (-61, 239)
[Vision] copper_ore at (32, 54, 22) exists but unobtainable — blacklisting exact block
[Vision] Area looks barren/protected — migrating far
[Vision] No usable memory of copper_ore — MIGRATION (200-420m) fresh area → (237, 107)
[Vision] copper_ore at (32, 54, 22) exists but unobtainable — blacklisting exact block
[Vision] Area looks barren/protected — migrating far
[Vision] No usable memory of copper_ore — MIGRATION (200-420m) fresh area → (9, -176)
[Vision] copper_ore at (32, 54, 22) exists but unobtainable — blacklisting exact block
[Vision] Area looks barren/protected — migrating far
[Vision] No usable memory of copper_ore — MIGRATION (200-420m) fresh area → (161, -138)
[Vision] copper_ore at (32, 54, 22) exists but unobtainable — blacklisting exact block
[Vision] Area looks barren/protected — migrating far
[Vision] No usable memory of copper_ore — MIGRATION (200-420m) fresh area → (-11, 226)
[Vision] copper_ore at (32, 54, 22) exists but unobtainable — blacklisting exact block
[Vision] Area looks barren/protected — migrating far
[Vision] No usable memory of copper_ore — MIGRATION (200-420m) fresh area → (231, 48)
[Vision] copper_ore at (32, 54, 22) exists but unobtainable — blacklisting exact block
[Vision] Area looks barren/protected — migrating far
[Vision] No usable memory of copper_ore — MIGRATION (200-420m) fresh area → (-134, -84)
[Vision] copper_ore at (32, 54, 22) exists but unobtainable — blacklisting exact block
[Vision] Area looks barren/protected — migrating far
[Vision] No usable memory of copper_ore — MIGRATION (200-420m) fresh area → (112, -165)
[Vision] copper_ore at (32, 54, 22) exists but unobtainable — blacklisting exact block
[Vision] Area looks barren/protected — migrating far
[Vision] No usable memory of copper_ore — MIGRATION (200-420m) fresh area → (163, 193)
[Vision] copper_ore at (32, 54, 22) exists but unobtainable — blacklisting exact block
[Vision] Area looks barren/protected — migrating far
[Vision] No usable memory of copper_ore — MIGRATION (200-420m) fresh area → (-173, 54)
[Vision] copper_ore at (32, 54, 22) exists but unobtainable — blacklisting exact block
[Vision] Area looks barren/protected — migrating far
[Vision] No usable memory of copper_ore — MIGRATION (200-420m) fresh area → (155, 198)
[Vision] copper_ore at (32, 54, 22) exists but unobtainable — blacklisting exact block
[Vision] Area looks barren/protected — migrating far
[Vision] No usable memory of copper_ore — MIGRATION (200-420m) fresh area → (232, -79)
[Vision] copper_ore at (32, 54, 22) exists but unobtainable — blacklisting exact block
[Vision] Area looks barren/protected — migrating far
[Vision] No usable memory of copper_ore — MIGRATION (200-420m) fresh area → (-112, 175)
[Vision] copper_ore at (32, 54, 22) exists but unobtainable — blacklisting exact block
[Vision] Area looks barren/protected — migrating far
[Vision] No usable memory of copper_ore — MIGRATION (200-420m) fresh area → (-153, -73)
[Vision] copper_ore at (32, 54, 22) exists but unobtainable — blacklisting exact block
[Vision] Area looks barren/protected — migrating far
[Vision] No usable memory of copper_ore — MIGRATION (200-420m) fresh area → (219, 126)
[Vision] copper_ore at (32, 54, 22) exists but unobtainable — blacklisting exact block
[Vision] Area looks barren/protected — migrating far
[Vision] No usable memory of copper_ore — MIGRATION (200-420m) fresh area → (-23, -178)
[Vision] copper_ore at (32, 54, 22) exists but unobtainable — blacklisting exact block
[Vision] Area looks barren/protected — migrating far
[Vision] No usable memory of copper_ore — MIGRATION (200-420m) fresh area → (192, -117)
[Vision] copper_ore at (32, 54, 22) exists but unobtainable — blacklisting exact block
[Vision] Area looks barren/protected — migrating far
[Vision] No usable memory of copper_ore — MIGRATION (200-420m) fresh area → (56, -219)
[Vision] copper_ore at (32, 54, 22) exists but unobtainable — blacklisting exact block
[Vision] Area looks barren/protected — migrating far
[Vision] No usable memory of copper_ore — MIGRATION (200-420m) fresh area → (211, 121)
[Vision] copper_ore at (32, 54, 22) exists but unobtainable — blacklisting exact block
[Vision] Area looks barren/protected — migrating far
[Vision] No usable memory of copper_ore — MIGRATION (200-420m) fresh area → (209, 122)
[Vision] copper_ore at (32, 54, 22) exists but unobtainable — blacklisting exact block
[Vision] Area looks barren/protected — migrating far
[Vision] No usable memory of copper_ore — MIGRATION (200-420m) fresh area → (-52, -154)
[Vision] copper_ore at (32, 54, 22) exists but unobtainable — blacklisting exact block
[Vision] Area looks barren/protected — migrating far
[Vision] No usable memory of copper_ore — MIGRATION (200-420m) fresh area → (155, -151)
[Vision] copper_ore at (32, 54, 22) exists but unobtainable — blacklisting exact block
[Vision] Area looks barren/protected — migrating far
[Vision] No usable memory of copper_ore — MIGRATION (200-420m) fresh area → (113, 216)
[Vision] copper_ore at (32, 54, 22) exists but unobtainable — blacklisting exact block
[Vision] Area looks barren/protected — migrating far
[Vision] No usable memory of copper_ore — MIGRATION (200-420m) fresh area → (-154, -135)
[Vision] copper_ore at (32, 54, 22) exists but unobtainable — blacklisting exact block
[Vision] Area looks barren/protected — migrating far
[Vision] No usable memory of copper_ore — MIGRATION (200-420m) fresh area → (-149, -78)
[Vision] copper_ore at (32, 54, 22) exists but unobtainable — blacklisting exact block
[Vision] Area looks barren/protected — migrating far
[Vision] No usable memory of copper_ore — MIGRATION (200-420m) fresh area → (111, -160)
[Vision] copper_ore at (32, 54, 22) exists but unobtainable — blacklisting exact block
[Vision] Area looks barren/protected — migrating far
[Vision] No usable memory of copper_ore — MIGRATION (200-420m) fresh area → (-123, 157)
[Vision] copper_ore at (32, 54, 22) exists but unobtainable — blacklisting exact block
[Vision] Area looks barren/protected — migrating far
[Vision] No usable memory of copper_ore — MIGRATION (200-420m) fresh area → (26, 235)
[Vision] copper_ore at (32, 54, 22) exists but unobtainable — blacklisting exact block
[Vision] Area looks barren/protected — migrating far
[Vision] No usable memory of copper_ore — MIGRATION (200-420m) fresh area → (-165, 87)
[Vision] copper_ore at (32, 54, 22) exists but unobtainable — blacklisting exact block
[Vision] Area looks barren/protected — migrating far
[Vision] No usable memory of copper_ore — MIGRATION (200-420m) fresh area → (-152, 184)
[Vision] copper_ore at (32, 54, 22) exists but unobtainable — blacklisting exact block
[Vision] Area looks barren/protected — migrating far
[Vision] No usable memory of copper_ore — MIGRATION (200-420m) fresh area → (236, -43)
[Vision] copper_ore at (32, 54, 22) exists but unobtainable — blacklisting exact block
[Vision] Area looks barren/protected — migrating far
[Vision] No usable memory of copper_ore — MIGRATION (200-420m) fresh area → (94, -177)
[Vision] copper_ore at (32, 54, 22) exists but unobtainable — blacklisting exact block
[Vision] Area looks barren/protected — migrating far
[Vision] No usable memory of copper_ore — MIGRATION (200-420m) fresh area → (-22, 246)
[Vision] copper_ore at (32, 54, 22) exists but unobtainable — blacklisting exact block
[Vision] Area looks barren/protected — migrating far
[Vision] No usable memory of copper_ore — MIGRATION (200-420m) fresh area → (118, -152)
[Vision] copper_ore at (32, 54, 22) exists but unobtainable — blacklisting exact block
[Vision] Area looks barren/protected — migrating far
[Vision] No usable memory of copper_ore — MIGRATION (200-420m) fresh area → (173, -138)
[Vision] copper_ore at (32, 54, 22) exists but unobtainable — blacklisting exact block
[Vision] Area looks barren/protected — migrating far
[Vision] No usable memory of copper_ore — MIGRATION (200-420m) fresh area → (7, -179)
[Vision] copper_ore at (32, 54, 22) exists but unobtainable — blacklisting exact block
[Vision] Area looks barren/protected — migrating far
[Vision] No usable memory of copper_ore — MIGRATION (200-420m) fresh area → (151, -164)
[Vision] copper_ore at (32, 54, 22) exists but unobtainable — blacklisting exact block
[Vision] Area looks barren/protected — migrating far
[Vision] No usable memory of copper_ore — MIGRATION (200-420m) fresh area → (63, -182)
[Vision] copper_ore at (32, 54, 22) exists but unobtainable — blacklisting exact block
[Vision] Area looks barren/protected — migrating far
[Vision] No usable memory of copper_ore — MIGRATION (200-420m) fresh area → (-167, 1)
[Vision] copper_ore at (32, 54, 22) exists but unobtainable — blacklisting exact block
[Vision] Area looks barren/protected — migrating far
[Vision] No usable memory of copper_ore — MIGRATION (200-420m) fresh area → (-34, -173)
[Vision] copper_ore at (32, 54, 22) exists but unobtainable — blacklisting exact block
[Vision] Area looks barren/protected — migrating far
[Vision] No usable memory of copper_ore — MIGRATION (200-420m) fresh area → (-94, -130)
[Vision] copper_ore at (32, 54, 22) exists but unobtainable — blacklisting exact block
[Vision] Area looks barren/protected — migrating far
[Vision] No usable memory of copper_ore — MIGRATION (200-420m) fresh area → (249, 2)
[Vision] copper_ore at (32, 54, 22) exists but unobtainable — blacklisting exact block
[Vision] Area looks barren/protected — migrating far
[Vision] No usable memory of copper_ore — MIGRATION (200-420m) fresh area → (-31, -161)
[Vision] copper_ore at (32, 54, 22) exists but unobtainable — blacklisting exact block
[Vision] Area looks barren/protected — migrating far
[Vision] No usable memory of copper_ore — MIGRATION (200-420m) fresh area → (-53, 218)
[Vision] copper_ore at (32, 54, 22) exists but unobtainable — blacklisting exact block
[Vision] Area looks barren/protected — migrating far
[Vision] No usable memory of copper_ore — MIGRATION (200-420m) fresh area → (228, 74)
[Vision] copper_ore at (32, 54, 22) exists but unobtainable — blacklisting exact block
[Vision] Area looks barren/protected — migrating far
[Vision] No usable memory of copper_ore — MIGRATION (200-420m) fresh area → (113, 234)
[Vision] copper_ore at (32, 54, 22) exists but unobtainable — blacklisting exact block
[Vision] Area looks barren/protected — migrating far
[Vision] No usable memory of copper_ore — MIGRATION (200-420m) fresh area → (11, -187)
[Vision] copper_ore at (32, 54, 22) exists but unobtainable — blacklisting exact block
[Vision] Area looks barren/protected — migrating far
[Vision] No usable memory of copper_ore — MIGRATION (200-420m) fresh area → (-172, 5)
[Vision] copper_ore at (32, 54, 22) exists but unobtainable — blacklisting exact block
[Vision] Area looks barren/protected — migrating far
[Vision] No usable memory of copper_ore — MIGRATION (200-420m) fresh area → (239, 25)
[Vision] copper_ore at (32, 54, 22) exists but unobtainable — blacklisting exact block
[Vision] Area looks barren/protected — migrating far
[Vision] No usable memory of copper_ore — MIGRATION (200-420m) fresh area → (238, 65)
[Vision] copper_ore at (32, 54, 22) exists but unobtainable — blacklisting exact block
[Vision] Area looks barren/protected — migrating far
[Vision] No usable memory of copper_ore — MIGRATION (200-420m) fresh area → (231, -19)
[Vision] copper_ore at (32, 54, 22) exists but unobtainable — blacklisting exact block
[Vision] Area looks barren/protected — migrating far
[Vision] No usable memory of copper_ore — MIGRATION (200-420m) fresh area → (-122, -141)
[Vision] copper_ore at (32, 54, 22) exists but unobtainable — blacklisting exact block
[Vision] Area looks barren/protected — migrating far
[Vision] No usable memory of copper_ore — MIGRATION (200-420m) fresh area → (-68, 211)
[Vision] copper_ore at (32, 54, 22) exists but unobtainable — blacklisting exact block
[Vision] Area looks barren/protected — migrating far
[Vision] No usable memory of copper_ore — MIGRATION (200-420m) fresh area → (-111, -152)
[Vision] copper_ore at (32, 54, 22) exists but unobtainable — blacklisting exact block
[Vision] Area looks barren/protected — migrating far
[Vision] No usable memory of copper_ore — MIGRATION (200-420m) fresh area → (36, -200)
[Vision] copper_ore at (32, 54, 22) exists but unobtainable — blacklisting exact block
[Vision] Area looks barren/protected — migrating far
[Vision] No usable memory of copper_ore — MIGRATION (200-420m) fresh area → (-120, -121)
[Vision] copper_ore at (32, 54, 22) exists but unobtainable — blacklisting exact block
[Vision] Area looks barren/protected — migrating far
[Vision] No usable memory of copper_ore — MIGRATION (200-420m) fresh area → (-147, 188)
[Vision] copper_ore at (32, 54, 22) exists but unobtainable — blacklisting exact block
[Vision] Area looks barren/protected — migrating far
[Vision] No usable memory of copper_ore — MIGRATION (200-420m) fresh area → (1, -192)
[Vision] copper_ore at (32, 54, 22) exists but unobtainable — blacklisting exact block
[Vision] Area looks barren/protected — migrating far
[Vision] No usable memory of copper_ore — MIGRATION (200-420m) fresh area → (187, 176)
[Vision] copper_ore at (32, 54, 22) exists but unobtainable — blacklisting exact block
[Vision] Area looks barren/protected — migrating far
[Vision] No usable memory of copper_ore — MIGRATION (200-420m) fresh area → (31, -172)
[Vision] copper_ore at (32, 54, 22) exists but unobtainable — blacklisting exact block
[Vision] Area looks barren/protected — migrating far
[Vision] No usable memory of copper_ore — MIGRATION (200-420m) fresh area → (-177, -71)
[Vision] copper_ore at (32, 54, 22) exists but unobtainable — blacklisting exact block
[Vision] Area looks barren/protected — migrating far
[Vision] No usable memory of copper_ore — MIGRATION (200-420m) fresh area → (108, 216)
[Vision] copper_ore at (32, 54, 22) exists but unobtainable — blacklisting exact block
[Vision] Area looks barren/protected — migrating far
[Vision] No usable memory of copper_ore — MIGRATION (200-420m) fresh area → (-68, 224)
[Vision] copper_ore at (32, 54, 22) exists but unobtainable — blacklisting exact block
[Vision] Area looks barren/protected — migrating far
[Vision] No usable memory of copper_ore — MIGRATION (200-420m) fresh area → (232, 59)
[Vision] copper_ore at (32, 54, 22) exists but unobtainable — blacklisting exact block
[Vision] Area looks barren/protected — migrating far
[Vision] No usable memory of copper_ore — MIGRATION (200-420m) fresh area → (240, 21)
[Vision] copper_ore at (32, 54, 22) exists but unobtainable — blacklisting exact block
[Vision] Area looks barren/protected — migrating far
[Vision] No usable memory of copper_ore — MIGRATION (200-420m) fresh area → (-124, -105)
[Vision] copper_ore at (32, 54, 22) exists but unobtainable — blacklisting exact block
[Vision] Area looks barren/protected — migrating far
[Vision] No usable memory of copper_ore — MIGRATION (200-420m) fresh area → (-104, -123)
[Vision] copper_ore at (32, 54, 22) exists but unobtainable — blacklisting exact block
[Vision] Area looks barren/protected — migrating far
[Vision] No usable memory of copper_ore — MIGRATION (200-420m) fresh area → (232, 50)
[Vision] copper_ore at (32, 54, 22) exists but unobtainable — blacklisting exact block
[Vision] Area looks barren/protected — migrating far
[Vision] No usable memory of copper_ore — MIGRATION (200-420m) fresh area → (208, 125)
[Vision] copper_ore at (32, 54, 22) exists but unobtainable — blacklisting exact block
[Vision] Area looks barren/protected — migrating far
[Vision] No usable memory of copper_ore — MIGRATION (200-420m) fresh area → (231, -51)
[Vision] copper_ore at (32, 54, 22) exists but unobtainable — blacklisting exact block
[Vision] Area looks barren/protected — migrating far
[Vision] No usable memory of copper_ore — MIGRATION (200-420m) fresh area → (221, 108)
[Vision] copper_ore at (32, 54, 22) exists but unobtainable — blacklisting exact block
[Vision] Area looks barren/protected — migrating far
[Vision] No usable memory of copper_ore — MIGRATION (200-420m) fresh area → (181, 183)
[Vision] copper_ore at (32, 54, 22) exists but unobtainable — blacklisting exact block
[Vision] Area looks barren/protected — migrating far
[Vision] No usable memory of copper_ore — MIGRATION (200-420m) fresh area → (190, -100)
[Vision] copper_ore at (32, 54, 22) exists but unobtainable — blacklisting exact block
[Vision] Area looks barren/protected — migrating far
[Vision] No usable memory of copper_ore — MIGRATION (200-420m) fresh area → (-156, -77)
[Vision] copper_ore at (32, 54, 22) exists but unobtainable — blacklisting exact block
[Vision] Area looks barren/protected — migrating far
[Vision] No usable memory of copper_ore — MIGRATION (200-420m) fresh area → (-174, -31)
[Vision] copper_ore at (32, 54, 22) exists but unobtainable — blacklisting exact block
[Vision] Area looks barren/protected — migrating far
[Vision] No usable memory of copper_ore — MIGRATION (200-420m) fresh area → (-157, 102)
[Vision] copper_ore at (32, 54, 22) exists but unobtainable — blacklisting exact block
[Vision] Area looks barren/protected — migrating far
[Vision] No usable memory of copper_ore — MIGRATION (200-420m) fresh area → (139, -151)
[Vision] copper_ore at (32, 54, 22) exists but unobtainable — blacklisting exact block
[Vision] Area looks barren/protected — migrating far
[Vision] No usable memory of copper_ore — MIGRATION (200-420m) fresh area → (257, 46)
[Vision] copper_ore at (32, 54, 22) exists but unobtainable — blacklisting exact block
[Vision] Area looks barren/protected — migrating far
[Vision] No usable memory of copper_ore — MIGRATION (200-420m) fresh area → (10, -179)
[Vision] copper_ore at (32, 54, 22) exists but unobtainable — blacklisting exact block
[Vision] Area looks barren/protected — migrating far
[Vision] No usable memory of copper_ore — MIGRATION (200-420m) fresh area → (130, -157)
[Vision] copper_ore at (32, 54, 22) exists but unobtainable — blacklisting exact block
[Vision] Area looks barren/protected — migrating far
[Vision] No usable memory of copper_ore — MIGRATION (200-420m) fresh area → (-187, 16)
[Vision] copper_ore at (32, 54, 22) exists but unobtainable — blacklisting exact block
[Vision] Area looks barren/protected — migrating far
[Vision] No usable memory of copper_ore — MIGRATION (200-420m) fresh area → (-161, -32)
[Vision] copper_ore at (32, 54, 22) exists but unobtainable — blacklisting exact block
[Vision] Area looks barren/protected — migrating far
[Vision] No usable memory of copper_ore — MIGRATION (200-420m) fresh area → (215, 117)
[Vision] copper_ore at (32, 54, 22) exists but unobtainable — blacklisting exact block
[Vision] Area looks barren/protected — migrating far
[Vision] No usable memory of copper_ore — MIGRATION (200-420m) fresh area → (244, 81)
[Vision] copper_ore at (32, 54, 22) exists but unobtainable — blacklisting exact block
[Vision] Area looks barren/protected — migrating far
[Vision] No usable memory of copper_ore — MIGRATION (200-420m) fresh area → (258, 84)
[Vision] copper_ore at (32, 54, 22) exists but unobtainable — blacklisting exact block
[Vision] Area looks barren/protected — migrating far
[Vision] No usable memory of copper_ore — MIGRATION (200-420m) fresh area → (-79, -147)
[Vision] copper_ore at (32, 54, 22) exists but unobtainable — blacklisting exact block
[Vision] Area looks barren/protected — migrating far
[Vision] No usable memory of copper_ore — MIGRATION (200-420m) fresh area → (-138, -91)
[Vision] copper_ore at (32, 54, 22) exists but unobtainable — blacklisting exact block
[Vision] Area looks barren/protected — migrating far
[Vision] No usable memory of copper_ore — MIGRATION (200-420m) fresh area → (99, 217)
[Vision] copper_ore at (32, 54, 22) exists but unobtainable — blacklisting exact block
[Vision] Area looks barren/protected — migrating far
[Vision] No usable memory of copper_ore — MIGRATION (200-420m) fresh area → (232, 75)
[Vision] copper_ore at (32, 54, 22) exists but unobtainable — blacklisting exact block
[Vision] Area looks barren/protected — migrating far
[Vision] No usable memory of copper_ore — MIGRATION (200-420m) fresh area → (-56, 214)
[Vision] copper_ore at (32, 54, 22) exists but unobtainable — blacklisting exact block
[Vision] Area looks barren/protected — migrating far
[Vision] No usable memory of copper_ore — MIGRATION (200-420m) fresh area → (-93, -136)
[Vision] copper_ore at (32, 54, 22) exists but unobtainable — blacklisting exact block
[Vision] Area looks barren/protected — migrating far
[Vision] No usable memory of copper_ore — MIGRATION (200-420m) fresh area → (210, -81)
[Vision] copper_ore at (32, 54, 22) exists but unobtainable — blacklisting exact block
[Vision] Area looks barren/protected — migrating far
[Vision] No usable memory of copper_ore — MIGRATION (200-420m) fresh area → (238, -30)
[Vision] copper_ore at (32, 54, 22) exists but unobtainable — blacklisting exact block
[Vision] Area looks barren/protected — migrating far
[Vision] No usable memory of copper_ore — MIGRATION (200-420m) fresh area → (236, 89)
[Vision] copper_ore at (32, 54, 22) exists but unobtainable — blacklisting exact block
[Vision] Area looks barren/protected — migrating far
[Vision] No usable memory of copper_ore — MIGRATION (200-420m) fresh area → (80, -180)
[Vision] copper_ore at (32, 54, 22) exists but unobtainable — blacklisting exact block
[Vision] Area looks barren/protected — migrating far
[Vision] No usable memory of copper_ore — MIGRATION (200-420m) fresh area → (-70, 206)
[Vision] copper_ore at (32, 54, 22) exists but unobtainable — blacklisting exact block
[Vision] Area looks barren/protected — migrating far
[Vision] No usable memory of copper_ore — MIGRATION (200-420m) fresh area → (-175, 117)
[Vision] copper_ore at (32, 54, 22) exists but unobtainable — blacklisting exact block
[Vision] Area looks barren/protected — migrating far
[Vision] No usable memory of copper_ore — MIGRATION (200-420m) fresh area → (235, 63)
[Vision] copper_ore at (32, 54, 22) exists but unobtainable — blacklisting exact block
[Vision] Area looks barren/protected — migrating far
[Vision] No usable memory of copper_ore — MIGRATION (200-420m) fresh area → (194, -90)
[Vision] copper_ore at (32, 54, 22) exists but unobtainable — blacklisting exact block
[Vision] Area looks barren/protected — migrating far
[Vision] No usable memory of copper_ore — MIGRATION (200-420m) fresh area → (118, -155)
[Vision] copper_ore at (32, 54, 22) exists but unobtainable — blacklisting exact block
[Vision] Area looks barren/protected — migrating far
[Vision] No usable memory of copper_ore — MIGRATION (200-420m) fresh area → (-153, 119)
[Vision] copper_ore at (32, 54, 22) exists but unobtainable — blacklisting exact block
[Vision] Area looks barren/protected — migrating far
[Vision] No usable memory of copper_ore — MIGRATION (200-420m) fresh area → (216, -81)
[Vision] copper_ore at (32, 54, 22) exists but unobtainable — blacklisting exact block
[Vision] Area looks barren/protected — migrating far
[Vision] No usable memory of copper_ore — MIGRATION (200-420m) fresh area → (284, -8)
[Vision] copper_ore at (32, 54, 22) exists but unobtainable — blacklisting exact block
[Vision] Area looks barren/protected — migrating far
[Vision] No usable memory of copper_ore — MIGRATION (200-420m) fresh area → (56, 242)
[Vision] copper_ore at (32, 54, 22) exists but unobtainable — blacklisting exact block
[Vision] Area looks barren/protected — migrating far
[Vision] No usable memory of copper_ore — MIGRATION (200-420m) fresh area → (232, 50)
[Vision] copper_ore at (32, 54, 22) exists but unobtainable — blacklisting exact block
[Vision] Area looks barren/protected — migrating far
[Vision] No usable memory of copper_ore — MIGRATION (200-420m) fresh area → (8, -174)
[Vision] copper_ore at (32, 54, 22) exists but unobtainable — blacklisting exact block
[Vision] Area looks barren/protected — migrating far
[Vision] No usable memory of copper_ore — MIGRATION (200-420m) fresh area → (-169, -49)
[Vision] copper_ore at (32, 54, 22) exists but unobtainable — blacklisting exact block
[Vision] Area looks barren/protected — migrating far
[Vision] No usable memory of copper_ore — MIGRATION (200-420m) fresh area → (-188, 60)
[Vision] copper_ore at (32, 54, 22) exists but unobtainable — blacklisting exact block
[Vision] Area looks barren/protected — migrating far
[Vision] No usable memory of copper_ore — MIGRATION (200-420m) fresh area → (-195, 36)
[Vision] copper_ore at (32, 54, 22) exists but unobtainable — blacklisting exact block
[Vision] Area looks barren/protected — migrating far
[Vision] No usable memory of copper_ore — MIGRATION (200-420m) fresh area → (-179, 88)
[Vision] copper_ore at (32, 54, 22) exists but unobtainable — blacklisting exact block
[Vision] Area looks barren/protected — migrating far
[Vision] No usable memory of copper_ore — MIGRATION (200-420m) fresh area → (36, -179)
[Vision] copper_ore at (32, 54, 22) exists but unobtainable — blacklisting exact block
[Vision] Area looks barren/protected — migrating far
[Vision] No usable memory of copper_ore — MIGRATION (200-420m) fresh area → (-45, 220)
[Vision] copper_ore at (32, 54, 22) exists but unobtainable — blacklisting exact block
[Vision] Area looks barren/protected — migrating far
[Vision] No usable memory of copper_ore — MIGRATION (200-420m) fresh area → (96, -166)
[Vision] copper_ore at (32, 54, 22) exists but unobtainable — blacklisting exact block
[Vision] Area looks barren/protected — migrating far
[Vision] No usable memory of copper_ore — MIGRATION (200-420m) fresh area → (-143, -79)
[Vision] copper_ore at (32, 54, 22) exists but unobtainable — blacklisting exact block
[Vision] Area looks barren/protected — migrating far
[Vision] No usable memory of copper_ore — MIGRATION (200-420m) fresh area → (-216, -2)
[Vision] copper_ore at (32, 54, 22) exists but unobtainable — blacklisting exact block
[Vision] Area looks barren/protected — migrating far
[Vision] No usable memory of copper_ore — MIGRATION (200-420m) fresh area → (184, 168)
[Vision] copper_ore at (32, 54, 22) exists but unobtainable — blacklisting exact block
[Vision] Area looks barren/protected — migrating far
[Vision] No usable memory of copper_ore — MIGRATION (200-420m) fresh area → (-185, 30)
[Vision] copper_ore at (32, 54, 22) exists but unobtainable — blacklisting exact block
[Vision] Area looks barren/protected — migrating far
[Vision] No usable memory of copper_ore — MIGRATION (200-420m) fresh area → (-154, 143)
[Vision] copper_ore at (32, 54, 22) exists but unobtainable — blacklisting exact block
[Vision] Area looks barren/protected — migrating far
[Vision] No usable memory of copper_ore — MIGRATION (200-420m) fresh area → (259, 14)
[Vision] copper_ore at (32, 54, 22) exists but unobtainable — blacklisting exact block
[Vision] Area looks barren/protected — migrating far
[Vision] No usable memory of copper_ore — MIGRATION (200-420m) fresh area → (-163, -94)
[Vision] copper_ore at (32, 54, 22) exists but unobtainable — blacklisting exact block
[Vision] Area looks barren/protected — migrating far
[Vision] No usable memory of copper_ore — MIGRATION (200-420m) fresh area → (225, 107)
[Vision] copper_ore at (32, 54, 22) exists but unobtainable — blacklisting exact block
[Vision] Area looks barren/protected — migrating far
[Vision] No usable memory of copper_ore — MIGRATION (200-420m) fresh area → (-146, -79)
[Vision] copper_ore at (32, 54, 22) exists but unobtainable — blacklisting exact block
[Vision] Area looks barren/protected — migrating far
[Vision] No usable memory of copper_ore — MIGRATION (200-420m) fresh area → (-172, -11)
[Vision] copper_ore at (32, 54, 22) exists but unobtainable — blacklisting exact block
[Vision] Area looks barren/protected — migrating far
[Vision] No usable memory of copper_ore — MIGRATION (200-420m) fresh area → (76, -182)
[Vision] copper_ore at (32, 54, 22) exists but unobtainable — blacklisting exact block
[Vision] Area looks barren/protected — migrating far
[Vision] No usable memory of copper_ore — MIGRATION (200-420m) fresh area → (150, -140)
[Vision] copper_ore at (32, 54, 22) exists but unobtainable — blacklisting exact block
[Vision] Area looks barren/protected — migrating far
[Vision] No usable memory of copper_ore — MIGRATION (200-420m) fresh area → (153, 236)
[Vision] copper_ore at (32, 54, 22) exists but unobtainable — blacklisting exact block
[Vision] Area looks barren/protected — migrating far
[Vision] No usable memory of copper_ore — MIGRATION (200-420m) fresh area → (-137, -111)
[Vision] copper_ore at (32, 54, 22) exists but unobtainable — blacklisting exact block
[Vision] Area looks barren/protected — migrating far
[Vision] No usable memory of copper_ore — MIGRATION (200-420m) fresh area → (212, 131)
[Vision] copper_ore at (32, 54, 22) exists but unobtainable — blacklisting exact block
[Vision] Area looks barren/protected — migrating far
[Vision] No usable memory of copper_ore — MIGRATION (200-420m) fresh area → (-173, -84)
[Vision] copper_ore at (32, 54, 22) exists but unobtainable — blacklisting exact block
[Vision] Area looks barren/protected — migrating far
[Vision] No usable memory of copper_ore — MIGRATION (200-420m) fresh area → (221, 123)
[Vision] copper_ore at (32, 54, 22) exists but unobtainable — blacklisting exact block
[Vision] Area looks barren/protected — migrating far
[Vision] No usable memory of copper_ore — MIGRATION (200-420m) fresh area → (204, 165)
[Vision] copper_ore at (32, 54, 22) exists but unobtainable — blacklisting exact block
[Vision] Area looks barren/protected — migrating far
[Vision] No usable memory of copper_ore — MIGRATION (200-420m) fresh area → (-1, 259)
[Vision] copper_ore at (32, 54, 22) exists but unobtainable — blacklisting exact block
[Vision] Area looks barren/protected — migrating far
[Vision] No usable memory of copper_ore — MIGRATION (200-420m) fresh area → (177, -116)
[Vision] copper_ore at (32, 54, 22) exists but unobtainable — blacklisting exact block
[Vision] Area looks barren/protected — migrating far
[Vision] No usable memory of copper_ore — MIGRATION (200-420m) fresh area → (93, -169)
[Vision] copper_ore at (32, 54, 22) exists but unobtainable — blacklisting exact block
[Vision] Area looks barren/protected — migrating far
[Vision] No usable memory of copper_ore — MIGRATION (200-420m) fresh area → (-85, 199)
[Vision] copper_ore at (32, 54, 22) exists but unobtainable — blacklisting exact block
[Vision] Area looks barren/protected — migrating far
[Vision] No usable memory of copper_ore — MIGRATION (200-420m) fresh area → (21, -184)
[Vision] copper_ore at (32, 54, 22) exists but unobtainable — blacklisting exact block
[Vision] Area looks barren/protected — migrating far
[Vision] No usable memory of copper_ore — MIGRATION (200-420m) fresh area → (-201, 37)
[Vision] copper_ore at (32, 54, 22) exists but unobtainable — blacklisting exact block
[Vision] Area looks barren/protected — migrating far
[Vision] No usable memory of copper_ore — MIGRATION (200-420m) fresh area → (80, 233)
[Vision] copper_ore at (32, 54, 22) exists but unobtainable — blacklisting exact block
[Vision] Area looks barren/protected — migrating far
[Vision] No usable memory of copper_ore — MIGRATION (200-420m) fresh area → (225, 90)
[Vision] copper_ore at (32, 54, 22) exists but unobtainable — blacklisting exact block
[Vision] Area looks barren/protected — migrating far
[Vision] No usable memory of copper_ore — MIGRATION (200-420m) fresh area → (76, 235)
[Vision] copper_ore at (32, 54, 22) exists but unobtainable — blacklisting exact block
[Vision] Area looks barren/protected — migrating far
[Vision] No usable memory of copper_ore — MIGRATION (200-420m) fresh area → (-174, 46)
[Vision] copper_ore at (32, 54, 22) exists but unobtainable — blacklisting exact block
[Vision] Area looks barren/protected — migrating far
[Vision] No usable memory of copper_ore — MIGRATION (200-420m) fresh area → (-170, 35)
[Vision] copper_ore at (32, 54, 22) exists but unobtainable — blacklisting exact block
[Vision] Area looks barren/protected — migrating far
[Vision] No usable memory of copper_ore — MIGRATION (200-420m) fresh area → (97, 251)
[Vision] copper_ore at (32, 54, 22) exists but unobtainable — blacklisting exact block
[Vision] Area looks barren/protected — migrating far
[Vision] No usable memory of copper_ore — MIGRATION (200-420m) fresh area → (49, 252)
[Vision] copper_ore at (32, 54, 22) exists but unobtainable — blacklisting exact block
[Vision] Area looks barren/protected — migrating far
[Vision] No usable memory of copper_ore — MIGRATION (200-420m) fresh area → (-94, -133)
[Vision] copper_ore at (32, 54, 22) exists but unobtainable — blacklisting exact block
[Vision] Area looks barren/protected — migrating far
[Vision] No usable memory of copper_ore — MIGRATION (200-420m) fresh area → (245, 51)
[Vision] copper_ore at (32, 54, 22) exists but unobtainable — blacklisting exact block
[Vision] Area looks barren/protected — migrating far
[Vision] No usable memory of copper_ore — MIGRATION (200-420m) fresh area → (273, -7)
[Vision] copper_ore at (32, 54, 22) exists but unobtainable — blacklisting exact block
[Vision] Area looks barren/protected — migrating far
[Vision] No usable memory of copper_ore — MIGRATION (200-420m) fresh area → (141, -143)
[Vision] copper_ore at (32, 54, 22) exists but unobtainable — blacklisting exact block
[Vision] Area looks barren/protected — migrating far
[Vision] No usable memory of copper_ore — MIGRATION (200-420m) fresh area → (115, 227)
[Vision] copper_ore at (32, 54, 22) exists but unobtainable — blacklisting exact block
[Vision] Area looks barren/protected — migrating far
[Vision] No usable memory of copper_ore — MIGRATION (200-420m) fresh area → (-97, -130)
[Vision] copper_ore at (32, 54, 22) exists but unobtainable — blacklisting exact block
[Vision] Area looks barren/protected — migrating far
[Vision] No usable memory of copper_ore — MIGRATION (200-420m) fresh area → (232, 5)
[Vision] copper_ore at (32, 54, 22) exists but unobtainable — blacklisting exact block
[Vision] Area looks barren/protected — migrating far
[Vision] No usable memory of copper_ore — MIGRATION (200-420m) fresh area → (-169, 57)
[Vision] copper_ore at (32, 54, 22) exists but unobtainable — blacklisting exact block
[Vision] Area looks barren/protected — migrating far
[Vision] No usable memory of copper_ore — MIGRATION (200-420m) fresh area → (205, 136)
[Vision] copper_ore at (32, 54, 22) exists but unobtainable — blacklisting exact block
[Vision] Area looks barren/protected — migrating far
[Vision] No usable memory of copper_ore — MIGRATION (200-420m) fresh area → (233, 79)
[Vision] copper_ore at (32, 54, 22) exists but unobtainable — blacklisting exact block
[Vision] Area looks barren/protected — migrating far
[Vision] No usable memory of copper_ore — MIGRATION (200-420m) fresh area → (-38, 222)
[Vision] copper_ore at (32, 54, 22) exists but unobtainable — blacklisting exact block
[Vision] Area looks barren/protected — migrating far
[Vision] No usable memory of copper_ore — MIGRATION (200-420m) fresh area → (170, -123)
[Vision] copper_ore at (32, 54, 22) exists but unobtainable — blacklisting exact block
[Vision] Area looks barren/protected — migrating far
[Vision] No usable memory of copper_ore — MIGRATION (200-420m) fresh area → (-175, 57)
[Vision] copper_ore at (32, 54, 22) exists but unobtainable — blacklisting exact block
[Vision] Area looks barren/protected — migrating far
[Vision] No usable memory of copper_ore — MIGRATION (200-420m) fresh area → (-137, 142)
[Vision] copper_ore at (32, 54, 22) exists but unobtainable — blacklisting exact block
[Vision] Area looks barren/protected — migrating far
[Vision] No usable memory of copper_ore — MIGRATION (200-420m) fresh area → (-26, -167)
[Vision] copper_ore at (32, 54, 22) exists but unobtainable — blacklisting exact block
[Vision] Area looks barren/protected — migrating far
[Vision] No usable memory of copper_ore — MIGRATION (200-420m) fresh area → (218, 196)
[Vision] copper_ore at (32, 54, 22) exists but unobtainable — blacklisting exact block
[Vision] Area looks barren/protected — migrating far
[Vision] No usable memory of copper_ore — MIGRATION (200-420m) fresh area → (69, -169)
[Vision] copper_ore at (32, 54, 22) exists but unobtainable — blacklisting exact block
[Vision] Area looks barren/protected — migrating far
[Vision] No usable memory of copper_ore — MIGRATION (200-420m) fresh area → (-3, -170)
[Vision] copper_ore at (32, 54, 22) exists but unobtainable — blacklisting exact block
[Vision] Area looks barren/protected — migrating far
[Vision] No usable memory of copper_ore — MIGRATION (200-420m) fresh area → (255, 72)
[Vision] copper_ore at (32, 54, 22) exists but unobtainable — blacklisting exact block
[Vision] Area looks barren/protected — migrating far
[Vision] No usable memory of copper_ore — MIGRATION (200-420m) fresh area → (186, 159)
[Vision] copper_ore at (32, 54, 22) exists but unobtainable — blacklisting exact block
[Vision] Area looks barren/protected — migrating far
[Vision] No usable memory of copper_ore — MIGRATION (200-420m) fresh area → (-145, 205)
[Vision] copper_ore at (32, 54, 22) exists but unobtainable — blacklisting exact block
[Vision] Area looks barren/protected — migrating far
[Vision] No usable memory of copper_ore — MIGRATION (200-420m) fresh area → (-48, -172)
[Vision] copper_ore at (32, 54, 22) exists but unobtainable — blacklisting exact block
[Vision] Area looks barren/protected — migrating far
[Vision] No usable memory of copper_ore — MIGRATION (200-420m) fresh area → (-165, 71)
[Vision] copper_ore at (32, 54, 22) exists but unobtainable — blacklisting exact block
[Vision] Area looks barren/protected — migrating far
[Vision] No usable memory of copper_ore — MIGRATION (200-420m) fresh area → (18, 258)
[Vision] copper_ore at (32, 54, 22) exists but unobtainable — blacklisting exact block
[Vision] Area looks barren/protected — migrating far
[Vision] No usable memory of copper_ore — MIGRATION (200-420m) fresh area → (218, 105)
[Vision] copper_ore at (32, 54, 22) exists but unobtainable — blacklisting exact block
[Vision] Area looks barren/protected — migrating far
[Vision] No usable memory of copper_ore — MIGRATION (200-420m) fresh area → (-24, 229)
[Vision] copper_ore at (32, 54, 22) exists but unobtainable — blacklisting exact block
[Vision] Area looks barren/protected — migrating far
[Vision] No usable memory of copper_ore — MIGRATION (200-420m) fresh area → (57, -175)
[Vision] copper_ore at (32, 54, 22) exists but unobtainable — blacklisting exact block
[Vision] Area looks barren/protected — migrating far
[Vision] No usable memory of copper_ore — MIGRATION (200-420m) fresh area → (-159, -78)
[Vision] copper_ore at (32, 54, 22) exists but unobtainable — blacklisting exact block
[Vision] Area looks barren/protected — migrating far
[Vision] No usable memory of copper_ore — MIGRATION (200-420m) fresh area → (-60, -160)
[Vision] copper_ore at (32, 54, 22) exists but unobtainable — blacklisting exact block
[Vision] Area looks barren/protected — migrating far
[Vision] No usable memory of copper_ore — MIGRATION (200-420m) fresh area → (236, 78)
[Vision] copper_ore at (32, 54, 22) exists but unobtainable — blacklisting exact block
[Vision] Area looks barren/protected — migrating far
[Vision] No usable memory of copper_ore — MIGRATION (200-420m) fresh area → (-64, -166)
[Vision] copper_ore at (32, 54, 22) exists but unobtainable — blacklisting exact block
[Vision] Area looks barren/protected — migrating far
[Vision] No usable memory of copper_ore — MIGRATION (200-420m) fresh area → (-58, -192)
[Vision] copper_ore at (32, 54, 22) exists but unobtainable — blacklisting exact block
[Vision] Area looks barren/protected — migrating far
[Vision] No usable memory of copper_ore — MIGRATION (200-420m) fresh area → (235, -28)
[Vision] copper_ore at (32, 54, 22) exists but unobtainable — blacklisting exact block
[Vision] Area looks barren/protected — migrating far
[Vision] No usable memory of copper_ore — MIGRATION (200-420m) fresh area → (208, 129)
[Vision] copper_ore at (32, 54, 22) exists but unobtainable — blacklisting exact block
[Vision] Area looks barren/protected — migrating far
[Vision] No usable memory of copper_ore — MIGRATION (200-420m) fresh area → (233, 4)
[Vision] copper_ore at (32, 54, 22) exists but unobtainable — blacklisting exact block
[Vision] Area looks barren/protected — migrating far
[Vision] No usable memory of copper_ore — MIGRATION (200-420m) fresh area → (-47, 219)
[Vision] copper_ore at (32, 54, 22) exists but unobtainable — blacklisting exact block
[Vision] Area looks barren/protected — migrating far
[Vision] No usable memory of copper_ore — MIGRATION (200-420m) fresh area → (239, 29)
[Vision] copper_ore at (32, 54, 22) exists but unobtainable — blacklisting exact block
[Vision] Area looks barren/protected — migrating far
[Vision] No usable memory of copper_ore — MIGRATION (200-420m) fresh area → (74, -176)
[Vision] copper_ore at (32, 54, 22) exists but unobtainable — blacklisting exact block
[Vision] Area looks barren/protected — migrating far
[Vision] No usable memory of copper_ore — MIGRATION (200-420m) fresh area → (-171, 72)
[Vision] copper_ore at (32, 54, 22) exists but unobtainable — blacklisting exact block
[Vision] Area looks barren/protected — migrating far
[Vision] No usable memory of copper_ore — MIGRATION (200-420m) fresh area → (-75, -166)
[Vision] copper_ore at (32, 54, 22) exists but unobtainable — blacklisting exact block
[Vision] Area looks barren/protected — migrating far
[Vision] No usable memory of copper_ore — MIGRATION (200-420m) fresh area → (-114, -111)
[Vision] copper_ore at (32, 54, 22) exists but unobtainable — blacklisting exact block
[Vision] Area looks barren/protected — migrating far
[Vision] No usable memory of copper_ore — MIGRATION (200-420m) fresh area → (-170, 48)
[Vision] copper_ore at (32, 54, 22) exists but unobtainable — blacklisting exact block
[Vision] Area looks barren/protected — migrating far
[Vision] No usable memory of copper_ore — MIGRATION (200-420m) fresh area → (18, 251)
[Vision] copper_ore at (32, 54, 22) exists but unobtainable — blacklisting exact block
[Vision] Area looks barren/protected — migrating far
[Vision] No usable memory of copper_ore — MIGRATION (200-420m) fresh area → (-208, 60)
[Vision] copper_ore at (32, 54, 22) exists but unobtainable — blacklisting exact block
[Vision] Area looks barren/protected — migrating far
[Vision] No usable memory of copper_ore — MIGRATION (200-420m) fresh area → (-171, 71)
[Vision] copper_ore at (32, 54, 22) exists but unobtainable — blacklisting exact block
[Vision] Area looks barren/protected — migrating far
[Vision] No usable memory of copper_ore — MIGRATION (200-420m) fresh area → (-165, -91)
[Vision] copper_ore at (32, 54, 22) exists but unobtainable — blacklisting exact block
[Vision] Area looks barren/protected — migrating far
[Vision] No usable memory of copper_ore — MIGRATION (200-420m) fresh area → (13, -173)
[Vision] copper_ore at (32, 54, 22) exists but unobtainable — blacklisting exact block
[Vision] Area looks barren/protected — migrating far
[Vision] No usable memory of copper_ore — MIGRATION (200-420m) fresh area → (244, -55)
[Vision] copper_ore at (32, 54, 22) exists but unobtainable — blacklisting exact block
[Vision] Area looks barren/protected — migrating far
[Vision] No usable memory of copper_ore — MIGRATION (200-420m) fresh area → (36, -184)
[Vision] copper_ore at (32, 54, 22) exists but unobtainable — blacklisting exact block
[Vision] Area looks barren/protected — migrating far
[Vision] No usable memory of copper_ore — MIGRATION (200-420m) fresh area → (226, -36)
[Vision] copper_ore at (32, 54, 22) exists but unobtainable — blacklisting exact block
[Vision] Area looks barren/protected — migrating far
[Vision] No usable memory of copper_ore — MIGRATION (200-420m) fresh area → (175, 187)
[Vision] copper_ore at (32, 54, 22) exists but unobtainable — blacklisting exact block
[Vision] Area looks barren/protected — migrating far
[Vision] No usable memory of copper_ore — MIGRATION (200-420m) fresh area → (131, 206)
[Vision] copper_ore at (32, 54, 22) exists but unobtainable — blacklisting exact block
[Vision] Area looks barren/protected — migrating far
[Vision] No usable memory of copper_ore — MIGRATION (200-420m) fresh area → (-189, 136)
[Vision] copper_ore at (32, 54, 22) exists but unobtainable — blacklisting exact block
[Vision] Area looks barren/protected — migrating far
[Vision] No usable memory of copper_ore — MIGRATION (200-420m) fresh area → (91, 221)
[Vision] copper_ore at (32, 54, 22) exists but unobtainable — blacklisting exact block
[Vision] Area looks barren/protected — migrating far
[Vision] No usable memory of copper_ore — MIGRATION (200-420m) fresh area → (-38, -176)
[Vision] copper_ore at (32, 54, 22) exists but unobtainable — blacklisting exact block
[Vision] Area looks barren/protected — migrating far
[Vision] No usable memory of copper_ore — MIGRATION (200-420m) fresh area → (-101, -139)
[Vision] copper_ore at (32, 54, 22) exists but unobtainable — blacklisting exact block
[Vision] Area looks barren/protected — migrating far
[Vision] No usable memory of copper_ore — MIGRATION (200-420m) fresh area → (229, -61)
[Vision] copper_ore at (32, 54, 22) exists but unobtainable — blacklisting exact block
[Vision] Area looks barren/protected — migrating far
[Vision] No usable memory of copper_ore — MIGRATION (200-420m) fresh area → (-60, 207)
[Vision] copper_ore at (32, 54, 22) exists but unobtainable — blacklisting exact block
[Vision] Area looks barren/protected — migrating far
[Vision] No usable memory of copper_ore — MIGRATION (200-420m) fresh area → (2, 237)
[Vision] copper_ore at (32, 54, 22) exists but unobtainable — blacklisting exact block
[Vision] Area looks barren/protected — migrating far
[Vision] No usable memory of copper_ore — MIGRATION (200-420m) fresh area → (-169, -15)
[Vision] copper_ore at (32, 54, 22) exists but unobtainable — blacklisting exact block
[Vision] Area looks barren/protected — migrating far
[Vision] No usable memory of copper_ore — MIGRATION (200-420m) fresh area → (11, 245)
[Vision] copper_ore at (32, 54, 22) exists but unobtainable — blacklisting exact block
[Vision] Area looks barren/protected — migrating far
[Vision] No usable memory of copper_ore — MIGRATION (200-420m) fresh area → (-70, 218)
[Vision] copper_ore at (32, 54, 22) exists but unobtainable — blacklisting exact block
[Vision] Area looks barren/protected — migrating far
[Vision] No usable memory of copper_ore — MIGRATION (200-420m) fresh area → (-162, 107)
[Vision] copper_ore at (32, 54, 22) exists but unobtainable — blacklisting exact block
[Vision] Area looks barren/protected — migrating far
[Vision] No usable memory of copper_ore — MIGRATION (200-420m) fresh area → (-170, 125)
[Vision] copper_ore at (32, 54, 22) exists but unobtainable — blacklisting exact block
[Vision] Area looks barren/protected — migrating far
[Vision] No usable memory of copper_ore — MIGRATION (200-420m) fresh area → (172, -115)
[Vision] copper_ore at (32, 54, 22) exists but unobtainable — blacklisting exact block
[Vision] Area looks barren/protected — migrating far
[Vision] No usable memory of copper_ore — MIGRATION (200-420m) fresh area → (-169, -16)
[Vision] copper_ore at (32, 54, 22) exists but unobtainable — blacklisting exact block
[Vision] Area looks barren/protected — migrating far
[Vision] No usable memory of copper_ore — MIGRATION (200-420m) fresh area → (85, 227)
[Vision] copper_ore at (32, 54, 22) exists but unobtainable — blacklisting exact block
[Vision] Area looks barren/protected — migrating far
[Vision] No usable memory of copper_ore — MIGRATION (200-420m) fresh area → (-141, -85)
[Vision] copper_ore at (32, 54, 22) exists but unobtainable — blacklisting exact block
[Vision] Area looks barren/protected — migrating far
[Vision] No usable memory of copper_ore — MIGRATION (200-420m) fresh area → (201, 171)
[Vision] copper_ore at (32, 54, 22) exists but unobtainable — blacklisting exact block
[Vision] Area looks barren/protected — migrating far
[Vision] No usable memory of copper_ore — MIGRATION (200-420m) fresh area → (-123, -100)
[Vision] copper_ore at (32, 54, 22) exists but unobtainable — blacklisting exact block
[Vision] Area looks barren/protected — migrating far
[Vision] No usable memory of copper_ore — MIGRATION (200-420m) fresh area → (228, -24)
[Vision] copper_ore at (32, 54, 22) exists but unobtainable — blacklisting exact block
[Vision] Area looks barren/protected — migrating far
[Vision] No usable memory of copper_ore — MIGRATION (200-420m) fresh area → (-112, 186)
[Vision] copper_ore at (32, 54, 22) exists but unobtainable — blacklisting exact block
[Vision] Area looks barren/protected — migrating far
[Vision] No usable memory of copper_ore — MIGRATION (200-420m) fresh area → (-29, -179)
[Vision] copper_ore at (32, 54, 22) exists but unobtainable — blacklisting exact block
[Vision] Area looks barren/protected — migrating far
[Vision] No usable memory of copper_ore — MIGRATION (200-420m) fresh area → (59, 247)
[Vision] copper_ore at (32, 54, 22) exists but unobtainable — blacklisting exact block
[Vision] Area looks barren/protected — migrating far
[Vision] No usable memory of copper_ore — MIGRATION (200-420m) fresh area → (89, 220)
[Vision] copper_ore at (32, 54, 22) exists but unobtainable — blacklisting exact block
[Vision] Area looks barren/protected — migrating far
[Vision] No usable memory of copper_ore — MIGRATION (200-420m) fresh area → (153, -140)
[Vision] copper_ore at (32, 54, 22) exists but unobtainable — blacklisting exact block
[Vision] Area looks barren/protected — migrating far
[Vision] No usable memory of copper_ore — MIGRATION (200-420m) fresh area → (-174, -121)
[Vision] copper_ore at (32, 54, 22) exists but unobtainable — blacklisting exact block
[Vision] Area looks barren/protected — migrating far
[Vision] No usable memory of copper_ore — MIGRATION (200-420m) fresh area → (-39, -160)
[Vision] copper_ore at (32, 54, 22) exists but unobtainable — blacklisting exact block
[Vision] Area looks barren/protected — migrating far
[Vision] No usable memory of copper_ore — MIGRATION (200-420m) fresh area → (-106, -141)
[Vision] copper_ore at (32, 54, 22) exists but unobtainable — blacklisting exact block
[Vision] Area looks barren/protected — migrating far
[Vision] No usable memory of copper_ore — MIGRATION (200-420m) fresh area → (-116, -112)
[Vision] copper_ore at (32, 54, 22) exists but unobtainable — blacklisting exact block
[Vision] Area looks barren/protected — migrating far
[Vision] No usable memory of copper_ore — MIGRATION (200-420m) fresh area → (243, 34)
[Vision] copper_ore at (32, 54, 22) exists but unobtainable — blacklisting exact block
[Vision] Area looks barren/protected — migrating far
[Vision] No usable memory of copper_ore — MIGRATION (200-420m) fresh area → (-119, 178)
[Vision] copper_ore at (32, 54, 22) exists but unobtainable — blacklisting exact block
[Vision] Area looks barren/protected — migrating far
[Vision] No usable memory of copper_ore — MIGRATION (200-420m) fresh area → (37, -179)
[Vision] copper_ore at (32, 54, 22) exists but unobtainable — blacklisting exact block
[Vision] Area looks barren/protected — migrating far
[Vision] No usable memory of copper_ore — MIGRATION (200-420m) fresh area → (212, 117)
[Vision] copper_ore at (32, 54, 22) exists but unobtainable — blacklisting exact block
[Vision] Area looks barren/protected — migrating far
[Vision] No usable memory of copper_ore — MIGRATION (200-420m) fresh area → (165, -123)
[Vision] copper_ore at (32, 54, 22) exists but unobtainable — blacklisting exact block
[Vision] Area looks barren/protected — migrating far
[Vision] No usable memory of copper_ore — MIGRATION (200-420m) fresh area → (202, -95)
[Vision] copper_ore at (32, 54, 22) exists but unobtainable — blacklisting exact block
[Vision] Area looks barren/protected — migrating far
[Vision] No usable memory of copper_ore — MIGRATION (200-420m) fresh area → (-152, 110)
[Vision] copper_ore at (32, 54, 22) exists but unobtainable — blacklisting exact block
[Vision] Area looks barren/protected — migrating far
[Vision] No usable memory of copper_ore — MIGRATION (200-420m) fresh area → (37, -191)
[Vision] copper_ore at (32, 54, 22) exists but unobtainable — blacklisting exact block
[Vision] Area looks barren/protected — migrating far
[Vision] No usable memory of copper_ore — MIGRATION (200-420m) fresh area → (253, 98)
[Vision] copper_ore at (32, 54, 22) exists but unobtainable — blacklisting exact block
[Vision] Area looks barren/protected — migrating far
[Vision] No usable memory of copper_ore — MIGRATION (200-420m) fresh area → (160, 191)
[Vision] copper_ore at (32, 54, 22) exists but unobtainable — blacklisting exact block
[Vision] Area looks barren/protected — migrating far
[Vision] No usable memory of copper_ore — MIGRATION (200-420m) fresh area → (232, 54)
[Vision] copper_ore at (32, 54, 22) exists but unobtainable — blacklisting exact block
[Vision] Area looks barren/protected — migrating far
[Vision] No usable memory of copper_ore — MIGRATION (200-420m) fresh area → (206, 143)
[Vision] copper_ore at (32, 54, 22) exists but unobtainable — blacklisting exact block
[Vision] Area looks barren/protected — migrating far
[Vision] No usable memory of copper_ore — MIGRATION (200-420m) fresh area → (240, -15)
[Vision] copper_ore at (32, 54, 22) exists but unobtainable — blacklisting exact block
[Vision] Area looks barren/protected — migrating far
[Vision] No usable memory of copper_ore — MIGRATION (200-420m) fresh area → (165, -129)
[Vision] copper_ore at (32, 54, 22) exists but unobtainable — blacklisting exact block
[Vision] Area looks barren/protected — migrating far
[Vision] No usable memory of copper_ore — MIGRATION (200-420m) fresh area → (-22, 237)
[Vision] copper_ore at (32, 54, 22) exists but unobtainable — blacklisting exact block
[Vision] Area looks barren/protected — migrating far
[Vision] No usable memory of copper_ore — MIGRATION (200-420m) fresh area → (214, 154)
[Vision] copper_ore at (32, 54, 22) exists but unobtainable — blacklisting exact block
[Vision] Area looks barren/protected — migrating far
[Vision] No usable memory of copper_ore — MIGRATION (200-420m) fresh area → (-10, 239)
[Vision] copper_ore at (32, 54, 22) exists but unobtainable — blacklisting exact block
[Vision] Area looks barren/protected — migrating far
[Vision] No usable memory of copper_ore — MIGRATION (200-420m) fresh area → (244, 37)
[Vision] copper_ore at (32, 54, 22) exists but unobtainable — blacklisting exact block
[Vision] Area looks barren/protected — migrating far
[Vision] No usable memory of copper_ore — MIGRATION (200-420m) fresh area → (240, 16)
[Vision] copper_ore at (32, 54, 22) exists but unobtainable — blacklisting exact block
[Vision] Area looks barren/protected — migrating far
[Vision] No usable memory of copper_ore — MIGRATION (200-420m) fresh area → (-178, 43)
[Vision] copper_ore at (32, 54, 22) exists but unobtainable — blacklisting exact block
[Vision] Area looks barren/protected — migrating far
[Vision] No usable memory of copper_ore — MIGRATION (200-420m) fresh area → (99, 250)
[Vision] copper_ore at (32, 54, 22) exists but unobtainable — blacklisting exact block
[Vision] Area looks barren/protected — migrating far
[Vision] No usable memory of copper_ore — MIGRATION (200-420m) fresh area → (-171, 12)
[Vision] copper_ore at (32, 54, 22) exists but unobtainable — blacklisting exact block
[Vision] Area looks barren/protected — migrating far
[Vision] No usable memory of copper_ore — MIGRATION (200-420m) fresh area → (-26, -164)
[Vision] copper_ore at (32, 54, 22) exists but unobtainable — blacklisting exact block
[Vision] Area looks barren/protected — migrating far
[Vision] No usable memory of copper_ore — MIGRATION (200-420m) fresh area → (234, 3)
[Vision] copper_ore at (32, 54, 22) exists but unobtainable — blacklisting exact block
[Vision] Area looks barren/protected — migrating far
[Vision] No usable memory of copper_ore — MIGRATION (200-420m) fresh area → (24, -184)
[Vision] copper_ore at (32, 54, 22) exists but unobtainable — blacklisting exact block
[Vision] Area looks barren/protected — migrating far
[Vision] No usable memory of copper_ore — MIGRATION (200-420m) fresh area → (174, -120)
[Vision] copper_ore at (32, 54, 22) exists but unobtainable — blacklisting exact block
[Vision] Area looks barren/protected — migrating far
[Vision] No usable memory of copper_ore — MIGRATION (200-420m) fresh area → (-95, 226)
[Vision] copper_ore at (32, 54, 22) exists but unobtainable — blacklisting exact block
[Vision] Area looks barren/protected — migrating far
[Vision] No usable memory of copper_ore — MIGRATION (200-420m) fresh area → (99, -171)
[Vision] copper_ore at (32, 54, 22) exists but unobtainable — blacklisting exact block
[Vision] Area looks barren/protected — migrating far
[Vision] No usable memory of copper_ore — MIGRATION (200-420m) fresh area → (-158, 169)
[Vision] copper_ore at (32, 54, 22) exists but unobtainable — blacklisting exact block
[Vision] Area looks barren/protected — migrating far
[Vision] No usable memory of copper_ore — MIGRATION (200-420m) fresh area → (187, 185)
[Vision] copper_ore at (32, 54, 22) exists but unobtainable — blacklisting exact block
[Vision] Area looks barren/protected — migrating far
[Vision] No usable memory of copper_ore — MIGRATION (200-420m) fresh area → (-71, -143)
[Vision] copper_ore at (32, 54, 22) exists but unobtainable — blacklisting exact block
[Vision] Area looks barren/protected — migrating far
[Vision] No usable memory of copper_ore — MIGRATION (200-420m) fresh area → (-189, 16)
[Vision] copper_ore at (32, 54, 22) exists but unobtainable — blacklisting exact block
[Vision] Area looks barren/protected — migrating far
[Vision] No usable memory of copper_ore — MIGRATION (200-420m) fresh area → (-141, 152)
[Vision] copper_ore at (32, 54, 22) exists but unobtainable — blacklisting exact block
[Vision] Area looks barren/protected — migrating far
[Vision] No usable memory of copper_ore — MIGRATION (200-420m) fresh area → (11, -178)
[Vision] copper_ore at (32, 54, 22) exists but unobtainable — blacklisting exact block
[Vision] Area looks barren/protected — migrating far
[Vision] No usable memory of copper_ore — MIGRATION (200-420m) fresh area → (-116, 208)
[Vision] copper_ore at (32, 54, 22) exists but unobtainable — blacklisting exact block
[Vision] Area looks barren/protected — migrating far
[Vision] No usable memory of copper_ore — MIGRATION (200-420m) fresh area → (218, 111)
[Vision] copper_ore at (32, 54, 22) exists but unobtainable — blacklisting exact block
[Vision] Area looks barren/protected — migrating far
[Vision] No usable memory of copper_ore — MIGRATION (200-420m) fresh area → (-75, 223)
[Vision] copper_ore at (32, 54, 22) exists but unobtainable — blacklisting exact block
[Vision] Area looks barren/protected — migrating far
[Vision] No usable memory of copper_ore — MIGRATION (200-420m) fresh area → (50, -175)
[Vision] copper_ore at (32, 54, 22) exists but unobtainable — blacklisting exact block
[Vision] Area looks barren/protected — migrating far
[Vision] No usable memory of copper_ore — MIGRATION (200-420m) fresh area → (4, -180)
[Vision] copper_ore at (32, 54, 22) exists but unobtainable — blacklisting exact block
[Vision] Area looks barren/protected — migrating far
[Vision] No usable memory of copper_ore — MIGRATION (200-420m) fresh area → (-150, 114)
[Vision] copper_ore at (32, 54, 22) exists but unobtainable — blacklisting exact block
[Vision] Area looks barren/protected — migrating far
[Vision] No usable memory of copper_ore — MIGRATION (200-420m) fresh area → (-32, -170)
[Vision] copper_ore at (32, 54, 22) exists but unobtainable — blacklisting exact block
[Vision] Area looks barren/protected — migrating far
[Vision] No usable memory of copper_ore — MIGRATION (200-420m) fresh area → (215, 118)
[Vision] copper_ore at (32, 54, 22) exists but unobtainable — blacklisting exact block
[Vision] Area looks barren/protected — migrating far
[Vision] No usable memory of copper_ore — MIGRATION (200-420m) fresh area → (117, 215)
[Vision] copper_ore at (32, 54, 22) exists but unobtainable — blacklisting exact block
[Vision] Area looks barren/protected — migrating far
[Vision] No usable memory of copper_ore — MIGRATION (200-420m) fresh area → (156, 202)
[Vision] copper_ore at (32, 54, 22) exists but unobtainable — blacklisting exact block
[Vision] Area looks barren/protected — migrating far
[Vision] No usable memory of copper_ore — MIGRATION (200-420m) fresh area → (90, 222)
[Vision] copper_ore at (32, 54, 22) exists but unobtainable — blacklisting exact block
[Vision] Area looks barren/protected — migrating far
[Vision] No usable memory of copper_ore — MIGRATION (200-420m) fresh area → (20, 231)
[Vision] copper_ore at (32, 54, 22) exists but unobtainable — blacklisting exact block
[Vision] Area looks barren/protected — migrating far
[Vision] No usable memory of copper_ore — MIGRATION (200-420m) fresh area → (-23, -171)
[Vision] copper_ore at (32, 54, 22) exists but unobtainable — blacklisting exact block
[Vision] Area looks barren/protected — migrating far
[Vision] No usable memory of copper_ore — MIGRATION (200-420m) fresh area → (71, -180)
[Vision] copper_ore at (32, 54, 22) exists but unobtainable — blacklisting exact block
[Vision] Area looks barren/protected — migrating far
[Vision] No usable memory of copper_ore — MIGRATION (200-420m) fresh area → (196, -126)
[Vision] copper_ore at (32, 54, 22) exists but unobtainable — blacklisting exact block
[Vision] Area looks barren/protected — migrating far
[Vision] No usable memory of copper_ore — MIGRATION (200-420m) fresh area → (-158, -45)
[Vision] copper_ore at (32, 54, 22) exists but unobtainable — blacklisting exact block
[Vision] Area looks barren/protected — migrating far
[Vision] No usable memory of copper_ore — MIGRATION (200-420m) fresh area → (128, 240)
[Vision] copper_ore at (32, 54, 22) exists but unobtainable — blacklisting exact block
[Vision] Area looks barren/protected — migrating far
[Vision] No usable memory of copper_ore — MIGRATION (200-420m) fresh area → (-154, 135)
[Vision] copper_ore at (32, 54, 22) exists but unobtainable — blacklisting exact block
[Vision] Area looks barren/protected — migrating far
[Vision] No usable memory of copper_ore — MIGRATION (200-420m) fresh area → (203, 137)
[Vision] copper_ore at (32, 54, 22) exists but unobtainable — blacklisting exact block
[Vision] Area looks barren/protected — migrating far
[Vision] No usable memory of copper_ore — MIGRATION (200-420m) fresh area → (-147, -87)
[Vision] copper_ore at (32, 54, 22) exists but unobtainable — blacklisting exact block
[Vision] Area looks barren/protected — migrating far
[Vision] No usable memory of copper_ore — MIGRATION (200-420m) fresh area → (-148, -121)
[Vision] copper_ore at (32, 54, 22) exists but unobtainable — blacklisting exact block
[Vision] Area looks barren/protected — migrating far
[Vision] No usable memory of copper_ore — MIGRATION (200-420m) fresh area → (224, -32)
[Vision] copper_ore at (32, 54, 22) exists but unobtainable — blacklisting exact block
[Vision] Area looks barren/protected — migrating far
[Vision] No usable memory of copper_ore — MIGRATION (200-420m) fresh area → (-166, 3)
[Vision] copper_ore at (32, 54, 22) exists but unobtainable — blacklisting exact block
[Vision] Area looks barren/protected — migrating far
[Vision] No usable memory of copper_ore — MIGRATION (200-420m) fresh area → (26, 238)
[Vision] copper_ore at (32, 54, 22) exists but unobtainable — blacklisting exact block
[Vision] Area looks barren/protected — migrating far
[Vision] No usable memory of copper_ore — MIGRATION (200-420m) fresh area → (233, 18)
[Vision] copper_ore at (32, 54, 22) exists but unobtainable — blacklisting exact block
[Vision] Area looks barren/protected — migrating far
[Vision] No usable memory of copper_ore — MIGRATION (200-420m) fresh area → (210, -66)
[Vision] copper_ore at (32, 54, 22) exists but unobtainable — blacklisting exact block
[Vision] Area looks barren/protected — migrating far
[Vision] No usable memory of copper_ore — MIGRATION (200-420m) fresh area → (-98, -139)
[Vision] copper_ore at (32, 54, 22) exists but unobtainable — blacklisting exact block
[Vision] Area looks barren/protected — migrating far
[Vision] No usable memory of copper_ore — MIGRATION (200-420m) fresh area → (255, 76)
[Vision] copper_ore at (32, 54, 22) exists but unobtainable — blacklisting exact block
[Vision] Area looks barren/protected — migrating far
[Vision] No usable memory of copper_ore — MIGRATION (200-420m) fresh area → (-93, -149)
[Vision] copper_ore at (32, 54, 22) exists but unobtainable — blacklisting exact block
[Vision] Area looks barren/protected — migrating far
[Vision] No usable memory of copper_ore — MIGRATION (200-420m) fresh area → (102, 222)
[Vision] copper_ore at (32, 54, 22) exists but unobtainable — blacklisting exact block
[Vision] Area looks barren/protected — migrating far
[Vision] No usable memory of copper_ore — MIGRATION (200-420m) fresh area → (87, 230)
[Vision] copper_ore at (32, 54, 22) exists but unobtainable — blacklisting exact block
[Vision] Area looks barren/protected — migrating far
[Vision] No usable memory of copper_ore — MIGRATION (200-420m) fresh area → (-159, 136)
[Vision] copper_ore at (32, 54, 22) exists but unobtainable — blacklisting exact block
[Vision] Area looks barren/protected — migrating far
[Vision] No usable memory of copper_ore — MIGRATION (200-420m) fresh area → (-33, 236)
[Vision] copper_ore at (32, 54, 22) exists but unobtainable — blacklisting exact block
[Vision] Area looks barren/protected — migrating far
[Vision] No usable memory of copper_ore — MIGRATION (200-420m) fresh area → (184, 162)
[Vision] copper_ore at (32, 54, 22) exists but unobtainable — blacklisting exact block
[Vision] Area looks barren/protected — migrating far
[Vision] No usable memory of copper_ore — MIGRATION (200-420m) fresh area → (-180, -30)
[Vision] copper_ore at (32, 54, 22) exists but unobtainable — blacklisting exact block
[Vision] Area looks barren/protected — migrating far
[Vision] No usable memory of copper_ore — MIGRATION (200-420m) fresh area → (-99, -129)
[Vision] copper_ore at (32, 54, 22) exists but unobtainable — blacklisting exact block
[Vision] Area looks barren/protected — migrating far
[Vision] No usable memory of copper_ore — MIGRATION (200-420m) fresh area → (-118, 189)
[Vision] copper_ore at (32, 54, 22) exists but unobtainable — blacklisting exact block
[Vision] Area looks barren/protected — migrating far
[Vision] No usable memory of copper_ore — MIGRATION (200-420m) fresh area → (248, 88)
[Vision] copper_ore at (32, 54, 22) exists but unobtainable — blacklisting exact block
[Vision] Area looks barren/protected — migrating far
[Vision] No usable memory of copper_ore — MIGRATION (200-420m) fresh area → (-189, 88)
[Vision] copper_ore at (32, 54, 22) exists but unobtainable — blacklisting exact block
[Vision] Area looks barren/protected — migrating far
[Vision] No usable memory of copper_ore — MIGRATION (200-420m) fresh area → (229, 120)
[Vision] copper_ore at (32, 54, 22) exists but unobtainable — blacklisting exact block
[Vision] Area looks barren/protected — migrating far
[Vision] No usable memory of copper_ore — MIGRATION (200-420m) fresh area → (-99, -127)
[Vision] copper_ore at (32, 54, 22) exists but unobtainable — blacklisting exact block
[Vision] Area looks barren/protected — migrating far
[Vision] No usable memory of copper_ore — MIGRATION (200-420m) fresh area → (6, 233)
[Vision] copper_ore at (32, 54, 22) exists but unobtainable — blacklisting exact block
[Vision] Area looks barren/protected — migrating far
[Vision] No usable memory of copper_ore — MIGRATION (200-420m) fresh area → (-53, -152)
[Vision] copper_ore at (32, 54, 22) exists but unobtainable — blacklisting exact block
[Vision] Area looks barren/protected — migrating far
[Vision] No usable memory of copper_ore — MIGRATION (200-420m) fresh area → (-17, -167)
[Vision] copper_ore at (32, 54, 22) exists but unobtainable — blacklisting exact block
[Vision] Area looks barren/protected — migrating far
[Vision] No usable memory of copper_ore — MIGRATION (200-420m) fresh area → (-1, -171)
[Vision] copper_ore at (32, 54, 22) exists but unobtainable — blacklisting exact block
[Vision] Area looks barren/protected — migrating far
[Vision] No usable memory of copper_ore — MIGRATION (200-420m) fresh area → (63, 230)
[Vision] copper_ore at (32, 54, 22) exists but unobtainable — blacklisting exact block
[Vision] Area looks barren/protected — migrating far
[Vision] No usable memory of copper_ore — MIGRATION (200-420m) fresh area → (-90, -137)
[Vision] copper_ore at (32, 54, 22) exists but unobtainable — blacklisting exact block
[Vision] Area looks barren/protected — migrating far
[Vision] No usable memory of copper_ore — MIGRATION (200-420m) fresh area → (-150, 127)
[Vision] copper_ore at (32, 54, 22) exists but unobtainable — blacklisting exact block
[Vision] Area looks barren/protected — migrating far
[Vision] No usable memory of copper_ore — MIGRATION (200-420m) fresh area → (-152, -76)
[Vision] copper_ore at (32, 54, 22) exists but unobtainable — blacklisting exact block
[Vision] Area looks barren/protected — migrating far
[Vision] No usable memory of copper_ore — MIGRATION (200-420m) fresh area → (5, 228)
[Vision] copper_ore at (32, 54, 22) exists but unobtainable — blacklisting exact block
[Vision] Area looks barren/protected — migrating far
[Vision] No usable memory of copper_ore — MIGRATION (200-420m) fresh area → (-1, -174)
[Vision] copper_ore at (32, 54, 22) exists but unobtainable — blacklisting exact block
[Vision] Area looks barren/protected — migrating far
[Vision] No usable memory of copper_ore — MIGRATION (200-420m) fresh area → (-154, -56)
[Vision] copper_ore at (32, 54, 22) exists but unobtainable — blacklisting exact block
[Vision] Area looks barren/protected — migrating far
[Vision] No usable memory of copper_ore — MIGRATION (200-420m) fresh area → (-29, 235)
[Vision] copper_ore at (32, 54, 22) exists but unobtainable — blacklisting exact block
[Vision] Area looks barren/protected — migrating far
[Vision] No usable memory of copper_ore — MIGRATION (200-420m) fresh area → (-191, -32)
[Vision] copper_ore at (32, 54, 22) exists but unobtainable — blacklisting exact block
[Vision] Area looks barren/protected — migrating far
[Vision] No usable memory of copper_ore — MIGRATION (200-420m) fresh area → (-220, 131)
[Vision] copper_ore at (32, 54, 22) exists but unobtainable — blacklisting exact block
[Vision] Area looks barren/protected — migrating far
[Vision] No usable memory of copper_ore — MIGRATION (200-420m) fresh area → (-174, 61)
[Vision] copper_ore at (32, 54, 22) exists but unobtainable — blacklisting exact block
[Vision] Area looks barren/protected — migrating far
[Vision] No usable memory of copper_ore — MIGRATION (200-420m) fresh area → (206, 145)
[Vision] copper_ore at (32, 54, 22) exists but unobtainable — blacklisting exact block
[Vision] Area looks barren/protected — migrating far
[Vision] No usable memory of copper_ore — MIGRATION (200-420m) fresh area → (7, -171)
[Vision] copper_ore at (32, 54, 22) exists but unobtainable — blacklisting exact block
[Vision] Area looks barren/protected — migrating far
[Vision] No usable memory of copper_ore — MIGRATION (200-420m) fresh area → (-136, -111)
[Vision] copper_ore at (32, 54, 22) exists but unobtainable — blacklisting exact block
[Vision] Area looks barren/protected — migrating far
[Vision] No usable memory of copper_ore — MIGRATION (200-420m) fresh area → (-106, 179)
[Vision] copper_ore at (32, 54, 22) exists but unobtainable — blacklisting exact block
[Vision] Area looks barren/protected — migrating far
[Vision] No usable memory of copper_ore — MIGRATION (200-420m) fresh area → (223, -57)
[Vision] copper_ore at (32, 54, 22) exists but unobtainable — blacklisting exact block
[Vision] Area looks barren/protected — migrating far
[Vision] No usable memory of copper_ore — MIGRATION (200-420m) fresh area → (188, -102)
[Vision] copper_ore at (32, 54, 22) exists but unobtainable — blacklisting exact block
[Vision] Area looks barren/protected — migrating far
[Vision] No usable memory of copper_ore — MIGRATION (200-420m) fresh area → (-158, -96)
[Vision] copper_ore at (32, 54, 22) exists but unobtainable — blacklisting exact block
[Vision] Area looks barren/protected — migrating far
[Vision] No usable memory of copper_ore — MIGRATION (200-420m) fresh area → (295, 8)
[Vision] copper_ore at (32, 54, 22) exists but unobtainable — blacklisting exact block
[Vision] Area looks barren/protected — migrating far
[Vision] No usable memory of copper_ore — MIGRATION (200-420m) fresh area → (166, -126)
[Vision] copper_ore at (32, 54, 22) exists but unobtainable — blacklisting exact block
[Vision] Area looks barren/protected — migrating far
[Vision] No usable memory of copper_ore — MIGRATION (200-420m) fresh area → (201, 142)
[Vision] copper_ore at (32, 54, 22) exists but unobtainable — blacklisting exact block
[Vision] Area looks barren/protected — migrating far
[Vision] No usable memory of copper_ore — MIGRATION (200-420m) fresh area → (232, 41)
[Vision] copper_ore at (32, 54, 22) exists but unobtainable — blacklisting exact block
[Vision] Area looks barren/protected — migrating far
[Vision] No usable memory of copper_ore — MIGRATION (200-420m) fresh area → (-69, -176)
[Vision] copper_ore at (32, 54, 22) exists but unobtainable — blacklisting exact block
[Vision] Area looks barren/protected — migrating far
[Vision] No usable memory of copper_ore — MIGRATION (200-420m) fresh area → (152, 215)
[Vision] copper_ore at (32, 54, 22) exists but unobtainable — blacklisting exact block
[Vision] Area looks barren/protected — migrating far
[Vision] No usable memory of copper_ore — MIGRATION (200-420m) fresh area → (-187, 63)
[Vision] copper_ore at (32, 54, 22) exists but unobtainable — blacklisting exact block
[Vision] Area looks barren/protected — migrating far
[Vision] No usable memory of copper_ore — MIGRATION (200-420m) fresh area → (32, -188)
[Vision] copper_ore at (32, 54, 22) exists but unobtainable — blacklisting exact block
[Vision] Area looks barren/protected — migrating far
[Vision] No usable memory of copper_ore — MIGRATION (200-420m) fresh area → (244, 89)
[Vision] copper_ore at (32, 54, 22) exists but unobtainable — blacklisting exact block
[Vision] Area looks barren/protected — migrating far
[Vision] No usable memory of copper_ore — MIGRATION (200-420m) fresh area → (166, 186)
[Vision] copper_ore at (32, 54, 22) exists but unobtainable — blacklisting exact block
[Vision] Area looks barren/protected — migrating far
[Vision] No usable memory of copper_ore — MIGRATION (200-420m) fresh area → (-175, -10)
[Vision] copper_ore at (32, 54, 22) exists but unobtainable — blacklisting exact block
[Vision] Area looks barren/protected — migrating far
[Vision] No usable memory of copper_ore — MIGRATION (200-420m) fresh area → (212, -63)
[Vision] copper_ore at (32, 54, 22) exists but unobtainable — blacklisting exact block
[Vision] Area looks barren/protected — migrating far
[Vision] No usable memory of copper_ore — MIGRATION (200-420m) fresh area → (108, -164)
[Vision] copper_ore at (32, 54, 22) exists but unobtainable — blacklisting exact block
[Vision] Area looks barren/protected — migrating far
[Vision] No usable memory of copper_ore — MIGRATION (200-420m) fresh area → (-59, 226)
[Vision] copper_ore at (32, 54, 22) exists but unobtainable — blacklisting exact block
[Vision] Area looks barren/protected — migrating far
[Vision] No usable memory of copper_ore — MIGRATION (200-420m) fresh area → (31, -176)
[Vision] copper_ore at (32, 54, 22) exists but unobtainable — blacklisting exact block
[Vision] Area looks barren/protected — migrating far
[Vision] No usable memory of copper_ore — MIGRATION (200-420m) fresh area → (195, 171)
[Vision] copper_ore at (32, 54, 22) exists but unobtainable — blacklisting exact block
[Vision] Area looks barren/protected — migrating far
[Vision] No usable memory of copper_ore — MIGRATION (200-420m) fresh area → (250, 125)
[Vision] copper_ore at (32, 54, 22) exists but unobtainable — blacklisting exact block
[Vision] Area looks barren/protected — migrating far
[Vision] No usable memory of copper_ore — MIGRATION (200-420m) fresh area → (-189, 12)
[Vision] copper_ore at (32, 54, 22) exists but unobtainable — blacklisting exact block
[Vision] Area looks barren/protected — migrating far
[Vision] No usable memory of copper_ore — MIGRATION (200-420m) fresh area → (-167, -7)
[Vision] copper_ore at (32, 54, 22) exists but unobtainable — blacklisting exact block
[Vision] Area looks barren/protected — migrating far
[Vision] No usable memory of copper_ore — MIGRATION (200-420m) fresh area → (-153, 112)
[Vision] copper_ore at (32, 54, 22) exists but unobtainable — blacklisting exact block
[Vision] Area looks barren/protected — migrating far
[Vision] No usable memory of copper_ore — MIGRATION (200-420m) fresh area → (-8, 231)
[Vision] copper_ore at (32, 54, 22) exists but unobtainable — blacklisting exact block
[Vision] Area looks barren/protected — migrating far
[Vision] No usable memory of copper_ore — MIGRATION (200-420m) fresh area → (279, -77)
[Vision] copper_ore at (32, 54, 22) exists but unobtainable — blacklisting exact block
[Vision] Area looks barren/protected — migrating far
[Vision] No usable memory of copper_ore — MIGRATION (200-420m) fresh area → (196, -95)
[Vision] copper_ore at (32, 54, 22) exists but unobtainable — blacklisting exact block
[Vision] Area looks barren/protected — migrating far
[Vision] No usable memory of copper_ore — MIGRATION (200-420m) fresh area → (-175, 32)
[Vision] copper_ore at (32, 54, 22) exists but unobtainable — blacklisting exact block
[Vision] Area looks barren/protected — migrating far
[Vision] No usable memory of copper_ore — MIGRATION (200-420m) fresh area → (-72, -159)
[Vision] copper_ore at (32, 54, 22) exists but unobtainable — blacklisting exact block
[Vision] Area looks barren/protected — migrating far
[Vision] No usable memory of copper_ore — MIGRATION (200-420m) fresh area → (138, 222)
[Vision] copper_ore at (32, 54, 22) exists but unobtainable — blacklisting exact block
[Vision] Area looks barren/protected — migrating far
[Vision] No usable memory of copper_ore — MIGRATION (200-420m) fresh area → (-156, 175)
[Vision] copper_ore at (32, 54, 22) exists but unobtainable — blacklisting exact block
[Vision] Area looks barren/protected — migrating far
[Vision] No usable memory of copper_ore — MIGRATION (200-420m) fresh area → (-36, 217)
[Vision] copper_ore at (32, 54, 22) exists but unobtainable — blacklisting exact block
[Vision] Area looks barren/protected — migrating far
[Vision] No usable memory of copper_ore — MIGRATION (200-420m) fresh area → (-142, 135)
[Vision] copper_ore at (32, 54, 22) exists but unobtainable — blacklisting exact block
[Vision] Area looks barren/protected — migrating far
[Vision] No usable memory of copper_ore — MIGRATION (200-420m) fresh area → (-51, -178)
[Vision] copper_ore at (32, 54, 22) exists but unobtainable — blacklisting exact block
[Vision] Area looks barren/protected — migrating far
[Vision] No usable memory of copper_ore — MIGRATION (200-420m) fresh area → (194, -100)
[Vision] copper_ore at (32, 54, 22) exists but unobtainable — blacklisting exact block
[Vision] Area looks barren/protected — migrating far
[Vision] No usable memory of copper_ore — MIGRATION (200-420m) fresh area → (185, -141)
[Vision] copper_ore at (32, 54, 22) exists but unobtainable — blacklisting exact block
[Vision] Area looks barren/protected — migrating far
[Vision] No usable memory of copper_ore — MIGRATION (200-420m) fresh area → (-178, -35)
[Vision] copper_ore at (32, 54, 22) exists but unobtainable — blacklisting exact block
[Vision] Area looks barren/protected — migrating far
[Vision] No usable memory of copper_ore — MIGRATION (200-420m) fresh area → (-107, -139)
[Vision] copper_ore at (32, 54, 22) exists but unobtainable — blacklisting exact block
[Vision] Area looks barren/protected — migrating far
[Vision] No usable memory of copper_ore — MIGRATION (200-420m) fresh area → (-29, 221)
[Vision] copper_ore at (32, 54, 22) exists but unobtainable — blacklisting exact block
[Vision] Area looks barren/protected — migrating far
[Vision] No usable memory of copper_ore — MIGRATION (200-420m) fresh area → (-174, -28)
[Vision] copper_ore at (32, 54, 22) exists but unobtainable — blacklisting exact block
[Vision] Area looks barren/protected — migrating far
[Vision] No usable memory of copper_ore — MIGRATION (200-420m) fresh area → (-152, 142)
[Vision] copper_ore at (32, 54, 22) exists but unobtainable — blacklisting exact block
[Vision] Area looks barren/protected — migrating far
[Vision] No usable memory of copper_ore — MIGRATION (200-420m) fresh area → (237, 85)
[Vision] copper_ore at (32, 54, 22) exists but unobtainable — blacklisting exact block
[Vision] Area looks barren/protected — migrating far
[Vision] No usable memory of copper_ore — MIGRATION (200-420m) fresh area → (170, 177)
[Vision] copper_ore at (32, 54, 22) exists but unobtainable — blacklisting exact block
[Vision] Area looks barren/protected — migrating far
[Vision] No usable memory of copper_ore — MIGRATION (200-420m) fresh area → (226, 153)
[Vision] copper_ore at (32, 54, 22) exists but unobtainable — blacklisting exact block
[Vision] Area looks barren/protected — migrating far
[Vision] No usable memory of copper_ore — MIGRATION (200-420m) fresh area → (157, -144)
[Vision] copper_ore at (32, 54, 22) exists but unobtainable — blacklisting exact block
[Vision] Area looks barren/protected — migrating far
[Vision] No usable memory of copper_ore — MIGRATION (200-420m) fresh area → (-5, 256)
[Vision] copper_ore at (32, 54, 22) exists but unobtainable — blacklisting exact block
[Vision] Area looks barren/protected — migrating far
[Vision] No usable memory of copper_ore — MIGRATION (200-420m) fresh area → (203, 170)
[Vision] copper_ore at (32, 54, 22) exists but unobtainable — blacklisting exact block
[Vision] Area looks barren/protected — migrating far
[Vision] No usable memory of copper_ore — MIGRATION (200-420m) fresh area → (35, 234)
[Vision] copper_ore at (32, 54, 22) exists but unobtainable — blacklisting exact block
[Vision] Area looks barren/protected — migrating far
[Vision] No usable memory of copper_ore — MIGRATION (200-420m) fresh area → (221, 103)
[Vision] copper_ore at (32, 54, 22) exists but unobtainable — blacklisting exact block
[Vision] Area looks barren/protected — migrating far
[Vision] No usable memory of copper_ore — MIGRATION (200-420m) fresh area → (-99, 196)
[Vision] copper_ore at (32, 54, 22) exists but unobtainable — blacklisting exact block
[Vision] Area looks barren/protected — migrating far
[Vision] No usable memory of copper_ore — MIGRATION (200-420m) fresh area → (194, -89)
[Vision] copper_ore at (32, 54, 22) exists but unobtainable — blacklisting exact block
[Vision] Area looks barren/protected — migrating far
[Vision] No usable memory of copper_ore — MIGRATION (200-420m) fresh area → (-165, -71)
[Vision] copper_ore at (32, 54, 22) exists but unobtainable — blacklisting exact block
[Vision] Area looks barren/protected — migrating far
[Vision] No usable memory of copper_ore — MIGRATION (200-420m) fresh area → (131, -161)
[Vision] copper_ore at (32, 54, 22) exists but unobtainable — blacklisting exact block
[Vision] Area looks barren/protected — migrating far
[Vision] No usable memory of copper_ore — MIGRATION (200-420m) fresh area → (118, 218)
[Vision] copper_ore at (32, 54, 22) exists but unobtainable — blacklisting exact block
[Vision] Area looks barren/protected — migrating far
[Vision] No usable memory of copper_ore — MIGRATION (200-420m) fresh area → (79, -189)
[Vision] copper_ore at (32, 54, 22) exists but unobtainable — blacklisting exact block
[Vision] Area looks barren/protected — migrating far
[Vision] No usable memory of copper_ore — MIGRATION (200-420m) fresh area → (-132, 151)
[Vision] copper_ore at (32, 54, 22) exists but unobtainable — blacklisting exact block
[Vision] Area looks barren/protected — migrating far
[Vision] No usable memory of copper_ore — MIGRATION (200-420m) fresh area → (184, -110)
[Vision] copper_ore at (32, 54, 22) exists but unobtainable — blacklisting exact block
[Vision] Area looks barren/protected — migrating far
[Vision] No usable memory of copper_ore — MIGRATION (200-420m) fresh area → (257, 26)
[Vision] copper_ore at (32, 54, 22) exists but unobtainable — blacklisting exact block
[Vision] Area looks barren/protected — migrating far
[Vision] No usable memory of copper_ore — MIGRATION (200-420m) fresh area → (-142, 159)
[Vision] copper_ore at (32, 54, 22) exists but unobtainable — blacklisting exact block
[Vision] Area looks barren/protected — migrating far
[Vision] No usable memory of copper_ore — MIGRATION (200-420m) fresh area → (-44, 219)
[Vision] copper_ore at (32, 54, 22) exists but unobtainable — blacklisting exact block
[Vision] Area looks barren/protected — migrating far
[Vision] No usable memory of copper_ore — MIGRATION (200-420m) fresh area → (218, -57)
[Vision] copper_ore at (32, 54, 22) exists but unobtainable — blacklisting exact block
[Vision] Area looks barren/protected — migrating far
[Vision] No usable memory of copper_ore — MIGRATION (200-420m) fresh area → (-156, 121)
[Vision] copper_ore at (32, 54, 22) exists but unobtainable — blacklisting exact block
[Vision] Area looks barren/protected — migrating far
[Vision] No usable memory of copper_ore — MIGRATION (200-420m) fresh area → (63, -184)
[Vision] copper_ore at (32, 54, 22) exists but unobtainable — blacklisting exact block
[Vision] Area looks barren/protected — migrating far
[Vision] No usable memory of copper_ore — MIGRATION (200-420m) fresh area → (-136, -82)
[Vision] copper_ore at (32, 54, 22) exists but unobtainable — blacklisting exact block
[Vision] Area looks barren/protected — migrating far
[Vision] No usable memory of copper_ore — MIGRATION (200-420m) fresh area → (20, -178)
[Vision] copper_ore at (32, 54, 22) exists but unobtainable — blacklisting exact block
[Vision] Area looks barren/protected — migrating far
[Vision] No usable memory of copper_ore — MIGRATION (200-420m) fresh area → (-72, 209)
[Vision] copper_ore at (32, 54, 22) exists but unobtainable — blacklisting exact block
[Vision] Area looks barren/protected — migrating far
[Vision] No usable memory of copper_ore — MIGRATION (200-420m) fresh area → (4, 232)
[Vision] copper_ore at (32, 54, 22) exists but unobtainable — blacklisting exact block
[Vision] Area looks barren/protected — migrating far
[Vision] No usable memory of copper_ore — MIGRATION (200-420m) fresh area → (-170, 78)
[Vision] copper_ore at (32, 54, 22) exists but unobtainable — blacklisting exact block
[Vision] Area looks barren/protected — migrating far
[Vision] No usable memory of copper_ore — MIGRATION (200-420m) fresh area → (168, 176)
[Vision] copper_ore at (32, 54, 22) exists but unobtainable — blacklisting exact block
[Vision] Area looks barren/protected — migrating far
[Vision] No usable memory of copper_ore — MIGRATION (200-420m) fresh area → (261, 123)
[Vision] copper_ore at (32, 54, 22) exists but unobtainable — blacklisting exact block
[Vision] Area looks barren/protected — migrating far
[Vision] No usable memory of copper_ore — MIGRATION (200-420m) fresh area → (204, 139)
[Vision] copper_ore at (32, 54, 22) exists but unobtainable — blacklisting exact block
[Vision] Area looks barren/protected — migrating far
[Vision] No usable memory of copper_ore — MIGRATION (200-420m) fresh area → (196, 160)
[Vision] copper_ore at (32, 54, 22) exists but unobtainable — blacklisting exact block
[Vision] Area looks barren/protected — migrating far
[Vision] No usable memory of copper_ore — MIGRATION (200-420m) fresh area → (238, 12)
[Vision] copper_ore at (32, 54, 22) exists but unobtainable — blacklisting exact block
[Vision] Area looks barren/protected — migrating far
[Vision] No usable memory of copper_ore — MIGRATION (200-420m) fresh area → (-194, 106)
[Vision] copper_ore at (32, 54, 22) exists but unobtainable — blacklisting exact block
[Vision] Area looks barren/protected — migrating far
[Vision] No usable memory of copper_ore — MIGRATION (200-420m) fresh area → (-102, 211)
[Vision] copper_ore at (32, 54, 22) exists but unobtainable — blacklisting exact block
[Vision] Area looks barren/protected — migrating far
[Vision] No usable memory of copper_ore — MIGRATION (200-420m) fresh area → (232, -101)
[Vision] copper_ore at (32, 54, 22) exists but unobtainable — blacklisting exact block
[Vision] Area looks barren/protected — migrating far
[Vision] No usable memory of copper_ore — MIGRATION (200-420m) fresh area → (-167, 0)
[Vision] copper_ore at (32, 54, 22) exists but unobtainable — blacklisting exact block
[Vision] Area looks barren/protected — migrating far
[Vision] No usable memory of copper_ore — MIGRATION (200-420m) fresh area → (-153, -57)
[Vision] copper_ore at (32, 54, 22) exists but unobtainable — blacklisting exact block
[Vision] Area looks barren/protected — migrating far
[Vision] No usable memory of copper_ore — MIGRATION (200-420m) fresh area → (175, -115)
[Vision] copper_ore at (32, 54, 22) exists but unobtainable — blacklisting exact block
[Vision] Area looks barren/protected — migrating far
[Vision] No usable memory of copper_ore — MIGRATION (200-420m) fresh area → (-90, -132)
[Vision] copper_ore at (32, 54, 22) exists but unobtainable — blacklisting exact block
[Vision] Area looks barren/protected — migrating far
[Vision] No usable memory of copper_ore — MIGRATION (200-420m) fresh area → (-83, -152)
[Vision] copper_ore at (32, 54, 22) exists but unobtainable — blacklisting exact block
[Vision] Area looks barren/protected — migrating far
[Vision] No usable memory of copper_ore — MIGRATION (200-420m) fresh area → (27, -192)
[Vision] copper_ore at (32, 54, 22) exists but unobtainable — blacklisting exact block
[Vision] Area looks barren/protected — migrating far
[Vision] No usable memory of copper_ore — MIGRATION (200-420m) fresh area → (-134, 185)
[Vision] copper_ore at (32, 54, 22) exists but unobtainable — blacklisting exact block
[Vision] Area looks barren/protected — migrating far
[Vision] No usable memory of copper_ore — MIGRATION (200-420m) fresh area → (-68, -150)
[Vision] copper_ore at (32, 54, 22) exists but unobtainable — blacklisting exact block
[Vision] Area looks barren/protected — migrating far
[Vision] No usable memory of copper_ore — MIGRATION (200-420m) fresh area → (6, -180)
[Vision] copper_ore at (32, 54, 22) exists but unobtainable — blacklisting exact block
[Vision] Area looks barren/protected — migrating far
[Vision] No usable memory of copper_ore — MIGRATION (200-420m) fresh area → (203, 183)
[Vision] copper_ore at (32, 54, 22) exists but unobtainable — blacklisting exact block
[Vision] Area looks barren/protected — migrating far
[Vision] No usable memory of copper_ore — MIGRATION (200-420m) fresh area → (-53, -154)
[Vision] copper_ore at (32, 54, 22) exists but unobtainable — blacklisting exact block
[Vision] Area looks barren/protected — migrating far
[Vision] No usable memory of copper_ore — MIGRATION (200-420m) fresh area → (-79, -187)
[Vision] copper_ore at (32, 54, 22) exists but unobtainable — blacklisting exact block
[Vision] Area looks barren/protected — migrating far
[Vision] No usable memory of copper_ore — MIGRATION (200-420m) fresh area → (-137, -93)
[Vision] copper_ore at (32, 54, 22) exists but unobtainable — blacklisting exact block
[Vision] Area looks barren/protected — migrating far
[Vision] No usable memory of copper_ore — MIGRATION (200-420m) fresh area → (279, -45)
[Vision] copper_ore at (32, 54, 22) exists but unobtainable — blacklisting exact block
[Vision] Area looks barren/protected — migrating far
[Vision] No usable memory of copper_ore — MIGRATION (200-420m) fresh area → (240, 83)
[Vision] copper_ore at (32, 54, 22) exists but unobtainable — blacklisting exact block
[Vision] Area looks barren/protected — migrating far
[Vision] No usable memory of copper_ore — MIGRATION (200-420m) fresh area → (39, -176)
[Vision] copper_ore at (32, 54, 22) exists but unobtainable — blacklisting exact block
[Vision] Area looks barren/protected — migrating far
[Vision] No usable memory of copper_ore — MIGRATION (200-420m) fresh area → (227, 76)
[Vision] copper_ore at (32, 54, 22) exists but unobtainable — blacklisting exact block
[Vision] Area looks barren/protected — migrating far
[Vision] No usable memory of copper_ore — MIGRATION (200-420m) fresh area → (-145, -96)
[Vision] copper_ore at (32, 54, 22) exists but unobtainable — blacklisting exact block
[Vision] Area looks barren/protected — migrating far
[Vision] No usable memory of copper_ore — MIGRATION (200-420m) fresh area → (24, -179)
[Vision] copper_ore at (32, 54, 22) exists but unobtainable — blacklisting exact block
[Vision] Area looks barren/protected — migrating far
[Vision] No usable memory of copper_ore — MIGRATION (200-420m) fresh area → (-36, 231)
[Vision] copper_ore at (32, 54, 22) exists but unobtainable — blacklisting exact block
[Vision] Area looks barren/protected — migrating far
[Vision] No usable memory of copper_ore — MIGRATION (200-420m) fresh area → (261, 5)
[Vision] copper_ore at (32, 54, 22) exists but unobtainable — blacklisting exact block
[Vision] Area looks barren/protected — migrating far
[Vision] No usable memory of copper_ore — MIGRATION (200-420m) fresh area → (8, -186)
[Vision] copper_ore at (32, 54, 22) exists but unobtainable — blacklisting exact block
[Vision] Area looks barren/protected — migrating far
[Vision] No usable memory of copper_ore — MIGRATION (200-420m) fresh area → (-177, 43)
[Vision] copper_ore at (32, 54, 22) exists but unobtainable — blacklisting exact block
[Vision] Area looks barren/protected — migrating far
[Vision] No usable memory of copper_ore — MIGRATION (200-420m) fresh area → (62, -182)
[Vision] copper_ore at (32, 54, 22) exists but unobtainable — blacklisting exact block
[Vision] Area looks barren/protected — migrating far
[Vision] No usable memory of copper_ore — MIGRATION (200-420m) fresh area → (5, -188)
[Vision] copper_ore at (32, 54, 22) exists but unobtainable — blacklisting exact block
[Vision] Area looks barren/protected — migrating far
[Vision] No usable memory of copper_ore — MIGRATION (200-420m) fresh area → (221, 106)
[Vision] copper_ore at (32, 54, 22) exists but unobtainable — blacklisting exact block
[Vision] Area looks barren/protected — migrating far
[Vision] No usable memory of copper_ore — MIGRATION (200-420m) fresh area → (228, 143)
[Vision] copper_ore at (32, 54, 22) exists but unobtainable — blacklisting exact block
[Vision] Area looks barren/protected — migrating far
[Vision] No usable memory of copper_ore — MIGRATION (200-420m) fresh area → (23, -195)
[Vision] copper_ore at (32, 54, 22) exists but unobtainable — blacklisting exact block
[Vision] Area looks barren/protected — migrating far
[Vision] No usable memory of copper_ore — MIGRATION (200-420m) fresh area → (24, 240)
[Vision] copper_ore at (32, 54, 22) exists but unobtainable — blacklisting exact block
[Vision] Area looks barren/protected — migrating far
[Vision] No usable memory of copper_ore — MIGRATION (200-420m) fresh area → (145, 241)
[Vision] copper_ore at (32, 54, 22) exists but unobtainable — blacklisting exact block
[Vision] Area looks barren/protected — migrating far
[Vision] No usable memory of copper_ore — MIGRATION (200-420m) fresh area → (94, 235)
[Vision] copper_ore at (32, 54, 22) exists but unobtainable — blacklisting exact block
[Vision] Area looks barren/protected — migrating far
[Vision] No usable memory of copper_ore — MIGRATION (200-420m) fresh area → (38, 239)
[Vision] copper_ore at (32, 54, 22) exists but unobtainable — blacklisting exact block
[Vision] Area looks barren/protected — migrating far
[Vision] No usable memory of copper_ore — MIGRATION (200-420m) fresh area → (-137, -103)
[Vision] copper_ore at (32, 54, 22) exists but unobtainable — blacklisting exact block
[Vision] Area looks barren/protected — migrating far
[Vision] No usable memory of copper_ore — MIGRATION (200-420m) fresh area → (3, -194)
[Vision] copper_ore at (32, 54, 22) exists but unobtainable — blacklisting exact block
[Vision] Area looks barren/protected — migrating far
[Vision] No usable memory of copper_ore — MIGRATION (200-420m) fresh area → (-37, -176)
[Vision] copper_ore at (32, 54, 22) exists but unobtainable — blacklisting exact block
[Vision] Area looks barren/protected — migrating far
[Vision] No usable memory of copper_ore — MIGRATION (200-420m) fresh area → (132, 236)
[Vision] copper_ore at (32, 54, 22) exists but unobtainable — blacklisting exact block
[Vision] Area looks barren/protected — migrating far
[Vision] No usable memory of copper_ore — MIGRATION (200-420m) fresh area → (44, -182)
[Vision] copper_ore at (32, 54, 22) exists but unobtainable — blacklisting exact block
[Vision] Area looks barren/protected — migrating far
[Vision] No usable memory of copper_ore — MIGRATION (200-420m) fresh area → (-91, 189)
[Vision] copper_ore at (32, 54, 22) exists but unobtainable — blacklisting exact block
[Vision] Area looks barren/protected — migrating far
[Vision] No usable memory of copper_ore — MIGRATION (200-420m) fresh area → (205, 168)
[Vision] copper_ore at (32, 54, 22) exists but unobtainable — blacklisting exact block
[Vision] Area looks barren/protected — migrating far
[Vision] No usable memory of copper_ore — MIGRATION (200-420m) fresh area → (-173, -30)
[Vision] copper_ore at (32, 54, 22) exists but unobtainable — blacklisting exact block
[Vision] Area looks barren/protected — migrating far
[Vision] No usable memory of copper_ore — MIGRATION (200-420m) fresh area → (233, 116)
[Vision] copper_ore at (32, 54, 22) exists but unobtainable — blacklisting exact block
[Vision] Area looks barren/protected — migrating far
[Vision] No usable memory of copper_ore — MIGRATION (200-420m) fresh area → (23, -173)
[Vision] copper_ore at (32, 54, 22) exists but unobtainable — blacklisting exact block
[Vision] Area looks barren/protected — migrating far
[Vision] No usable memory of copper_ore — MIGRATION (200-420m) fresh area → (-131, -93)
[Vision] copper_ore at (32, 54, 22) exists but unobtainable — blacklisting exact block
[Vision] Area looks barren/protected — migrating far
[Vision] No usable memory of copper_ore — MIGRATION (200-420m) fresh area → (-151, -53)
[Vision] copper_ore at (32, 54, 22) exists but unobtainable — blacklisting exact block
[Vision] Area looks barren/protected — migrating far
[Vision] No usable memory of copper_ore — MIGRATION (200-420m) fresh area → (-168, -21)
[Vision] copper_ore at (32, 54, 22) exists but unobtainable — blacklisting exact block
[Vision] Area looks barren/protected — migrating far
[Vision] No usable memory of copper_ore — MIGRATION (200-420m) fresh area → (-112, -114)
[Vision] copper_ore at (32, 54, 22) exists but unobtainable — blacklisting exact block
[Vision] Area looks barren/protected — migrating far
[Vision] No usable memory of copper_ore — MIGRATION (200-420m) fresh area → (-37, 227)
[Vision] copper_ore at (32, 54, 22) exists but unobtainable — blacklisting exact block
[Vision] Area looks barren/protected — migrating far
[Vision] No usable memory of copper_ore — MIGRATION (200-420m) fresh area → (239, -39)
[Vision] copper_ore at (32, 54, 22) exists but unobtainable — blacklisting exact block
[Vision] Area looks barren/protected — migrating far
[Vision] No usable memory of copper_ore — MIGRATION (200-420m) fresh area → (168, -153)
[Vision] copper_ore at (32, 54, 22) exists but unobtainable — blacklisting exact block
[Vision] Area looks barren/protected — migrating far
[Vision] No usable memory of copper_ore — MIGRATION (200-420m) fresh area → (225, -75)
[Vision] copper_ore at (32, 54, 22) exists but unobtainable — blacklisting exact block
[Vision] Area looks barren/protected — migrating far
[Vision] No usable memory of copper_ore — MIGRATION (200-420m) fresh area → (210, 160)
[Vision] copper_ore at (32, 54, 22) exists but unobtainable — blacklisting exact block
[Vision] Area looks barren/protected — migrating far
[Vision] No usable memory of copper_ore — MIGRATION (200-420m) fresh area → (-178, 41)
[Vision] copper_ore at (32, 54, 22) exists but unobtainable — blacklisting exact block
[Vision] Area looks barren/protected — migrating far
[Vision] No usable memory of copper_ore — MIGRATION (200-420m) fresh area → (252, -4)
[Vision] copper_ore at (32, 54, 22) exists but unobtainable — blacklisting exact block
[Vision] Area looks barren/protected — migrating far
[Vision] No usable memory of copper_ore — MIGRATION (200-420m) fresh area → (-25, 258)
[Vision] copper_ore at (32, 54, 22) exists but unobtainable — blacklisting exact block
[Vision] Area looks barren/protected — migrating far
[Vision] No usable memory of copper_ore — MIGRATION (200-420m) fresh area → (223, 109)
[Vision] copper_ore at (32, 54, 22) exists but unobtainable — blacklisting exact block
[Vision] Area looks barren/protected — migrating far
[Vision] No usable memory of copper_ore — MIGRATION (200-420m) fresh area → (-190, 21)
[Vision] copper_ore at (32, 54, 22) exists but unobtainable — blacklisting exact block
[Vision] Area looks barren/protected — migrating far
[Vision] No usable memory of copper_ore — MIGRATION (200-420m) fresh area → (210, -80)
[Vision] copper_ore at (32, 54, 22) exists but unobtainable — blacklisting exact block
[Vision] Area looks barren/protected — migrating far
[Vision] No usable memory of copper_ore — MIGRATION (200-420m) fresh area → (201, -92)
[Vision] copper_ore at (32, 54, 22) exists but unobtainable — blacklisting exact block
[Vision] Area looks barren/protected — migrating far
[Vision] No usable memory of copper_ore — MIGRATION (200-420m) fresh area → (119, -203)
[Vision] copper_ore at (32, 54, 22) exists but unobtainable — blacklisting exact block
[Vision] Area looks barren/protected — migrating far
[Vision] No usable memory of copper_ore — MIGRATION (200-420m) fresh area → (128, -149)
[Vision] copper_ore at (32, 54, 22) exists but unobtainable — blacklisting exact block
[Vision] Area looks barren/protected — migrating far
[Vision] No usable memory of copper_ore — MIGRATION (200-420m) fresh area → (-161, -25)
[Vision] copper_ore at (32, 54, 22) exists but unobtainable — blacklisting exact block
[Vision] Area looks barren/protected — migrating far
[Vision] No usable memory of copper_ore — MIGRATION (200-420m) fresh area → (-84, -165)
[Vision] copper_ore at (32, 54, 22) exists but unobtainable — blacklisting exact block
[Vision] Area looks barren/protected — migrating far
[Vision] No usable memory of copper_ore — MIGRATION (200-420m) fresh area → (191, -95)
[Vision] copper_ore at (32, 54, 22) exists but unobtainable — blacklisting exact block
[Vision] Area looks barren/protected — migrating far
[Vision] No usable memory of copper_ore — MIGRATION (200-420m) fresh area → (165, -142)
[Vision] copper_ore at (32, 54, 22) exists but unobtainable — blacklisting exact block
[Vision] Area looks barren/protected — migrating far
[Vision] No usable memory of copper_ore — MIGRATION (200-420m) fresh area → (142, -150)
[Vision] copper_ore at (32, 54, 22) exists but unobtainable — blacklisting exact block
[Vision] Area looks barren/protected — migrating far
[Vision] No usable memory of copper_ore — MIGRATION (200-420m) fresh area → (-197, 42)
[Vision] copper_ore at (32, 54, 22) exists but unobtainable — blacklisting exact block
[Vision] Area looks barren/protected — migrating far
[Vision] No usable memory of copper_ore — MIGRATION (200-420m) fresh area → (-99, -123)
[Vision] copper_ore at (32, 54, 22) exists but unobtainable — blacklisting exact block
[Vision] Area looks barren/protected — migrating far
[Vision] No usable memory of copper_ore — MIGRATION (200-420m) fresh area → (252, 52)
[Vision] copper_ore at (32, 54, 22) exists but unobtainable — blacklisting exact block
[Vision] Area looks barren/protected — migrating far
[Vision] No usable memory of copper_ore — MIGRATION (200-420m) fresh area → (206, -80)
[Vision] copper_ore at (32, 54, 22) exists but unobtainable — blacklisting exact block
[Vision] Area looks barren/protected — migrating far
[Vision] No usable memory of copper_ore — MIGRATION (200-420m) fresh area → (-167, -23)
[Vision] copper_ore at (32, 54, 22) exists but unobtainable — blacklisting exact block
[Vision] Area looks barren/protected — migrating far
[Vision] No usable memory of copper_ore — MIGRATION (200-420m) fresh area → (-43, -167)
[Vision] copper_ore at (32, 54, 22) exists but unobtainable — blacklisting exact block
[Vision] Area looks barren/protected — migrating far
[Vision] No usable memory of copper_ore — MIGRATION (200-420m) fresh area → (-15, -185)
[Vision] copper_ore at (32, 54, 22) exists but unobtainable — blacklisting exact block
[Vision] Area looks barren/protected — migrating far
[Vision] No usable memory of copper_ore — MIGRATION (200-420m) fresh area → (30, -187)
[Vision] copper_ore at (32, 54, 22) exists but unobtainable — blacklisting exact block
[Vision] Area looks barren/protected — migrating far
[Vision] No usable memory of copper_ore — MIGRATION (200-420m) fresh area → (2, -177)
[Vision] copper_ore at (32, 54, 22) exists but unobtainable — blacklisting exact block
[Vision] Area looks barren/protected — migrating far
[Vision] No usable memory of copper_ore — MIGRATION (200-420m) fresh area → (-14, 226)
[Vision] copper_ore at (32, 54, 22) exists but unobtainable — blacklisting exact block
[Vision] Area looks barren/protected — migrating far
[Vision] No usable memory of copper_ore — MIGRATION (200-420m) fresh area → (-158, 108)
[Vision] copper_ore at (32, 54, 22) exists but unobtainable — blacklisting exact block
[Vision] Area looks barren/protected — migrating far
[Vision] No usable memory of copper_ore — MIGRATION (200-420m) fresh area → (213, 151)
[Vision] copper_ore at (32, 54, 22) exists but unobtainable — blacklisting exact block
[Vision] Area looks barren/protected — migrating far
[Vision] No usable memory of copper_ore — MIGRATION (200-420m) fresh area → (-175, 0)
[Vision] copper_ore at (32, 54, 22) exists but unobtainable — blacklisting exact block
[Vision] Area looks barren/protected — migrating far
[Vision] No usable memory of copper_ore — MIGRATION (200-420m) fresh area → (158, -132)
[Vision] copper_ore at (32, 54, 22) exists but unobtainable — blacklisting exact block
[Vision] Area looks barren/protected — migrating far
[Vision] No usable memory of copper_ore — MIGRATION (200-420m) fresh area → (219, -126)
[Vision] copper_ore at (32, 54, 22) exists but unobtainable — blacklisting exact block
[Vision] Area looks barren/protected — migrating far
[Vision] No usable memory of copper_ore — MIGRATION (200-420m) fresh area → (-10, -170)
[Vision] copper_ore at (32, 54, 22) exists but unobtainable — blacklisting exact block
[Vision] Area looks barren/protected — migrating far
[Vision] No usable memory of copper_ore — MIGRATION (200-420m) fresh area → (-80, -148)
[Vision] copper_ore at (32, 54, 22) exists but unobtainable — blacklisting exact block
[Vision] Area looks barren/protected — migrating far
[Vision] No usable memory of copper_ore — MIGRATION (200-420m) fresh area → (-178, -22)
[Vision] copper_ore at (32, 54, 22) exists but unobtainable — blacklisting exact block
[Vision] Area looks barren/protected — migrating far
[Vision] No usable memory of copper_ore — MIGRATION (200-420m) fresh area → (237, 49)
[Vision] copper_ore at (32, 54, 22) exists but unobtainable — blacklisting exact block
[Vision] Area looks barren/protected — migrating far
[Vision] No usable memory of copper_ore — MIGRATION (200-420m) fresh area → (218, -77)
[Vision] copper_ore at (32, 54, 22) exists but unobtainable — blacklisting exact block
[Vision] Area looks barren/protected — migrating far
[Vision] No usable memory of copper_ore — MIGRATION (200-420m) fresh area → (229, -13)
[Vision] copper_ore at (32, 54, 22) exists but unobtainable — blacklisting exact block
[Vision] Area looks barren/protected — migrating far
[Vision] No usable memory of copper_ore — MIGRATION (200-420m) fresh area → (215, -57)
[Vision] copper_ore at (32, 54, 22) exists but unobtainable — blacklisting exact block
[Vision] Area looks barren/protected — migrating far
[Vision] No usable memory of copper_ore — MIGRATION (200-420m) fresh area → (-134, -91)
[Vision] copper_ore at (32, 54, 22) exists but unobtainable — blacklisting exact block
[Vision] Area looks barren/protected — migrating far
[Vision] No usable memory of copper_ore — MIGRATION (200-420m) fresh area → (-163, -33)
[Vision] copper_ore at (32, 54, 22) exists but unobtainable — blacklisting exact block
[Vision] Area looks barren/protected — migrating far
[Vision] No usable memory of copper_ore — MIGRATION (200-420m) fresh area → (-45, -159)
[Vision] copper_ore at (32, 54, 22) exists but unobtainable — blacklisting exact block
[Vision] Area looks barren/protected — migrating far
[Vision] No usable memory of copper_ore — MIGRATION (200-420m) fresh area → (-170, -80)
[Vision] copper_ore at (32, 54, 22) exists but unobtainable — blacklisting exact block
[Vision] Area looks barren/protected — migrating far
[Vision] No usable memory of copper_ore — MIGRATION (200-420m) fresh area → (-102, 192)
[Vision] copper_ore at (32, 54, 22) exists but unobtainable — blacklisting exact block
[Vision] Area looks barren/protected — migrating far
[Vision] No usable memory of copper_ore — MIGRATION (200-420m) fresh area → (16, -189)
[Vision] copper_ore at (32, 54, 22) exists but unobtainable — blacklisting exact block
[Vision] Area looks barren/protected — migrating far
[Vision] No usable memory of copper_ore — MIGRATION (200-420m) fresh area → (189, -109)
[Vision] copper_ore at (32, 54, 22) exists but unobtainable — blacklisting exact block
[Vision] Area looks barren/protected — migrating far
[Vision] No usable memory of copper_ore — MIGRATION (200-420m) fresh area → (14, -186)
[Vision] copper_ore at (32, 54, 22) exists but unobtainable — blacklisting exact block
[Vision] Area looks barren/protected — migrating far
[Vision] No usable memory of copper_ore — MIGRATION (200-420m) fresh area → (-69, 221)
[Vision] copper_ore at (32, 54, 22) exists but unobtainable — blacklisting exact block
[Vision] Area looks barren/protected — migrating far
[Vision] No usable memory of copper_ore — MIGRATION (200-420m) fresh area → (215, -91)
[Vision] copper_ore at (32, 54, 22) exists but unobtainable — blacklisting exact block
[Vision] Area looks barren/protected — migrating far
[Vision] No usable memory of copper_ore — MIGRATION (200-420m) fresh area → (181, 171)
[Vision] copper_ore at (32, 54, 22) exists but unobtainable — blacklisting exact block
[Vision] Area looks barren/protected — migrating far
[Vision] No usable memory of copper_ore — MIGRATION (200-420m) fresh area → (146, 208)
[Vision] copper_ore at (32, 54, 22) exists but unobtainable — blacklisting exact block
[Vision] Area looks barren/protected — migrating far
[Vision] No usable memory of copper_ore — MIGRATION (200-420m) fresh area → (-59, 208)
[Vision] copper_ore at (32, 54, 22) exists but unobtainable — blacklisting exact block
[Vision] Area looks barren/protected — migrating far
[Vision] No usable memory of copper_ore — MIGRATION (200-420m) fresh area → (112, 224)
[Vision] copper_ore at (32, 54, 22) exists but unobtainable — blacklisting exact block
[Vision] Area looks barren/protected — migrating far
[Vision] No usable memory of copper_ore — MIGRATION (200-420m) fresh area → (243, 14)
[Vision] copper_ore at (32, 54, 22) exists but unobtainable — blacklisting exact block
[Vision] Area looks barren/protected — migrating far
[Vision] No usable memory of copper_ore — MIGRATION (200-420m) fresh area → (125, -159)
[Vision] copper_ore at (32, 54, 22) exists but unobtainable — blacklisting exact block
[Vision] Area looks barren/protected — migrating far
[Vision] No usable memory of copper_ore — MIGRATION (200-420m) fresh area → (251, 134)
[Vision] copper_ore at (32, 54, 22) exists but unobtainable — blacklisting exact block
[Vision] Area looks barren/protected — migrating far
[Vision] No usable memory of copper_ore — MIGRATION (200-420m) fresh area → (50, -174)
[Vision] copper_ore at (32, 54, 22) exists but unobtainable — blacklisting exact block
[Vision] Area looks barren/protected — migrating far
[Vision] No usable memory of copper_ore — MIGRATION (200-420m) fresh area → (-167, -9)
[Vision] copper_ore at (32, 54, 22) exists but unobtainable — blacklisting exact block
[Vision] Area looks barren/protected — migrating far
[Vision] No usable memory of copper_ore — MIGRATION (200-420m) fresh area → (232, 55)
[Vision] copper_ore at (32, 54, 22) exists but unobtainable — blacklisting exact block
[Vision] Area looks barren/protected — migrating far
[Vision] No usable memory of copper_ore — MIGRATION (200-420m) fresh area → (-180, 57)
[Vision] copper_ore at (32, 54, 22) exists but unobtainable — blacklisting exact block
[Vision] Area looks barren/protected — migrating far
[Vision] No usable memory of copper_ore — MIGRATION (200-420m) fresh area → (96, -178)
[Vision] copper_ore at (32, 54, 22) exists but unobtainable — blacklisting exact block
[Vision] Area looks barren/protected — migrating far
[Vision] No usable memory of copper_ore — MIGRATION (200-420m) fresh area → (-163, -59)
[Vision] copper_ore at (32, 54, 22) exists but unobtainable — blacklisting exact block
[Vision] Area looks barren/protected — migrating far
[Vision] No usable memory of copper_ore — MIGRATION (200-420m) fresh area → (-59, 209)
[Vision] copper_ore at (32, 54, 22) exists but unobtainable — blacklisting exact block
[Vision] Area looks barren/protected — migrating far
[Vision] No usable memory of copper_ore — MIGRATION (200-420m) fresh area → (-165, 127)
[Vision] copper_ore at (32, 54, 22) exists but unobtainable — blacklisting exact block
[Vision] Area looks barren/protected — migrating far
[Vision] No usable memory of copper_ore — MIGRATION (200-420m) fresh area → (198, -100)
[Vision] copper_ore at (32, 54, 22) exists but unobtainable — blacklisting exact block
[Vision] Area looks barren/protected — migrating far
[Vision] No usable memory of copper_ore — MIGRATION (200-420m) fresh area → (211, 192)
[Vision] copper_ore at (32, 54, 22) exists but unobtainable — blacklisting exact block
[Vision] Area looks barren/protected — migrating far
[Vision] No usable memory of copper_ore — MIGRATION (200-420m) fresh area → (-173, 14)
[Vision] copper_ore at (32, 54, 22) exists but unobtainable — blacklisting exact block
[Vision] Area looks barren/protected — migrating far
[Vision] No usable memory of copper_ore — MIGRATION (200-420m) fresh area → (-165, -38)
[Vision] copper_ore at (32, 54, 22) exists but unobtainable — blacklisting exact block
[Vision] Area looks barren/protected — migrating far
[Vision] No usable memory of copper_ore — MIGRATION (200-420m) fresh area → (228, 100)
[Vision] copper_ore at (32, 54, 22) exists but unobtainable — blacklisting exact block
[Vision] Area looks barren/protected — migrating far
[Vision] No usable memory of copper_ore — MIGRATION (200-420m) fresh area → (210, 192)
[Vision] copper_ore at (32, 54, 22) exists but unobtainable — blacklisting exact block
[Vision] Area looks barren/protected — migrating far
[Vision] No usable memory of copper_ore — MIGRATION (200-420m) fresh area → (246, 50)
[Vision] copper_ore at (32, 54, 22) exists but unobtainable — blacklisting exact block
[Vision] Area looks barren/protected — migrating far
[Vision] No usable memory of copper_ore — MIGRATION (200-420m) fresh area → (-175, 96)
[Vision] copper_ore at (32, 54, 22) exists but unobtainable — blacklisting exact block
[Vision] Area looks barren/protected — migrating far
[Vision] No usable memory of copper_ore — MIGRATION (200-420m) fresh area → (-115, -125)
[Vision] copper_ore at (32, 54, 22) exists but unobtainable — blacklisting exact block
[Vision] Area looks barren/protected — migrating far
[Vision] No usable memory of copper_ore — MIGRATION (200-420m) fresh area → (257, -105)
[Vision] copper_ore at (32, 54, 22) exists but unobtainable — blacklisting exact block
[Vision] Area looks barren/protected — migrating far
[Vision] No usable memory of copper_ore — MIGRATION (200-420m) fresh area → (40, -197)
[Vision] copper_ore at (32, 54, 22) exists but unobtainable — blacklisting exact block
[Vision] Area looks barren/protected — migrating far
[Vision] No usable memory of copper_ore — MIGRATION (200-420m) fresh area → (-35, -187)
[Vision] copper_ore at (32, 54, 22) exists but unobtainable — blacklisting exact block
[Vision] Area looks barren/protected — migrating far
[Vision] No usable memory of copper_ore — MIGRATION (200-420m) fresh area → (-71, 220)
[Vision] copper_ore at (32, 54, 22) exists but unobtainable — blacklisting exact block
[Vision] Area looks barren/protected — migrating far
[Vision] No usable memory of copper_ore — MIGRATION (200-420m) fresh area → (56, -175)
[Vision] copper_ore at (32, 54, 22) exists but unobtainable — blacklisting exact block
[Vision] Area looks barren/protected — migrating far
[Vision] No usable memory of copper_ore — MIGRATION (200-420m) fresh area → (198, 173)
[Vision] copper_ore at (32, 54, 22) exists but unobtainable — blacklisting exact block
[Vision] Area looks barren/protected — migrating far
[Vision] No usable memory of copper_ore — MIGRATION (200-420m) fresh area → (236, 22)
[Vision] copper_ore at (32, 54, 22) exists but unobtainable — blacklisting exact block
[Vision] Area looks barren/protected — migrating far
[Vision] No usable memory of copper_ore — MIGRATION (200-420m) fresh area → (226, 121)
[Vision] copper_ore at (32, 54, 22) exists but unobtainable — blacklisting exact block
[Vision] Area looks barren/protected — migrating far
[Vision] No usable memory of copper_ore — MIGRATION (200-420m) fresh area → (238, 21)
[Vision] copper_ore at (32, 54, 22) exists but unobtainable — blacklisting exact block
[Vision] Area looks barren/protected — migrating far
[Vision] No usable memory of copper_ore — MIGRATION (200-420m) fresh area → (272, 41)
[Vision] copper_ore at (32, 54, 22) exists but unobtainable — blacklisting exact block
[Vision] Area looks barren/protected — migrating far
[Vision] No usable memory of copper_ore — MIGRATION (200-420m) fresh area → (204, -104)
[Vision] copper_ore at (32, 54, 22) exists but unobtainable — blacklisting exact block
[Vision] Area looks barren/protected — migrating far
[Vision] No usable memory of copper_ore — MIGRATION (200-420m) fresh area → (231, 109)
[Vision] copper_ore at (32, 54, 22) exists but unobtainable — blacklisting exact block
[Vision] Area looks barren/protected — migrating far
[Vision] No usable memory of copper_ore — MIGRATION (200-420m) fresh area → (-162, -39)
[Vision] copper_ore at (32, 54, 22) exists but unobtainable — blacklisting exact block
[Vision] Area looks barren/protected — migrating far
[Vision] No usable memory of copper_ore — MIGRATION (200-420m) fresh area → (-185, 56)
[Vision] copper_ore at (32, 54, 22) exists but unobtainable — blacklisting exact block
[Vision] Area looks barren/protected — migrating far
[Vision] No usable memory of copper_ore — MIGRATION (200-420m) fresh area → (85, -165)
[Vision] copper_ore at (32, 54, 22) exists but unobtainable — blacklisting exact block
[Vision] Area looks barren/protected — migrating far
[Vision] No usable memory of copper_ore — MIGRATION (200-420m) fresh area → (0, -171)
[Vision] copper_ore at (32, 54, 22) exists but unobtainable — blacklisting exact block
[Vision] Area looks barren/protected — migrating far
[Vision] No usable memory of copper_ore — MIGRATION (200-420m) fresh area → (227, -32)
[Vision] copper_ore at (32, 54, 22) exists but unobtainable — blacklisting exact block
[Vision] Area looks barren/protected — migrating far
[Vision] No usable memory of copper_ore — MIGRATION (200-420m) fresh area → (-135, -101)
[Vision] copper_ore at (32, 54, 22) exists but unobtainable — blacklisting exact block
[Vision] Area looks barren/protected — migrating far
[Vision] No usable memory of copper_ore — MIGRATION (200-420m) fresh area → (186, 209)
[Vision] copper_ore at (32, 54, 22) exists but unobtainable — blacklisting exact block
[Vision] Area looks barren/protected — migrating far
[Vision] No usable memory of copper_ore — MIGRATION (200-420m) fresh area → (-168, 54)
[Vision] copper_ore at (32, 54, 22) exists but unobtainable — blacklisting exact block
[Vision] Area looks barren/protected — migrating far
[Vision] No usable memory of copper_ore — MIGRATION (200-420m) fresh area → (-76, -147)
[Vision] copper_ore at (32, 54, 22) exists but unobtainable — blacklisting exact block
[Vision] Area looks barren/protected — migrating far
[Vision] No usable memory of copper_ore — MIGRATION (200-420m) fresh area → (186, -102)
[Vision] copper_ore at (32, 54, 22) exists but unobtainable — blacklisting exact block
[Vision] Area looks barren/protected — migrating far
[Vision] No usable memory of copper_ore — MIGRATION (200-420m) fresh area → (-65, -158)
[Vision] copper_ore at (32, 54, 22) exists but unobtainable — blacklisting exact block
[Vision] Area looks barren/protected — migrating far
[Vision] No usable memory of copper_ore — MIGRATION (200-420m) fresh area → (235, 82)
[Vision] copper_ore at (32, 54, 22) exists but unobtainable — blacklisting exact block
[Vision] Area looks barren/protected — migrating far
[Vision] No usable memory of copper_ore — MIGRATION (200-420m) fresh area → (-162, 84)
[Vision] copper_ore at (32, 54, 22) exists but unobtainable — blacklisting exact block
[Vision] Area looks barren/protected — migrating far
[Vision] No usable memory of copper_ore — MIGRATION (200-420m) fresh area → (175, -119)
[Vision] copper_ore at (32, 54, 22) exists but unobtainable — blacklisting exact block
[Vision] Area looks barren/protected — migrating far
[Vision] No usable memory of copper_ore — MIGRATION (200-420m) fresh area → (-146, -102)
[Vision] copper_ore at (32, 54, 22) exists but unobtainable — blacklisting exact block
[Vision] Area looks barren/protected — migrating far
[Vision] No usable memory of copper_ore — MIGRATION (200-420m) fresh area → (177, 236)
[Vision] copper_ore at (32, 54, 22) exists but unobtainable — blacklisting exact block
[Vision] Area looks barren/protected — migrating far
[Vision] No usable memory of copper_ore — MIGRATION (200-420m) fresh area → (200, -121)
[Vision] copper_ore at (32, 54, 22) exists but unobtainable — blacklisting exact block
[Vision] Area looks barren/protected — migrating far
[Vision] No usable memory of copper_ore — MIGRATION (200-420m) fresh area → (30, -173)
[Vision] copper_ore at (32, 54, 22) exists but unobtainable — blacklisting exact block
[Vision] Area looks barren/protected — migrating far
[Vision] No usable memory of copper_ore — MIGRATION (200-420m) fresh area → (-69, -146)
[Vision] copper_ore at (32, 54, 22) exists but unobtainable — blacklisting exact block
[Vision] Area looks barren/protected — migrating far
[Vision] No usable memory of copper_ore — MIGRATION (200-420m) fresh area → (-171, 78)
[Vision] copper_ore at (32, 54, 22) exists but unobtainable — blacklisting exact block
[Vision] Area looks barren/protected — migrating far
[Vision] No usable memory of copper_ore — MIGRATION (200-420m) fresh area → (236, -53)
[Vision] copper_ore at (32, 54, 22) exists but unobtainable — blacklisting exact block
[Vision] Area looks barren/protected — migrating far
[Vision] No usable memory of copper_ore — MIGRATION (200-420m) fresh area → (232, 24)
[Vision] copper_ore at (32, 54, 22) exists but unobtainable — blacklisting exact block
[Vision] Area looks barren/protected — migrating far
[Vision] No usable memory of copper_ore — MIGRATION (200-420m) fresh area → (202, 137)
[Vision] copper_ore at (32, 54, 22) exists but unobtainable — blacklisting exact block
[Vision] Area looks barren/protected — migrating far
[Vision] No usable memory of copper_ore — MIGRATION (200-420m) fresh area → (68, -171)
[Vision] copper_ore at (32, 54, 22) exists but unobtainable — blacklisting exact block
[Vision] Area looks barren/protected — migrating far
[Vision] No usable memory of copper_ore — MIGRATION (200-420m) fresh area → (162, 225)
[Vision] copper_ore at (32, 54, 22) exists but unobtainable — blacklisting exact block
[Vision] Area looks barren/protected — migrating far
[Vision] No usable memory of copper_ore — MIGRATION (200-420m) fresh area → (-18, 252)
[Vision] copper_ore at (32, 54, 22) exists but unobtainable — blacklisting exact block
[Vision] Area looks barren/protected — migrating far
[Vision] No usable memory of copper_ore — MIGRATION (200-420m) fresh area → (-152, -55)
[Vision] copper_ore at (32, 54, 22) exists but unobtainable — blacklisting exact block
[Vision] Area looks barren/protected — migrating far
[Vision] No usable memory of copper_ore — MIGRATION (200-420m) fresh area → (219, 194)
[Vision] copper_ore at (32, 54, 22) exists but unobtainable — blacklisting exact block
[Vision] Area looks barren/protected — migrating far
[Vision] No usable memory of copper_ore — MIGRATION (200-420m) fresh area → (89, -187)
[Vision] copper_ore at (32, 54, 22) exists but unobtainable — blacklisting exact block
[Vision] Area looks barren/protected — migrating far
[Vision] No usable memory of copper_ore — MIGRATION (200-420m) fresh area → (247, 1)
[Vision] copper_ore at (32, 54, 22) exists but unobtainable — blacklisting exact block
[Vision] Area looks barren/protected — migrating far
[Vision] No usable memory of copper_ore — MIGRATION (200-420m) fresh area → (-159, -32)
[Vision] copper_ore at (32, 54, 22) exists but unobtainable — blacklisting exact block
[Vision] Area looks barren/protected — migrating far
[Vision] No usable memory of copper_ore — MIGRATION (200-420m) fresh area → (-63, -154)
[Vision] copper_ore at (32, 54, 22) exists but unobtainable — blacklisting exact block
[Vision] Area looks barren/protected — migrating far
[Vision] No usable memory of copper_ore — MIGRATION (200-420m) fresh area → (0, 228)
[Vision] copper_ore at (32, 54, 22) exists but unobtainable — blacklisting exact block
[Vision] Area looks barren/protected — migrating far
[Vision] No usable memory of copper_ore — MIGRATION (200-420m) fresh area → (232, -22)
[Vision] copper_ore at (32, 54, 22) exists but unobtainable — blacklisting exact block
[Vision] Area looks barren/protected — migrating far
[Vision] No usable memory of copper_ore — MIGRATION (200-420m) fresh area → (53, -171)
[Vision] copper_ore at (32, 54, 22) exists but unobtainable — blacklisting exact block
[Vision] Area looks barren/protected — migrating far
[Vision] No usable memory of copper_ore — MIGRATION (200-420m) fresh area → (193, -108)
[Vision] copper_ore at (32, 54, 22) exists but unobtainable — blacklisting exact block
[Vision] Area looks barren/protected — migrating far
[Vision] No usable memory of copper_ore — MIGRATION (200-420m) fresh area → (-179, -8)
[Vision] copper_ore at (32, 54, 22) exists but unobtainable — blacklisting exact block
[Vision] Area looks barren/protected — migrating far
[Vision] No usable memory of copper_ore — MIGRATION (200-420m) fresh area → (-11, -176)
[Vision] copper_ore at (32, 54, 22) exists but unobtainable — blacklisting exact block
[Vision] Area looks barren/protected — migrating far
[Vision] No usable memory of copper_ore — MIGRATION (200-420m) fresh area → (-131, -94)
[Vision] copper_ore at (32, 54, 22) exists but unobtainable — blacklisting exact block
[Vision] Area looks barren/protected — migrating far
[Vision] No usable memory of copper_ore — MIGRATION (200-420m) fresh area → (-129, 166)
[Vision] copper_ore at (32, 54, 22) exists but unobtainable — blacklisting exact block
[Vision] Area looks barren/protected — migrating far
[Vision] No usable memory of copper_ore — MIGRATION (200-420m) fresh area → (-51, 219)
[Vision] copper_ore at (32, 54, 22) exists but unobtainable — blacklisting exact block
[Vision] Area looks barren/protected — migrating far
[Vision] No usable memory of copper_ore — MIGRATION (200-420m) fresh area → (-210, 24)
[Vision] copper_ore at (32, 54, 22) exists but unobtainable — blacklisting exact block
[Vision] Area looks barren/protected — migrating far
[Vision] No usable memory of copper_ore — MIGRATION (200-420m) fresh area → (-26, -169)
[Vision] copper_ore at (32, 54, 22) exists but unobtainable — blacklisting exact block
[Vision] Area looks barren/protected — migrating far
[Vision] No usable memory of copper_ore — MIGRATION (200-420m) fresh area → (46, -199)
[Vision] copper_ore at (32, 54, 22) exists but unobtainable — blacklisting exact block
[Vision] Area looks barren/protected — migrating far
[Vision] No usable memory of copper_ore — MIGRATION (200-420m) fresh area → (224, 100)
[Vision] copper_ore at (32, 54, 22) exists but unobtainable — blacklisting exact block
[Vision] Area looks barren/protected — migrating far
[Vision] No usable memory of copper_ore — MIGRATION (200-420m) fresh area → (-170, -45)
[Vision] copper_ore at (32, 54, 22) exists but unobtainable — blacklisting exact block
[Vision] Area looks barren/protected — migrating far
[Vision] No usable memory of copper_ore — MIGRATION (200-420m) fresh area → (-55, -154)
[Vision] copper_ore at (32, 54, 22) exists but unobtainable — blacklisting exact block
[Vision] Area looks barren/protected — migrating far
[Vision] No usable memory of copper_ore — MIGRATION (200-420m) fresh area → (-144, -84)
[Vision] copper_ore at (32, 54, 22) exists but unobtainable — blacklisting exact block
[Vision] Area looks barren/protected — migrating far
[Vision] No usable memory of copper_ore — MIGRATION (200-420m) fresh area → (51, -174)
[Vision] copper_ore at (32, 54, 22) exists but unobtainable — blacklisting exact block
[Vision] Area looks barren/protected — migrating far
[Vision] No usable memory of copper_ore — MIGRATION (200-420m) fresh area → (72, -196)
[Vision] copper_ore at (32, 54, 22) exists but unobtainable — blacklisting exact block
[Vision] Area looks barren/protected — migrating far
[Vision] No usable memory of copper_ore — MIGRATION (200-420m) fresh area → (-79, 207)
[Vision] copper_ore at (32, 54, 22) exists but unobtainable — blacklisting exact block
[Vision] Area looks barren/protected — migrating far
[Vision] No usable memory of copper_ore — MIGRATION (200-420m) fresh area → (177, -148)
[Vision] copper_ore at (32, 54, 22) exists but unobtainable — blacklisting exact block
[Vision] Area looks barren/protected — migrating far
[Vision] No usable memory of copper_ore — MIGRATION (200-420m) fresh area → (-147, 118)
[Vision] copper_ore at (32, 54, 22) exists but unobtainable — blacklisting exact block
[Vision] Area looks barren/protected — migrating far
[Vision] No usable memory of copper_ore — MIGRATION (200-420m) fresh area → (-166, -44)
[Vision] copper_ore at (32, 54, 22) exists but unobtainable — blacklisting exact block
[Vision] Area looks barren/protected — migrating far
[Vision] No usable memory of copper_ore — MIGRATION (200-420m) fresh area → (114, 232)
[Vision] copper_ore at (32, 54, 22) exists but unobtainable — blacklisting exact block
[Vision] Area looks barren/protected — migrating far
[Vision] No usable memory of copper_ore — MIGRATION (200-420m) fresh area → (243, 16)
[Vision] copper_ore at (32, 54, 22) exists but unobtainable — blacklisting exact block
[Vision] Area looks barren/protected — migrating far
[Vision] No usable memory of copper_ore — MIGRATION (200-420m) fresh area → (-171, 33)
[Vision] copper_ore at (32, 54, 22) exists but unobtainable — blacklisting exact block
[Vision] Area looks barren/protected — migrating far
[Vision] No usable memory of copper_ore — MIGRATION (200-420m) fresh area → (-192, 21)
[Vision] copper_ore at (32, 54, 22) exists but unobtainable — blacklisting exact block
[Vision] Area looks barren/protected — migrating far
[Vision] No usable memory of copper_ore — MIGRATION (200-420m) fresh area → (-141, 190)
[Vision] copper_ore at (32, 54, 22) exists but unobtainable — blacklisting exact block
[Vision] Area looks barren/protected — migrating far
[Vision] No usable memory of copper_ore — MIGRATION (200-420m) fresh area → (201, 137)
[Vision] copper_ore at (32, 54, 22) exists but unobtainable — blacklisting exact block
[Vision] Area looks barren/protected — migrating far
[Vision] No usable memory of copper_ore — MIGRATION (200-420m) fresh area → (71, 231)
[Vision] copper_ore at (32, 54, 22) exists but unobtainable — blacklisting exact block
[Vision] Area looks barren/protected — migrating far
[Vision] No usable memory of copper_ore — MIGRATION (200-420m) fresh area → (-59, 222)
[Vision] copper_ore at (32, 54, 22) exists but unobtainable — blacklisting exact block
[Vision] Area looks barren/protected — migrating far
[Vision] No usable memory of copper_ore — MIGRATION (200-420m) fresh area → (-186, -19)
[Vision] copper_ore at (32, 54, 22) exists but unobtainable — blacklisting exact block
[Vision] Area looks barren/protected — migrating far
[Vision] No usable memory of copper_ore — MIGRATION (200-420m) fresh area → (-164, -27)
[Vision] copper_ore at (32, 54, 22) exists but unobtainable — blacklisting exact block
[Vision] Area looks barren/protected — migrating far
[Vision] No usable memory of copper_ore — MIGRATION (200-420m) fresh area → (105, -158)
[Vision] copper_ore at (32, 54, 22) exists but unobtainable — blacklisting exact block
[Vision] Area looks barren/protected — migrating far
[Vision] No usable memory of copper_ore — MIGRATION (200-420m) fresh area → (-223, 29)
[Vision] copper_ore at (32, 54, 22) exists but unobtainable — blacklisting exact block
[Vision] Area looks barren/protected — migrating far
[Vision] No usable memory of copper_ore — MIGRATION (200-420m) fresh area → (60, 233)
[Vision] copper_ore at (32, 54, 22) exists but unobtainable — blacklisting exact block
[Vision] Area looks barren/protected — migrating far
[Vision] No usable memory of copper_ore — MIGRATION (200-420m) fresh area → (-41, 258)
[Vision] copper_ore at (32, 54, 22) exists but unobtainable — blacklisting exact block
[Vision] Area looks barren/protected — migrating far
[Vision] No usable memory of copper_ore — MIGRATION (200-420m) fresh area → (-163, -110)
[Vision] copper_ore at (32, 54, 22) exists but unobtainable — blacklisting exact block
[Vision] Area looks barren/protected — migrating far
[Vision] No usable memory of copper_ore — MIGRATION (200-420m) fresh area → (81, 232)
[Vision] copper_ore at (32, 54, 22) exists but unobtainable — blacklisting exact block
[Vision] Area looks barren/protected — migrating far
[Vision] No usable memory of copper_ore — MIGRATION (200-420m) fresh area → (-161, 88)
[Vision] copper_ore at (32, 54, 22) exists but unobtainable — blacklisting exact block
[Vision] Area looks barren/protected — migrating far
[Vision] No usable memory of copper_ore — MIGRATION (200-420m) fresh area → (239, -117)
[Vision] copper_ore at (32, 54, 22) exists but unobtainable — blacklisting exact block
[Vision] Area looks barren/protected — migrating far
[Vision] No usable memory of copper_ore — MIGRATION (200-420m) fresh area → (224, 122)
[Vision] copper_ore at (32, 54, 22) exists but unobtainable — blacklisting exact block
[Vision] Area looks barren/protected — migrating far
[Vision] No usable memory of copper_ore — MIGRATION (200-420m) fresh area → (138, -158)
[Vision] copper_ore at (32, 54, 22) exists but unobtainable — blacklisting exact block
[Vision] Area looks barren/protected — migrating far
[Vision] No usable memory of copper_ore — MIGRATION (200-420m) fresh area → (214, 121)
[Vision] copper_ore at (32, 54, 22) exists but unobtainable — blacklisting exact block
[Vision] Area looks barren/protected — migrating far
[Vision] No usable memory of copper_ore — MIGRATION (200-420m) fresh area → (-96, 188)
[Vision] copper_ore at (32, 54, 22) exists but unobtainable — blacklisting exact block
[Vision] Area looks barren/protected — migrating far
[Vision] No usable memory of copper_ore — MIGRATION (200-420m) fresh area → (-194, 24)
[Vision] copper_ore at (32, 54, 22) exists but unobtainable — blacklisting exact block
[Vision] Area looks barren/protected — migrating far
[Vision] No usable memory of copper_ore — MIGRATION (200-420m) fresh area → (-16, 248)
[Vision] copper_ore at (32, 54, 22) exists but unobtainable — blacklisting exact block
[Vision] Area looks barren/protected — migrating far
[Vision] No usable memory of copper_ore — MIGRATION (200-420m) fresh area → (216, -114)
[Vision] copper_ore at (32, 54, 22) exists but unobtainable — blacklisting exact block
[Vision] Area looks barren/protected — migrating far
[Vision] No usable memory of copper_ore — MIGRATION (200-420m) fresh area → (236, -81)
[Vision] copper_ore at (32, 54, 22) exists but unobtainable — blacklisting exact block
[Vision] Area looks barren/protected — migrating far
[Vision] No usable memory of copper_ore — MIGRATION (200-420m) fresh area → (-13, 231)
[Vision] copper_ore at (32, 54, 22) exists but unobtainable — blacklisting exact block
[Vision] Area looks barren/protected — migrating far
[Vision] No usable memory of copper_ore — MIGRATION (200-420m) fresh area → (-144, -79)
[Vision] copper_ore at (32, 54, 22) exists but unobtainable — blacklisting exact block
[Vision] Area looks barren/protected — migrating far
[Vision] No usable memory of copper_ore — MIGRATION (200-420m) fresh area → (113, 223)
[Vision] copper_ore at (32, 54, 22) exists but unobtainable — blacklisting exact block
[Vision] Area looks barren/protected — migrating far
[Vision] No usable memory of copper_ore — MIGRATION (200-420m) fresh area → (256, -58)
[Vision] copper_ore at (32, 54, 22) exists but unobtainable — blacklisting exact block
[Vision] Area looks barren/protected — migrating far
[Vision] No usable memory of copper_ore — MIGRATION (200-420m) fresh area → (217, -52)
[Vision] copper_ore at (32, 54, 22) exists but unobtainable — blacklisting exact block
[Vision] Area looks barren/protected — migrating far
[Vision] No usable memory of copper_ore — MIGRATION (200-420m) fresh area → (231, -25)
[Vision] copper_ore at (32, 54, 22) exists but unobtainable — blacklisting exact block
[Vision] Area looks barren/protected — migrating far
[Vision] No usable memory of copper_ore — MIGRATION (200-420m) fresh area → (120, 232)
[Vision] copper_ore at (32, 54, 22) exists but unobtainable — blacklisting exact block
[Vision] Area looks barren/protected — migrating far
[Vision] No usable memory of copper_ore — MIGRATION (200-420m) fresh area → (-135, -118)
[Vision] copper_ore at (32, 54, 22) exists but unobtainable — blacklisting exact block
[Vision] Area looks barren/protected — migrating far
[Vision] No usable memory of copper_ore — MIGRATION (200-420m) fresh area → (-177, 36)
[Vision] copper_ore at (32, 54, 22) exists but unobtainable — blacklisting exact block
[Vision] Area looks barren/protected — migrating far
[Vision] No usable memory of copper_ore — MIGRATION (200-420m) fresh area → (-77, -145)
[Vision] copper_ore at (32, 54, 22) exists but unobtainable — blacklisting exact block
[Vision] Area looks barren/protected — migrating far
[Vision] No usable memory of copper_ore — MIGRATION (200-420m) fresh area → (-147, 133)
[Vision] copper_ore at (32, 54, 22) exists but unobtainable — blacklisting exact block
[Vision] Area looks barren/protected — migrating far
[Vision] No usable memory of copper_ore — MIGRATION (200-420m) fresh area → (-179, 69)
[Vision] copper_ore at (32, 54, 22) exists but unobtainable — blacklisting exact block
[Vision] Area looks barren/protected — migrating far
[Vision] No usable memory of copper_ore — MIGRATION (200-420m) fresh area → (33, 231)
[Vision] copper_ore at (32, 54, 22) exists but unobtainable — blacklisting exact block
[Vision] Area looks barren/protected — migrating far
[Vision] No usable memory of copper_ore — MIGRATION (200-420m) fresh area → (60, -183)
[Vision] copper_ore at (32, 54, 22) exists but unobtainable — blacklisting exact block
[Vision] Area looks barren/protected — migrating far
[Vision] No usable memory of copper_ore — MIGRATION (200-420m) fresh area → (226, -45)
[Vision] copper_ore at (32, 54, 22) exists but unobtainable — blacklisting exact block
[Vision] Area looks barren/protected — migrating far
[Vision] No usable memory of copper_ore — MIGRATION (200-420m) fresh area → (24, -173)
[Vision] copper_ore at (32, 54, 22) exists but unobtainable — blacklisting exact block
[Vision] Area looks barren/protected — migrating far
[Vision] No usable memory of copper_ore — MIGRATION (200-420m) fresh area → (-64, 205)
[Vision] copper_ore at (32, 54, 22) exists but unobtainable — blacklisting exact block
[Vision] Area looks barren/protected — migrating far
[Vision] No usable memory of copper_ore — MIGRATION (200-420m) fresh area → (-9, 225)
[Vision] copper_ore at (32, 54, 22) exists but unobtainable — blacklisting exact block
[Vision] Area looks barren/protected — migrating far
[Vision] No usable memory of copper_ore — MIGRATION (200-420m) fresh area → (144, -160)
[Vision] copper_ore at (32, 54, 22) exists but unobtainable — blacklisting exact block
[Vision] Area looks barren/protected — migrating far
[Vision] No usable memory of copper_ore — MIGRATION (200-420m) fresh area → (249, 28)
[Vision] copper_ore at (32, 54, 22) exists but unobtainable — blacklisting exact block
[Vision] Area looks barren/protected — migrating far
[Vision] No usable memory of copper_ore — MIGRATION (200-420m) fresh area → (-23, 233)
[Vision] copper_ore at (32, 54, 22) exists but unobtainable — blacklisting exact block
[Vision] Area looks barren/protected — migrating far
[Vision] No usable memory of copper_ore — MIGRATION (200-420m) fresh area → (144, -156)
[Vision] copper_ore at (32, 54, 22) exists but unobtainable — blacklisting exact block
[Vision] Area looks barren/protected — migrating far
[Vision] No usable memory of copper_ore — MIGRATION (200-420m) fresh area → (-36, 225)
[Vision] copper_ore at (32, 54, 22) exists but unobtainable — blacklisting exact block
[Vision] Area looks barren/protected — migrating far
[Vision] No usable memory of copper_ore — MIGRATION (200-420m) fresh area → (56, 262)
[Vision] copper_ore at (32, 54, 22) exists but unobtainable — blacklisting exact block
[Vision] Area looks barren/protected — migrating far
[Vision] No usable memory of copper_ore — MIGRATION (200-420m) fresh area → (-154, 111)
[Vision] copper_ore at (32, 54, 22) exists but unobtainable — blacklisting exact block
[Vision] Area looks barren/protected — migrating far
[Vision] No usable memory of copper_ore — MIGRATION (200-420m) fresh area → (-20, 266)
[Vision] copper_ore at (32, 54, 22) exists but unobtainable — blacklisting exact block
[Vision] Area looks barren/protected — migrating far
[Vision] No usable memory of copper_ore — MIGRATION (200-420m) fresh area → (-87, 193)
[Vision] copper_ore at (32, 54, 22) exists but unobtainable — blacklisting exact block
[Vision] Area looks barren/protected — migrating far
[Vision] No usable memory of copper_ore — MIGRATION (200-420m) fresh area → (224, -78)
[Vision] copper_ore at (32, 54, 22) exists but unobtainable — blacklisting exact block
[Vision] Area looks barren/protected — migrating far
[Vision] No usable memory of copper_ore — MIGRATION (200-420m) fresh area → (-83, -148)
[Vision] copper_ore at (32, 54, 22) exists but unobtainable — blacklisting exact block
[Vision] Area looks barren/protected — migrating far
[Vision] No usable memory of copper_ore — MIGRATION (200-420m) fresh area → (197, 163)
[Vision] copper_ore at (32, 54, 22) exists but unobtainable — blacklisting exact block
[Vision] Area looks barren/protected — migrating far
[Vision] No usable memory of copper_ore — MIGRATION (200-420m) fresh area → (-181, 132)
[Vision] copper_ore at (32, 54, 22) exists but unobtainable — blacklisting exact block
[Vision] Area looks barren/protected — migrating far
[Vision] No usable memory of copper_ore — MIGRATION (200-420m) fresh area → (250, -13)
[Vision] copper_ore at (32, 54, 22) exists but unobtainable — blacklisting exact block
[Vision] Area looks barren/protected — migrating far
[Vision] No usable memory of copper_ore — MIGRATION (200-420m) fresh area → (230, -5)
[Vision] copper_ore at (32, 54, 22) exists but unobtainable — blacklisting exact block
[Vision] Area looks barren/protected — migrating far
[Vision] No usable memory of copper_ore — MIGRATION (200-420m) fresh area → (114, -155)
[Vision] copper_ore at (32, 54, 22) exists but unobtainable — blacklisting exact block
[Vision] Area looks barren/protected — migrating far
[Vision] No usable memory of copper_ore — MIGRATION (200-420m) fresh area → (-115, -172)
[Vision] copper_ore at (32, 54, 22) exists but unobtainable — blacklisting exact block
[Vision] Area looks barren/protected — migrating far
[Vision] No usable memory of copper_ore — MIGRATION (200-420m) fresh area → (-140, -134)
[Vision] copper_ore at (32, 54, 22) exists but unobtainable — blacklisting exact block
[Vision] Area looks barren/protected — migrating far
[Vision] No usable memory of copper_ore — MIGRATION (200-420m) fresh area → (-173, 10)
[Vision] copper_ore at (32, 54, 22) exists but unobtainable — blacklisting exact block
[Vision] Area looks barren/protected — migrating far
[Vision] No usable memory of copper_ore — MIGRATION (200-420m) fresh area → (232, 27)
[Vision] copper_ore at (32, 54, 22) exists but unobtainable — blacklisting exact block
[Vision] Area looks barren/protected — migrating far
[Vision] No usable memory of copper_ore — MIGRATION (200-420m) fresh area → (-176, 31)
[Vision] copper_ore at (32, 54, 22) exists but unobtainable — blacklisting exact block
[Vision] Area looks barren/protected — migrating far
[Vision] No usable memory of copper_ore — MIGRATION (200-420m) fresh area → (-193, 124)
[Vision] copper_ore at (32, 54, 22) exists but unobtainable — blacklisting exact block
[Vision] Area looks barren/protected — migrating far
[Vision] No usable memory of copper_ore — MIGRATION (200-420m) fresh area → (49, -186)
[Vision] copper_ore at (32, 54, 22) exists but unobtainable — blacklisting exact block
[Vision] Area looks barren/protected — migrating far
[Vision] No usable memory of copper_ore — MIGRATION (200-420m) fresh area → (-184, 4)
[Vision] copper_ore at (32, 54, 22) exists but unobtainable — blacklisting exact block
[Vision] Area looks barren/protected — migrating far
[Vision] No usable memory of copper_ore — MIGRATION (200-420m) fresh area → (128, 209)
[Vision] copper_ore at (32, 54, 22) exists but unobtainable — blacklisting exact block
[Vision] Area looks barren/protected — migrating far
[Vision] No usable memory of copper_ore — MIGRATION (200-420m) fresh area → (-161, -70)
[Vision] copper_ore at (32, 54, 22) exists but unobtainable — blacklisting exact block
[Vision] Area looks barren/protected — migrating far
[Vision] No usable memory of copper_ore — MIGRATION (200-420m) fresh area → (192, 183)
[Vision] copper_ore at (32, 54, 22) exists but unobtainable — blacklisting exact block
[Vision] Area looks barren/protected — migrating far
[Vision] No usable memory of copper_ore — MIGRATION (200-420m) fresh area → (-135, 144)
[Vision] copper_ore at (32, 54, 22) exists but unobtainable — blacklisting exact block
[Vision] Area looks barren/protected — migrating far
[Vision] No usable memory of copper_ore — MIGRATION (200-420m) fresh area → (7, -174)
[Vision] copper_ore at (32, 54, 22) exists but unobtainable — blacklisting exact block
[Vision] Area looks barren/protected — migrating far
[Vision] No usable memory of copper_ore — MIGRATION (200-420m) fresh area → (-127, 159)
[Vision] copper_ore at (32, 54, 22) exists but unobtainable — blacklisting exact block
[Vision] Area looks barren/protected — migrating far
[Vision] No usable memory of copper_ore — MIGRATION (200-420m) fresh area → (54, 230)
[Vision] copper_ore at (32, 54, 22) exists but unobtainable — blacklisting exact block
[Vision] Area looks barren/protected — migrating far
[Vision] No usable memory of copper_ore — MIGRATION (200-420m) fresh area → (-171, 78)
[Vision] copper_ore at (32, 54, 22) exists but unobtainable — blacklisting exact block
[Vision] Area looks barren/protected — migrating far
[Vision] No usable memory of copper_ore — MIGRATION (200-420m) fresh area → (200, -83)
[Vision] copper_ore at (32, 54, 22) exists but unobtainable — blacklisting exact block
[Vision] Area looks barren/protected — migrating far
[Vision] No usable memory of copper_ore — MIGRATION (200-420m) fresh area → (35, 252)
[Vision] copper_ore at (32, 54, 22) exists but unobtainable — blacklisting exact block
[Vision] Area looks barren/protected — migrating far
[Vision] No usable memory of copper_ore — MIGRATION (200-420m) fresh area → (223, -45)
[Vision] copper_ore at (32, 54, 22) exists but unobtainable — blacklisting exact block
[Vision] Area looks barren/protected — migrating far
[Vision] No usable memory of copper_ore — MIGRATION (200-420m) fresh area → (200, -123)
[Vision] copper_ore at (32, 54, 22) exists but unobtainable — blacklisting exact block
[Vision] Area looks barren/protected — migrating far
[Vision] No usable memory of copper_ore — MIGRATION (200-420m) fresh area → (257, 86)
[Vision] copper_ore at (32, 54, 22) exists but unobtainable — blacklisting exact block
[Vision] Area looks barren/protected — migrating far
[Vision] No usable memory of copper_ore — MIGRATION (200-420m) fresh area → (-99, 214)
[Vision] copper_ore at (32, 54, 22) exists but unobtainable — blacklisting exact block
[Vision] Area looks barren/protected — migrating far
[Vision] No usable memory of copper_ore — MIGRATION (200-420m) fresh area → (-75, 214)
[Vision] copper_ore at (32, 54, 22) exists but unobtainable — blacklisting exact block
[Vision] Area looks barren/protected — migrating far
[Vision] No usable memory of copper_ore — MIGRATION (200-420m) fresh area → (-150, -59)
[Vision] copper_ore at (32, 54, 22) exists but unobtainable — blacklisting exact block
[Vision] Area looks barren/protected — migrating far
[Vision] No usable memory of copper_ore — MIGRATION (200-420m) fresh area → (132, 242)
[Vision] copper_ore at (32, 54, 22) exists but unobtainable — blacklisting exact block
[Vision] Area looks barren/protected — migrating far
[Vision] No usable memory of copper_ore — MIGRATION (200-420m) fresh area → (233, 27)
[Vision] copper_ore at (32, 54, 22) exists but unobtainable — blacklisting exact block
[Vision] Area looks barren/protected — migrating far
[Vision] No usable memory of copper_ore — MIGRATION (200-420m) fresh area → (196, -88)
[Vision] copper_ore at (32, 54, 22) exists but unobtainable — blacklisting exact block
[Vision] Area looks barren/protected — migrating far
[Vision] No usable memory of copper_ore — MIGRATION (200-420m) fresh area → (41, 257)
[Vision] copper_ore at (32, 54, 22) exists but unobtainable — blacklisting exact block
[Vision] Area looks barren/protected — migrating far
[Vision] No usable memory of copper_ore — MIGRATION (200-420m) fresh area → (-77, 208)
[Vision] copper_ore at (32, 54, 22) exists but unobtainable — blacklisting exact block
[Vision] Area looks barren/protected — migrating far
[Vision] No usable memory of copper_ore — MIGRATION (200-420m) fresh area → (86, 228)
[Vision] copper_ore at (32, 54, 22) exists but unobtainable — blacklisting exact block
[Vision] Area looks barren/protected — migrating far
[Vision] No usable memory of copper_ore — MIGRATION (200-420m) fresh area → (-186, -27)
[Vision] copper_ore at (32, 54, 22) exists but unobtainable — blacklisting exact block
[Vision] Area looks barren/protected — migrating far
[Vision] No usable memory of copper_ore — MIGRATION (200-420m) fresh area → (-70, -159)
[Vision] copper_ore at (32, 54, 22) exists but unobtainable — blacklisting exact block
[Vision] Area looks barren/protected — migrating far
[Vision] No usable memory of copper_ore — MIGRATION (200-420m) fresh area → (232, 57)
[Vision] copper_ore at (32, 54, 22) exists but unobtainable — blacklisting exact block
[Vision] Area looks barren/protected — migrating far
[Vision] No usable memory of copper_ore — MIGRATION (200-420m) fresh area → (228, -66)
[Vision] copper_ore at (32, 54, 22) exists but unobtainable — blacklisting exact block
[Vision] Area looks barren/protected — migrating far
[Vision] No usable memory of copper_ore — MIGRATION (200-420m) fresh area → (238, 43)
[Vision] copper_ore at (32, 54, 22) exists but unobtainable — blacklisting exact block
[Vision] Area looks barren/protected — migrating far
[Vision] No usable memory of copper_ore — MIGRATION (200-420m) fresh area → (-157, 109)
[Vision] copper_ore at (32, 54, 22) exists but unobtainable — blacklisting exact block
[Vision] Area looks barren/protected — migrating far
[Vision] No usable memory of copper_ore — MIGRATION (200-420m) fresh area → (226, 85)
[Vision] copper_ore at (32, 54, 22) exists but unobtainable — blacklisting exact block
[Vision] Area looks barren/protected — migrating far
[Vision] No usable memory of copper_ore — MIGRATION (200-420m) fresh area → (212, -62)
[Vision] copper_ore at (32, 54, 22) exists but unobtainable — blacklisting exact block
[Vision] Area looks barren/protected — migrating far
[Vision] No usable memory of copper_ore — MIGRATION (200-420m) fresh area → (-21, -199)
[Vision] copper_ore at (32, 54, 22) exists but unobtainable — blacklisting exact block
[Vision] Area looks barren/protected — migrating far
[Vision] No usable memory of copper_ore — MIGRATION (200-420m) fresh area → (266, 83)
[Vision] copper_ore at (32, 54, 22) exists but unobtainable — blacklisting exact block
[Vision] Area looks barren/protected — migrating far
[Vision] No usable memory of copper_ore — MIGRATION (200-420m) fresh area → (-168, -18)
[Vision] copper_ore at (32, 54, 22) exists but unobtainable — blacklisting exact block
[Vision] Area looks barren/protected — migrating far
[Vision] No usable memory of copper_ore — MIGRATION (200-420m) fresh area → (173, 173)
[Vision] copper_ore at (32, 54, 22) exists but unobtainable — blacklisting exact block
[Vision] Area looks barren/protected — migrating far
[Vision] No usable memory of copper_ore — MIGRATION (200-420m) fresh area → (205, 162)
[Vision] copper_ore at (32, 54, 22) exists but unobtainable — blacklisting exact block
[Vision] Area looks barren/protected — migrating far
[Vision] No usable memory of copper_ore — MIGRATION (200-420m) fresh area → (-168, 45)
[Vision] copper_ore at (32, 54, 22) exists but unobtainable — blacklisting exact block
[Vision] Area looks barren/protected — migrating far
[Vision] No usable memory of copper_ore — MIGRATION (200-420m) fresh area → (198, 201)
[Vision] copper_ore at (32, 54, 22) exists but unobtainable — blacklisting exact block
[Vision] Area looks barren/protected — migrating far
[Vision] No usable memory of copper_ore — MIGRATION (200-420m) fresh area → (15, -185)
[Vision] copper_ore at (32, 54, 22) exists but unobtainable — blacklisting exact block
[Vision] Area looks barren/protected — migrating far
[Vision] No usable memory of copper_ore — MIGRATION (200-420m) fresh area → (238, -36)
[Vision] copper_ore at (32, 54, 22) exists but unobtainable — blacklisting exact block
[Vision] Area looks barren/protected — migrating far
[Vision] No usable memory of copper_ore — MIGRATION (200-420m) fresh area → (238, 69)
[Vision] copper_ore at (32, 54, 22) exists but unobtainable — blacklisting exact block
[Vision] Area looks barren/protected — migrating far
[Vision] No usable memory of copper_ore — MIGRATION (200-420m) fresh area → (-189, 52)
[Vision] copper_ore at (32, 54, 22) exists but unobtainable — blacklisting exact block
[Vision] Area looks barren/protected — migrating far
[Vision] No usable memory of copper_ore — MIGRATION (200-420m) fresh area → (229, 71)
[Vision] copper_ore at (32, 54, 22) exists but unobtainable — blacklisting exact block
[Vision] Area looks barren/protected — migrating far
[Vision] No usable memory of copper_ore — MIGRATION (200-420m) fresh area → (66, 228)
[Vision] copper_ore at (32, 54, 22) exists but unobtainable — blacklisting exact block
[Vision] Area looks barren/protected — migrating far
[Vision] No usable memory of copper_ore — MIGRATION (200-420m) fresh area → (-175, 76)
[Vision] copper_ore at (32, 54, 22) exists but unobtainable — blacklisting exact block
[Vision] Area looks barren/protected — migrating far
[Vision] No usable memory of copper_ore — MIGRATION (200-420m) fresh area → (-151, 128)
[Vision] copper_ore at (32, 54, 22) exists but unobtainable — blacklisting exact block
[Vision] Area looks barren/protected — migrating far
[Vision] No usable memory of copper_ore — MIGRATION (200-420m) fresh area → (275, -28)
[Vision] copper_ore at (32, 54, 22) exists but unobtainable — blacklisting exact block
[Vision] Area looks barren/protected — migrating far
[Vision] No usable memory of copper_ore — MIGRATION (200-420m) fresh area → (157, 206)
Client connected
[Vision] copper_ore at (32, 54, 22) exists but unobtainable — blacklisting exact block
[Vision] Area looks barren/protected — migrating far
[Vision] No usable memory of copper_ore — MIGRATION (200-420m) fresh area → (-149, -72)
[Vision] copper_ore at (32, 54, 22) exists but unobtainable — blacklisting exact block
[Vision] Area looks barren/protected — migrating far
[Vision] No usable memory of copper_ore — MIGRATION (200-420m) fresh area → (234, 102)
[Vision] copper_ore at (32, 54, 22) exists but unobtainable — blacklisting exact block
[Vision] Area looks barren/protected — migrating far
[Vision] No usable memory of copper_ore — MIGRATION (200-420m) fresh area → (181, -126)
[Vision] copper_ore at (32, 54, 22) exists but unobtainable — blacklisting exact block
[Vision] Area looks barren/protected — migrating far
[Vision] No usable memory of copper_ore — MIGRATION (200-420m) fresh area → (-76, -167)
[Vision] copper_ore at (32, 54, 22) exists but unobtainable — blacklisting exact block
[Vision] Area looks barren/protected — migrating far
[Vision] No usable memory of copper_ore — MIGRATION (200-420m) fresh area → (228, -22)
[Vision] copper_ore at (32, 54, 22) exists but unobtainable — blacklisting exact block
[Vision] Area looks barren/protected — migrating far
[Vision] No usable memory of copper_ore — MIGRATION (200-420m) fresh area → (-82, -140)
[Vision] copper_ore at (32, 54, 22) exists but unobtainable — blacklisting exact block
[Vision] Area looks barren/protected — migrating far
[Vision] No usable memory of copper_ore — MIGRATION (200-420m) fresh area → (-166, -20)
[Vision] copper_ore at (32, 54, 22) exists but unobtainable — blacklisting exact block
[Vision] Area looks barren/protected — migrating far
[Vision] No usable memory of copper_ore — MIGRATION (200-420m) fresh area → (-165, -12)
[Vision] copper_ore at (32, 54, 22) exists but unobtainable — blacklisting exact block
[Vision] Area looks barren/protected — migrating far
[Vision] No usable memory of copper_ore — MIGRATION (200-420m) fresh area → (-12, 231)
[Vision] copper_ore at (32, 54, 22) exists but unobtainable — blacklisting exact block
[Vision] Area looks barren/protected — migrating far
[Vision] No usable memory of copper_ore — MIGRATION (200-420m) fresh area → (-65, -179)
[Vision] copper_ore at (32, 54, 22) exists but unobtainable — blacklisting exact block
[Vision] Area looks barren/protected — migrating far
[Vision] No usable memory of copper_ore — MIGRATION (200-420m) fresh area → (215, -79)
[Vision] copper_ore at (32, 54, 22) exists but unobtainable — blacklisting exact block
[Vision] Area looks barren/protected — migrating far
[Vision] No usable memory of copper_ore — MIGRATION (200-420m) fresh area → (129, -198)
[Vision] copper_ore at (32, 54, 22) exists but unobtainable — blacklisting exact block
[Vision] Area looks barren/protected — migrating far
[Vision] No usable memory of copper_ore — MIGRATION (200-420m) fresh area → (-181, 36)
[Vision] copper_ore at (32, 54, 22) exists but unobtainable — blacklisting exact block
[Vision] Area looks barren/protected — migrating far
[Vision] No usable memory of copper_ore — MIGRATION (200-420m) fresh area → (-126, -96)
[Vision] copper_ore at (32, 54, 22) exists but unobtainable — blacklisting exact block
[Vision] Area looks barren/protected — migrating far
[Vision] No usable memory of copper_ore — MIGRATION (200-420m) fresh area → (98, -173)
[Vision] copper_ore at (32, 54, 22) exists but unobtainable — blacklisting exact block
[Vision] Area looks barren/protected — migrating far
[Vision] No usable memory of copper_ore — MIGRATION (200-420m) fresh area → (-162, 81)
[Vision] copper_ore at (32, 54, 22) exists but unobtainable — blacklisting exact block
[Vision] Area looks barren/protected — migrating far
[Vision] No usable memory of copper_ore — MIGRATION (200-420m) fresh area → (-174, 76)
[Vision] copper_ore at (32, 54, 22) exists but unobtainable — blacklisting exact block
[Vision] Area looks barren/protected — migrating far
[Vision] No usable memory of copper_ore — MIGRATION (200-420m) fresh area → (155, 191)
[Vision] copper_ore at (32, 54, 22) exists but unobtainable — blacklisting exact block
[Vision] Area looks barren/protected — migrating far
[Vision] No usable memory of copper_ore — MIGRATION (200-420m) fresh area → (125, -161)
[Vision] copper_ore at (32, 54, 22) exists but unobtainable — blacklisting exact block
[Vision] Area looks barren/protected — migrating far
[Vision] No usable memory of copper_ore — MIGRATION (200-420m) fresh area → (182, -105)
[Vision] copper_ore at (32, 54, 22) exists but unobtainable — blacklisting exact block
[Vision] Area looks barren/protected — migrating far
[Vision] No usable memory of copper_ore — MIGRATION (200-420m) fresh area → (-40, -160)
[Vision] copper_ore at (32, 54, 22) exists but unobtainable — blacklisting exact block
[Vision] Area looks barren/protected — migrating far
[Vision] No usable memory of copper_ore — MIGRATION (200-420m) fresh area → (-162, 129)
[Vision] copper_ore at (32, 54, 22) exists but unobtainable — blacklisting exact block
[Vision] Area looks barren/protected — migrating far
[Vision] No usable memory of copper_ore — MIGRATION (200-420m) fresh area → (-165, -39)
[Vision] copper_ore at (32, 54, 22) exists but unobtainable — blacklisting exact block
[Vision] Area looks barren/protected — migrating far
[Vision] No usable memory of copper_ore — MIGRATION (200-420m) fresh area → (12, -177)
[Vision] copper_ore at (32, 54, 22) exists but unobtainable — blacklisting exact block
[Vision] Area looks barren/protected — migrating far
[Vision] No usable memory of copper_ore — MIGRATION (200-420m) fresh area → (-130, 151)
[Vision] copper_ore at (32, 54, 22) exists but unobtainable — blacklisting exact block
[Vision] Area looks barren/protected — migrating far
[Vision] No usable memory of copper_ore — MIGRATION (200-420m) fresh area → (88, -167)
[Vision] copper_ore at (32, 54, 22) exists but unobtainable — blacklisting exact block
[Vision] Area looks barren/protected — migrating far
[Vision] No usable memory of copper_ore — MIGRATION (200-420m) fresh area → (-196, 174)
[Vision] copper_ore at (32, 54, 22) exists but unobtainable — blacklisting exact block
[Vision] Area looks barren/protected — migrating far
[Vision] No usable memory of copper_ore — MIGRATION (200-420m) fresh area → (189, -100)
[Vision] copper_ore at (32, 54, 22) exists but unobtainable — blacklisting exact block
[Vision] Area looks barren/protected — migrating far
[Vision] No usable memory of copper_ore — MIGRATION (200-420m) fresh area → (248, 30)
[Vision] copper_ore at (32, 54, 22) exists but unobtainable — blacklisting exact block
[Vision] Area looks barren/protected — migrating far
[Vision] No usable memory of copper_ore — MIGRATION (200-420m) fresh area → (-54, 281)
[Vision] copper_ore at (32, 54, 22) exists but unobtainable — blacklisting exact block
[Vision] Area looks barren/protected — migrating far
[Vision] No usable memory of copper_ore — MIGRATION (200-420m) fresh area → (-108, -149)
[Vision] copper_ore at (32, 54, 22) exists but unobtainable — blacklisting exact block
[Vision] Area looks barren/protected — migrating far
[Vision] No usable memory of copper_ore — MIGRATION (200-420m) fresh area → (-155, 167)
[Vision] copper_ore at (32, 54, 22) exists but unobtainable — blacklisting exact block
[Vision] Area looks barren/protected — migrating far
[Vision] No usable memory of copper_ore — MIGRATION (200-420m) fresh area → (112, 227)
[Vision] copper_ore at (32, 54, 22) exists but unobtainable — blacklisting exact block
[Vision] Area looks barren/protected — migrating far
[Vision] No usable memory of copper_ore — MIGRATION (200-420m) fresh area → (-67, 204)
[Vision] copper_ore at (32, 54, 22) exists but unobtainable — blacklisting exact block
[Vision] Area looks barren/protected — migrating far
[Vision] No usable memory of copper_ore — MIGRATION (200-420m) fresh area → (-149, 114)
[Vision] copper_ore at (32, 54, 22) exists but unobtainable — blacklisting exact block
[Vision] Area looks barren/protected — migrating far
[Vision] No usable memory of copper_ore — MIGRATION (200-420m) fresh area → (101, 229)
[Vision] copper_ore at (32, 54, 22) exists but unobtainable — blacklisting exact block
[Vision] Area looks barren/protected — migrating far
[Vision] No usable memory of copper_ore — MIGRATION (200-420m) fresh area → (-84, 194)
[Vision] copper_ore at (32, 54, 22) exists but unobtainable — blacklisting exact block
[Vision] Area looks barren/protected — migrating far
[Vision] No usable memory of copper_ore — MIGRATION (200-420m) fresh area → (-96, -137)
[Vision] copper_ore at (32, 54, 22) exists but unobtainable — blacklisting exact block
[Vision] Area looks barren/protected — migrating far
[Vision] No usable memory of copper_ore — MIGRATION (200-420m) fresh area → (243, -24)
[Vision] copper_ore at (32, 54, 22) exists but unobtainable — blacklisting exact block
[Vision] Area looks barren/protected — migrating far
[Vision] No usable memory of copper_ore — MIGRATION (200-420m) fresh area → (-105, -146)
[Vision] copper_ore at (32, 54, 22) exists but unobtainable — blacklisting exact block
[Vision] Area looks barren/protected — migrating far
[Vision] No usable memory of copper_ore — MIGRATION (200-420m) fresh area → (13, -200)
[Vision] copper_ore at (32, 54, 22) exists but unobtainable — blacklisting exact block
[Vision] Area looks barren/protected — migrating far
[Vision] No usable memory of copper_ore — MIGRATION (200-420m) fresh area → (121, 220)
[Vision] copper_ore at (32, 54, 22) exists but unobtainable — blacklisting exact block
[Vision] Area looks barren/protected — migrating far
[Vision] No usable memory of copper_ore — MIGRATION (200-420m) fresh area → (86, 225)
[Vision] copper_ore at (32, 54, 22) exists but unobtainable — blacklisting exact block
[Vision] Area looks barren/protected — migrating far
[Vision] No usable memory of copper_ore — MIGRATION (200-420m) fresh area → (62, -181)
[Vision] copper_ore at (32, 54, 22) exists but unobtainable — blacklisting exact block
[Vision] Area looks barren/protected — migrating far
[Vision] No usable memory of copper_ore — MIGRATION (200-420m) fresh area → (-7, 242)
[Vision] copper_ore at (32, 54, 22) exists but unobtainable — blacklisting exact block
[Vision] Area looks barren/protected — migrating far
[Vision] No usable memory of copper_ore — MIGRATION (200-420m) fresh area → (-91, 195)
[Vision] copper_ore at (32, 54, 22) exists but unobtainable — blacklisting exact block
[Vision] Area looks barren/protected — migrating far
[Vision] No usable memory of copper_ore — MIGRATION (200-420m) fresh area → (59, 234)
[Vision] copper_ore at (32, 54, 22) exists but unobtainable — blacklisting exact block
[Vision] Area looks barren/protected — migrating far
[Vision] No usable memory of copper_ore — MIGRATION (200-420m) fresh area → (263, 83)
[Vision] copper_ore at (32, 54, 22) exists but unobtainable — blacklisting exact block
[Vision] Area looks barren/protected — migrating far
[Vision] No usable memory of copper_ore — MIGRATION (200-420m) fresh area → (246, 16)
[Vision] copper_ore at (32, 54, 22) exists but unobtainable — blacklisting exact block
[Vision] Area looks barren/protected — migrating far
[Vision] No usable memory of copper_ore — MIGRATION (200-420m) fresh area → (233, -91)
[Vision] copper_ore at (32, 54, 22) exists but unobtainable — blacklisting exact block
[Vision] Area looks barren/protected — migrating far
[Vision] No usable memory of copper_ore — MIGRATION (200-420m) fresh area → (-64, 204)
[Vision] copper_ore at (32, 54, 22) exists but unobtainable — blacklisting exact block
[Vision] Area looks barren/protected — migrating far
[Vision] No usable memory of copper_ore — MIGRATION (200-420m) fresh area → (43, -173)
[Vision] copper_ore at (32, 54, 22) exists but unobtainable — blacklisting exact block
[Vision] Area looks barren/protected — migrating far
[Vision] No usable memory of copper_ore — MIGRATION (200-420m) fresh area → (-88, -134)
[Vision] copper_ore at (32, 54, 22) exists but unobtainable — blacklisting exact block
[Vision] Area looks barren/protected — migrating far
[Vision] No usable memory of copper_ore — MIGRATION (200-420m) fresh area → (-35, -166)
[Vision] copper_ore at (32, 54, 22) exists but unobtainable — blacklisting exact block
[Vision] Area looks barren/protected — migrating far
[Vision] No usable memory of copper_ore — MIGRATION (200-420m) fresh area → (-143, 136)
[Vision] copper_ore at (32, 54, 22) exists but unobtainable — blacklisting exact block
[Vision] Area looks barren/protected — migrating far
[Vision] No usable memory of copper_ore — MIGRATION (200-420m) fresh area → (197, -86)
[Vision] copper_ore at (32, 54, 22) exists but unobtainable — blacklisting exact block
[Vision] Area looks barren/protected — migrating far
[Vision] No usable memory of copper_ore — MIGRATION (200-420m) fresh area → (181, 170)
[Vision] copper_ore at (32, 54, 22) exists but unobtainable — blacklisting exact block
[Vision] Area looks barren/protected — migrating far
[Vision] No usable memory of copper_ore — MIGRATION (200-420m) fresh area → (238, 128)
[Vision] copper_ore at (32, 54, 22) exists but unobtainable — blacklisting exact block
[Vision] Area looks barren/protected — migrating far
[Vision] No usable memory of copper_ore — MIGRATION (200-420m) fresh area → (56, -175)
[Vision] copper_ore at (32, 54, 22) exists but unobtainable — blacklisting exact block
[Vision] Area looks barren/protected — migrating far
[Vision] No usable memory of copper_ore — MIGRATION (200-420m) fresh area → (201, 154)
[Vision] copper_ore at (32, 54, 22) exists but unobtainable — blacklisting exact block
[Vision] Area looks barren/protected — migrating far
[Vision] No usable memory of copper_ore — MIGRATION (200-420m) fresh area → (-168, 43)
[Vision] copper_ore at (32, 54, 22) exists but unobtainable — blacklisting exact block
[Vision] Area looks barren/protected — migrating far
[Vision] No usable memory of copper_ore — MIGRATION (200-420m) fresh area → (234, -5)
[Vision] copper_ore at (32, 54, 22) exists but unobtainable — blacklisting exact block
[Vision] Area looks barren/protected — migrating far
[Vision] No usable memory of copper_ore — MIGRATION (200-420m) fresh area → (232, 1)
[Vision] copper_ore at (32, 54, 22) exists but unobtainable — blacklisting exact block
[Vision] Area looks barren/protected — migrating far
[Vision] No usable memory of copper_ore — MIGRATION (200-420m) fresh area → (-174, 116)
[Vision] copper_ore at (32, 54, 22) exists but unobtainable — blacklisting exact block
[Vision] Area looks barren/protected — migrating far
[Vision] No usable memory of copper_ore — MIGRATION (200-420m) fresh area → (233, 66)
[Vision] copper_ore at (32, 54, 22) exists but unobtainable — blacklisting exact block
[Vision] Area looks barren/protected — migrating far
[Vision] No usable memory of copper_ore — MIGRATION (200-420m) fresh area → (232, -35)
[Vision] copper_ore at (32, 54, 22) exists but unobtainable — blacklisting exact block
[Vision] Area looks barren/protected — migrating far
[Vision] No usable memory of copper_ore — MIGRATION (200-420m) fresh area → (237, 6)
[Vision] copper_ore at (32, 54, 22) exists but unobtainable — blacklisting exact block
[Vision] Area looks barren/protected — migrating far
[Vision] No usable memory of copper_ore — MIGRATION (200-420m) fresh area → (233, -44)
[Vision] copper_ore at (32, 54, 22) exists but unobtainable — blacklisting exact block
[Vision] Area looks barren/protected — migrating far
[Vision] No usable memory of copper_ore — MIGRATION (200-420m) fresh area → (139, 211)
[Vision] copper_ore at (32, 54, 22) exists but unobtainable — blacklisting exact block
[Vision] Area looks barren/protected — migrating far
[Vision] No usable memory of copper_ore — MIGRATION (200-420m) fresh area → (97, 223)
[Vision] copper_ore at (32, 54, 22) exists but unobtainable — blacklisting exact block
[Vision] Area looks barren/protected — migrating far
[Vision] No usable memory of copper_ore — MIGRATION (200-420m) fresh area → (213, -92)
[Vision] copper_ore at (32, 54, 22) exists but unobtainable — blacklisting exact block
[Vision] Area looks barren/protected — migrating far
[Vision] No usable memory of copper_ore — MIGRATION (200-420m) fresh area → (201, 142)
[Vision] copper_ore at (32, 54, 22) exists but unobtainable — blacklisting exact block
[Vision] Area looks barren/protected — migrating far
[Vision] No usable memory of copper_ore — MIGRATION (200-420m) fresh area → (249, 25)
[Vision] copper_ore at (32, 54, 22) exists but unobtainable — blacklisting exact block
[Vision] Area looks barren/protected — migrating far
[Vision] No usable memory of copper_ore — MIGRATION (200-420m) fresh area → (-148, -71)
[Vision] copper_ore at (32, 54, 22) exists but unobtainable — blacklisting exact block
[Vision] Area looks barren/protected — migrating far
[Vision] No usable memory of copper_ore — MIGRATION (200-420m) fresh area → (-143, -86)
[Vision] copper_ore at (32, 54, 22) exists but unobtainable — blacklisting exact block
[Vision] Area looks barren/protected — migrating far
[Vision] No usable memory of copper_ore — MIGRATION (200-420m) fresh area → (-95, 185)
[Vision] copper_ore at (32, 54, 22) exists but unobtainable — blacklisting exact block
[Vision] Area looks barren/protected — migrating far
[Vision] No usable memory of copper_ore — MIGRATION (200-420m) fresh area → (95, -196)
[Vision] copper_ore at (32, 54, 22) exists but unobtainable — blacklisting exact block
[Vision] Area looks barren/protected — migrating far
[Vision] No usable memory of copper_ore — MIGRATION (200-420m) fresh area → (234, -47)
[Vision] copper_ore at (32, 54, 22) exists but unobtainable — blacklisting exact block
[Vision] Area looks barren/protected — migrating far
[Vision] No usable memory of copper_ore — MIGRATION (200-420m) fresh area → (186, 164)
[Vision] copper_ore at (32, 54, 22) exists but unobtainable — blacklisting exact block
[Vision] Area looks barren/protected — migrating far
[Vision] No usable memory of copper_ore — MIGRATION (200-420m) fresh area → (-78, -157)
[Vision] copper_ore at (32, 54, 22) exists but unobtainable — blacklisting exact block
[Vision] Area looks barren/protected — migrating far
[Vision] No usable memory of copper_ore — MIGRATION (200-420m) fresh area → (173, 188)
[Vision] copper_ore at (32, 54, 22) exists but unobtainable — blacklisting exact block
[Vision] Area looks barren/protected — migrating far
[Vision] No usable memory of copper_ore — MIGRATION (200-420m) fresh area → (161, -143)
[Vision] copper_ore at (32, 54, 22) exists but unobtainable — blacklisting exact block
[Vision] Area looks barren/protected — migrating far
[Vision] No usable memory of copper_ore — MIGRATION (200-420m) fresh area → (-176, 108)
[Vision] copper_ore at (32, 54, 22) exists but unobtainable — blacklisting exact block
[Vision] Area looks barren/protected — migrating far
[Vision] No usable memory of copper_ore — MIGRATION (200-420m) fresh area → (117, -168)
[Vision] copper_ore at (32, 54, 22) exists but unobtainable — blacklisting exact block
[Vision] Area looks barren/protected — migrating far
[Vision] No usable memory of copper_ore — MIGRATION (200-420m) fresh area → (215, 115)
[Vision] copper_ore at (32, 54, 22) exists but unobtainable — blacklisting exact block
[Vision] Area looks barren/protected — migrating far
[Vision] No usable memory of copper_ore — MIGRATION (200-420m) fresh area → (96, -163)
[Vision] copper_ore at (32, 54, 22) exists but unobtainable — blacklisting exact block
[Vision] Area looks barren/protected — migrating far
[Vision] No usable memory of copper_ore — MIGRATION (200-420m) fresh area → (-168, 89)
[Vision] copper_ore at (32, 54, 22) exists but unobtainable — blacklisting exact block
[Vision] Area looks barren/protected — migrating far
[Vision] No usable memory of copper_ore — MIGRATION (200-420m) fresh area → (-178, -32)
[Vision] copper_ore at (32, 54, 22) exists but unobtainable — blacklisting exact block
[Vision] Area looks barren/protected — migrating far
[Vision] No usable memory of copper_ore — MIGRATION (200-420m) fresh area → (132, -157)
[Vision] copper_ore at (32, 54, 22) exists but unobtainable — blacklisting exact block
[Vision] Area looks barren/protected — migrating far
[Vision] No usable memory of copper_ore — MIGRATION (200-420m) fresh area → (105, -163)
[Vision] copper_ore at (32, 54, 22) exists but unobtainable — blacklisting exact block
[Vision] Area looks barren/protected — migrating far
[Vision] No usable memory of copper_ore — MIGRATION (200-420m) fresh area → (234, 76)
[Vision] copper_ore at (32, 54, 22) exists but unobtainable — blacklisting exact block
[Vision] Area looks barren/protected — migrating far
[Vision] No usable memory of copper_ore — MIGRATION (200-420m) fresh area → (-13, 254)
[Vision] copper_ore at (32, 54, 22) exists but unobtainable — blacklisting exact block
[Vision] Area looks barren/protected — migrating far
[Vision] No usable memory of copper_ore — MIGRATION (200-420m) fresh area → (-157, 113)
[Vision] copper_ore at (32, 54, 22) exists but unobtainable — blacklisting exact block
[Vision] Area looks barren/protected — migrating far
[Vision] No usable memory of copper_ore — MIGRATION (200-420m) fresh area → (235, 22)
[Vision] copper_ore at (32, 54, 22) exists but unobtainable — blacklisting exact block
[Vision] Area looks barren/protected — migrating far
[Vision] No usable memory of copper_ore — MIGRATION (200-420m) fresh area → (233, -65)
[Vision] copper_ore at (32, 54, 22) exists but unobtainable — blacklisting exact block
[Vision] Area looks barren/protected — migrating far
[Vision] No usable memory of copper_ore — MIGRATION (200-420m) fresh area → (52, -177)
[Vision] copper_ore at (32, 54, 22) exists but unobtainable — blacklisting exact block
[Vision] Area looks barren/protected — migrating far
[Vision] No usable memory of copper_ore — MIGRATION (200-420m) fresh area → (-6, -185)
[Vision] copper_ore at (32, 54, 22) exists but unobtainable — blacklisting exact block
[Vision] Area looks barren/protected — migrating far
[Vision] No usable memory of copper_ore — MIGRATION (200-420m) fresh area → (-152, -73)
[Vision] copper_ore at (32, 54, 22) exists but unobtainable — blacklisting exact block
[Vision] Area looks barren/protected — migrating far
[Vision] No usable memory of copper_ore — MIGRATION (200-420m) fresh area → (-110, -168)
[Vision] copper_ore at (32, 54, 22) exists but unobtainable — blacklisting exact block
[Vision] Area looks barren/protected — migrating far
[Vision] No usable memory of copper_ore — MIGRATION (200-420m) fresh area → (-88, -142)
[Vision] copper_ore at (32, 54, 22) exists but unobtainable — blacklisting exact block
[Vision] Area looks barren/protected — migrating far
[Vision] No usable memory of copper_ore — MIGRATION (200-420m) fresh area → (210, 121)
[Vision] copper_ore at (32, 54, 22) exists but unobtainable — blacklisting exact block
[Vision] Area looks barren/protected — migrating far
[Vision] No usable memory of copper_ore — MIGRATION (200-420m) fresh area → (253, 37)
[Vision] copper_ore at (32, 54, 22) exists but unobtainable — blacklisting exact block
[Vision] Area looks barren/protected — migrating far
[Vision] No usable memory of copper_ore — MIGRATION (200-420m) fresh area → (163, -123)
[Vision] copper_ore at (32, 54, 22) exists but unobtainable — blacklisting exact block
[Vision] Area looks barren/protected — migrating far
[Vision] No usable memory of copper_ore — MIGRATION (200-420m) fresh area → (39, 241)
[Vision] copper_ore at (32, 54, 22) exists but unobtainable — blacklisting exact block
[Vision] Area looks barren/protected — migrating far
[Vision] No usable memory of copper_ore — MIGRATION (200-420m) fresh area → (-84, 211)
[Vision] copper_ore at (32, 54, 22) exists but unobtainable — blacklisting exact block
[Vision] Area looks barren/protected — migrating far
[Vision] No usable memory of copper_ore — MIGRATION (200-420m) fresh area → (190, -151)
[Vision] copper_ore at (32, 54, 22) exists but unobtainable — blacklisting exact block
[Vision] Area looks barren/protected — migrating far
[Vision] No usable memory of copper_ore — MIGRATION (200-420m) fresh area → (209, 135)
[Vision] copper_ore at (32, 54, 22) exists but unobtainable — blacklisting exact block
[Vision] Area looks barren/protected — migrating far
[Vision] No usable memory of copper_ore — MIGRATION (200-420m) fresh area → (-105, 212)
[Vision] copper_ore at (32, 54, 22) exists but unobtainable — blacklisting exact block
[Vision] Area looks barren/protected — migrating far
[Vision] No usable memory of copper_ore — MIGRATION (200-420m) fresh area → (-148, -113)
[Vision] copper_ore at (32, 54, 22) exists but unobtainable — blacklisting exact block
[Vision] Area looks barren/protected — migrating far
[Vision] No usable memory of copper_ore — MIGRATION (200-420m) fresh area → (243, -25)
[Vision] copper_ore at (32, 54, 22) exists but unobtainable — blacklisting exact block
[Vision] Area looks barren/protected — migrating far
[Vision] No usable memory of copper_ore — MIGRATION (200-420m) fresh area → (264, 46)
[Vision] copper_ore at (32, 54, 22) exists but unobtainable — blacklisting exact block
[Vision] Area looks barren/protected — migrating far
[Vision] No usable memory of copper_ore — MIGRATION (200-420m) fresh area → (122, -154)
[Vision] copper_ore at (32, 54, 22) exists but unobtainable — blacklisting exact block
[Vision] Area looks barren/protected — migrating far
[Vision] No usable memory of copper_ore — MIGRATION (200-420m) fresh area → (-155, -80)
[Vision] copper_ore at (32, 54, 22) exists but unobtainable — blacklisting exact block
[Vision] Area looks barren/protected — migrating far
[Vision] No usable memory of copper_ore — MIGRATION (200-420m) fresh area → (-109, -115)
[Vision] copper_ore at (32, 54, 22) exists but unobtainable — blacklisting exact block
[Vision] Area looks barren/protected — migrating far
[Vision] No usable memory of copper_ore — MIGRATION (200-420m) fresh area → (233, 64)
[Vision] copper_ore at (32, 54, 22) exists but unobtainable — blacklisting exact block
[Vision] Area looks barren/protected — migrating far
[Vision] No usable memory of copper_ore — MIGRATION (200-420m) fresh area → (128, 258)
[Vision] copper_ore at (32, 54, 22) exists but unobtainable — blacklisting exact block
[Vision] Area looks barren/protected — migrating far
[Vision] No usable memory of copper_ore — MIGRATION (200-420m) fresh area → (16, -182)
[Vision] copper_ore at (32, 54, 22) exists but unobtainable — blacklisting exact block
[Vision] Area looks barren/protected — migrating far
[Vision] No usable memory of copper_ore — MIGRATION (200-420m) fresh area → (249, 60)
[Vision] copper_ore at (32, 54, 22) exists but unobtainable — blacklisting exact block
[Vision] Area looks barren/protected — migrating far
[Vision] No usable memory of copper_ore — MIGRATION (200-420m) fresh area → (-151, 151)
[Vision] copper_ore at (32, 54, 22) exists but unobtainable — blacklisting exact block
[Vision] Area looks barren/protected — migrating far
[Vision] No usable memory of copper_ore — MIGRATION (200-420m) fresh area → (147, -147)
[Vision] copper_ore at (32, 54, 22) exists but unobtainable — blacklisting exact block
[Vision] Area looks barren/protected — migrating far
[Vision] No usable memory of copper_ore — MIGRATION (200-420m) fresh area → (179, 168)
[Vision] copper_ore at (32, 54, 22) exists but unobtainable — blacklisting exact block
[Vision] Area looks barren/protected — migrating far
[Vision] No usable memory of copper_ore — MIGRATION (200-420m) fresh area → (-8, -191)
[Vision] copper_ore at (32, 54, 22) exists but unobtainable — blacklisting exact block
[Vision] Area looks barren/protected — migrating far
[Vision] No usable memory of copper_ore — MIGRATION (200-420m) fresh area → (-176, 96)
[Vision] copper_ore at (32, 54, 22) exists but unobtainable — blacklisting exact block
[Vision] Area looks barren/protected — migrating far
[Vision] No usable memory of copper_ore — MIGRATION (200-420m) fresh area → (96, -177)
[Vision] copper_ore at (32, 54, 22) exists but unobtainable — blacklisting exact block
[Vision] Area looks barren/protected — migrating far
[Vision] No usable memory of copper_ore — MIGRATION (200-420m) fresh area → (-95, 214)
[Vision] copper_ore at (32, 54, 22) exists but unobtainable — blacklisting exact block
[Vision] Area looks barren/protected — migrating far
[Vision] No usable memory of copper_ore — MIGRATION (200-420m) fresh area → (121, 293)
[Vision] copper_ore at (32, 54, 22) exists but unobtainable — blacklisting exact block
[Vision] Area looks barren/protected — migrating far
[Vision] No usable memory of copper_ore — MIGRATION (200-420m) fresh area → (239, 116)
[Vision] copper_ore at (32, 54, 22) exists but unobtainable — blacklisting exact block
[Vision] Area looks barren/protected — migrating far
[Vision] No usable memory of copper_ore — MIGRATION (200-420m) fresh area → (133, 206)
[Vision] copper_ore at (32, 54, 22) exists but unobtainable — blacklisting exact block
[Vision] Area looks barren/protected — migrating far
[Vision] No usable memory of copper_ore — MIGRATION (200-420m) fresh area → (-177, 137)
[Vision] copper_ore at (32, 54, 22) exists but unobtainable — blacklisting exact block
[Vision] Area looks barren/protected — migrating far
[Vision] No usable memory of copper_ore — MIGRATION (200-420m) fresh area → (-102, -123)
[Vision] copper_ore at (32, 54, 22) exists but unobtainable — blacklisting exact block
[Vision] Area looks barren/protected — migrating far
[Vision] No usable memory of copper_ore — MIGRATION (200-420m) fresh area → (-108, -137)
[Vision] copper_ore at (32, 54, 22) exists but unobtainable — blacklisting exact block
[Vision] Area looks barren/protected — migrating far
[Vision] No usable memory of copper_ore — MIGRATION (200-420m) fresh area → (-131, -119)
[Vision] copper_ore at (32, 54, 22) exists but unobtainable — blacklisting exact block
[Vision] Area looks barren/protected — migrating far
[Vision] No usable memory of copper_ore — MIGRATION (200-420m) fresh area → (206, 128)
[Vision] copper_ore at (32, 54, 22) exists but unobtainable — blacklisting exact block
[Vision] Area looks barren/protected — migrating far
[Vision] No usable memory of copper_ore — MIGRATION (200-420m) fresh area → (99, -178)
[Vision] copper_ore at (32, 54, 22) exists but unobtainable — blacklisting exact block
[Vision] Area looks barren/protected — migrating far
[Vision] No usable memory of copper_ore — MIGRATION (200-420m) fresh area → (232, 99)
[Vision] copper_ore at (32, 54, 22) exists but unobtainable — blacklisting exact block
[Vision] Area looks barren/protected — migrating far
[Vision] No usable memory of copper_ore — MIGRATION (200-420m) fresh area → (-165, 133)
[Vision] copper_ore at (32, 54, 22) exists but unobtainable — blacklisting exact block
[Vision] Area looks barren/protected — migrating far
[Vision] No usable memory of copper_ore — MIGRATION (200-420m) fresh area → (-53, 232)
[Vision] copper_ore at (32, 54, 22) exists but unobtainable — blacklisting exact block
[Vision] Area looks barren/protected — migrating far
[Vision] No usable memory of copper_ore — MIGRATION (200-420m) fresh area → (36, -174)
[Vision] copper_ore at (32, 54, 22) exists but unobtainable — blacklisting exact block
[Vision] Area looks barren/protected — migrating far
[Vision] No usable memory of copper_ore — MIGRATION (200-420m) fresh area → (-58, 216)
[Vision] copper_ore at (32, 54, 22) exists but unobtainable — blacklisting exact block
[Vision] Area looks barren/protected — migrating far
[Vision] No usable memory of copper_ore — MIGRATION (200-420m) fresh area → (-160, -38)
[Vision] copper_ore at (32, 54, 22) exists but unobtainable — blacklisting exact block
[Vision] Area looks barren/protected — migrating far
[Vision] No usable memory of copper_ore — MIGRATION (200-420m) fresh area → (-64, -172)
[Vision] copper_ore at (32, 54, 22) exists but unobtainable — blacklisting exact block
[Vision] Area looks barren/protected — migrating far
[Vision] No usable memory of copper_ore — MIGRATION (200-420m) fresh area → (263, 36)
[Vision] copper_ore at (32, 54, 22) exists but unobtainable — blacklisting exact block
[Vision] Area looks barren/protected — migrating far
[Vision] No usable memory of copper_ore — MIGRATION (200-420m) fresh area → (-103, -136)
[Vision] copper_ore at (32, 54, 22) exists but unobtainable — blacklisting exact block
[Vision] Area looks barren/protected — migrating far
[Vision] No usable memory of copper_ore — MIGRATION (200-420m) fresh area → (69, 244)
[Vision] copper_ore at (32, 54, 22) exists but unobtainable — blacklisting exact block
[Vision] Area looks barren/protected — migrating far
[Vision] No usable memory of copper_ore — MIGRATION (200-420m) fresh area → (160, -137)
[Vision] copper_ore at (32, 54, 22) exists but unobtainable — blacklisting exact block
[Vision] Area looks barren/protected — migrating far
[Vision] No usable memory of copper_ore — MIGRATION (200-420m) fresh area → (223, -45)
[Vision] copper_ore at (32, 54, 22) exists but unobtainable — blacklisting exact block
[Vision] Area looks barren/protected — migrating far
[Vision] No usable memory of copper_ore — MIGRATION (200-420m) fresh area → (-98, 184)
[Vision] copper_ore at (32, 54, 22) exists but unobtainable — blacklisting exact block
[Vision] Area looks barren/protected — migrating far
[Vision] No usable memory of copper_ore — MIGRATION (200-420m) fresh area → (-88, 261)
[Vision] copper_ore at (32, 54, 22) exists but unobtainable — blacklisting exact block
[Vision] Area looks barren/protected — migrating far
[Vision] No usable memory of copper_ore — MIGRATION (200-420m) fresh area → (254, 68)
[Vision] copper_ore at (32, 54, 22) exists but unobtainable — blacklisting exact block
[Vision] Area looks barren/protected — migrating far
[Vision] No usable memory of copper_ore — MIGRATION (200-420m) fresh area → (223, 167)
[Vision] copper_ore at (32, 54, 22) exists but unobtainable — blacklisting exact block
[Vision] Area looks barren/protected — migrating far
[Vision] No usable memory of copper_ore — MIGRATION (200-420m) fresh area → (246, 10)
[Vision] copper_ore at (32, 54, 22) exists but unobtainable — blacklisting exact block
[Vision] Area looks barren/protected — migrating far
[Vision] No usable memory of copper_ore — MIGRATION (200-420m) fresh area → (-57, 211)
[Vision] copper_ore at (32, 54, 22) exists but unobtainable — blacklisting exact block
[Vision] Area looks barren/protected — migrating far
[Vision] No usable memory of copper_ore — MIGRATION (200-420m) fresh area → (-110, -129)
[Vision] copper_ore at (32, 54, 22) exists but unobtainable — blacklisting exact block
[Vision] Area looks barren/protected — migrating far
[Vision] No usable memory of copper_ore — MIGRATION (200-420m) fresh area → (211, -129)
[Vision] copper_ore at (32, 54, 22) exists but unobtainable — blacklisting exact block
[Vision] Area looks barren/protected — migrating far
[Vision] No usable memory of copper_ore — MIGRATION (200-420m) fresh area → (-141, 130)
[Vision] copper_ore at (32, 54, 22) exists but unobtainable — blacklisting exact block
[Vision] Area looks barren/protected — migrating far
[Vision] No usable memory of copper_ore — MIGRATION (200-420m) fresh area → (54, 228)
[Vision] copper_ore at (32, 54, 22) exists but unobtainable — blacklisting exact block
[Vision] Area looks barren/protected — migrating far
[Vision] No usable memory of copper_ore — MIGRATION (200-420m) fresh area → (121, -161)
[Vision] copper_ore at (32, 54, 22) exists but unobtainable — blacklisting exact block
[Vision] Area looks barren/protected — migrating far
[Vision] No usable memory of copper_ore — MIGRATION (200-420m) fresh area → (221, -111)
[Vision] copper_ore at (32, 54, 22) exists but unobtainable — blacklisting exact block
[Vision] Area looks barren/protected — migrating far
[Vision] No usable memory of copper_ore — MIGRATION (200-420m) fresh area → (47, 233)
[Vision] copper_ore at (32, 54, 22) exists but unobtainable — blacklisting exact block
[Vision] Area looks barren/protected — migrating far
[Vision] No usable memory of copper_ore — MIGRATION (200-420m) fresh area → (-49, 224)
[Vision] copper_ore at (32, 54, 22) exists but unobtainable — blacklisting exact block
[Vision] Area looks barren/protected — migrating far
[Vision] No usable memory of copper_ore — MIGRATION (200-420m) fresh area → (46, -183)
[Vision] copper_ore at (32, 54, 22) exists but unobtainable — blacklisting exact block
[Vision] Area looks barren/protected — migrating far
[Vision] No usable memory of copper_ore — MIGRATION (200-420m) fresh area → (-156, 125)
[Vision] copper_ore at (32, 54, 22) exists but unobtainable — blacklisting exact block
[Vision] Area looks barren/protected — migrating far
[Vision] No usable memory of copper_ore — MIGRATION (200-420m) fresh area → (-49, 229)
[Vision] copper_ore at (32, 54, 22) exists but unobtainable — blacklisting exact block
[Vision] Area looks barren/protected — migrating far
[Vision] No usable memory of copper_ore — MIGRATION (200-420m) fresh area → (-155, 127)
[Vision] copper_ore at (32, 54, 22) exists but unobtainable — blacklisting exact block
[Vision] Area looks barren/protected — migrating far
[Vision] No usable memory of copper_ore — MIGRATION (200-420m) fresh area → (226, 83)
[Vision] copper_ore at (32, 54, 22) exists but unobtainable — blacklisting exact block
[Vision] Area looks barren/protected — migrating far
[Vision] No usable memory of copper_ore — MIGRATION (200-420m) fresh area → (49, 291)
[Vision] copper_ore at (32, 54, 22) exists but unobtainable — blacklisting exact block
[Vision] Area looks barren/protected — migrating far
[Vision] No usable memory of copper_ore — MIGRATION (200-420m) fresh area → (-196, 126)
[Vision] copper_ore at (32, 54, 22) exists but unobtainable — blacklisting exact block
[Vision] Area looks barren/protected — migrating far
[Vision] No usable memory of copper_ore — MIGRATION (200-420m) fresh area → (215, -93)
[Vision] copper_ore at (32, 54, 22) exists but unobtainable — blacklisting exact block
[Vision] Area looks barren/protected — migrating far
[Vision] No usable memory of copper_ore — MIGRATION (200-420m) fresh area → (-179, -32)
[Vision] copper_ore at (32, 54, 22) exists but unobtainable — blacklisting exact block
[Vision] Area looks barren/protected — migrating far
[Vision] No usable memory of copper_ore — MIGRATION (200-420m) fresh area → (179, 177)
[Vision] copper_ore at (32, 54, 22) exists but unobtainable — blacklisting exact block
[Vision] Area looks barren/protected — migrating far
[Vision] No usable memory of copper_ore — MIGRATION (200-420m) fresh area → (70, 225)
[Vision] copper_ore at (32, 54, 22) exists but unobtainable — blacklisting exact block
[Vision] Area looks barren/protected — migrating far
[Vision] No usable memory of copper_ore — MIGRATION (200-420m) fresh area → (-105, -120)
[Vision] copper_ore at (32, 54, 22) exists but unobtainable — blacklisting exact block
[Vision] Area looks barren/protected — migrating far
[Vision] No usable memory of copper_ore — MIGRATION (200-420m) fresh area → (313, 31)
[Vision] copper_ore at (32, 54, 22) exists but unobtainable — blacklisting exact block
[Vision] Area looks barren/protected — migrating far
[Vision] No usable memory of copper_ore — MIGRATION (200-420m) fresh area → (-144, 126)
[Vision] copper_ore at (32, 54, 22) exists but unobtainable — blacklisting exact block
[Vision] Area looks barren/protected — migrating far
[Vision] No usable memory of copper_ore — MIGRATION (200-420m) fresh area → (232, -57)
[Vision] copper_ore at (32, 54, 22) exists but unobtainable — blacklisting exact block
[Vision] Area looks barren/protected — migrating far
[Vision] No usable memory of copper_ore — MIGRATION (200-420m) fresh area → (239, -42)
[Vision] copper_ore at (32, 54, 22) exists but unobtainable — blacklisting exact block
[Vision] Area looks barren/protected — migrating far
[Vision] No usable memory of copper_ore — MIGRATION (200-420m) fresh area → (76, -169)
[Vision] copper_ore at (32, 54, 22) exists but unobtainable — blacklisting exact block
[Vision] Area looks barren/protected — migrating far
[Vision] No usable memory of copper_ore — MIGRATION (200-420m) fresh area → (228, -79)
[Vision] copper_ore at (32, 54, 22) exists but unobtainable — blacklisting exact block
[Vision] Area looks barren/protected — migrating far
[Vision] No usable memory of copper_ore — MIGRATION (200-420m) fresh area → (-135, 183)
[Vision] copper_ore at (32, 54, 22) exists but unobtainable — blacklisting exact block
[Vision] Area looks barren/protected — migrating far
[Vision] No usable memory of copper_ore — MIGRATION (200-420m) fresh area → (224, 106)
[Vision] copper_ore at (32, 54, 22) exists but unobtainable — blacklisting exact block
[Vision] Area looks barren/protected — migrating far
[Vision] No usable memory of copper_ore — MIGRATION (200-420m) fresh area → (-157, -78)
[Vision] copper_ore at (32, 54, 22) exists but unobtainable — blacklisting exact block
[Vision] Area looks barren/protected — migrating far
[Vision] No usable memory of copper_ore — MIGRATION (200-420m) fresh area → (-40, 222)
[Vision] copper_ore at (32, 54, 22) exists but unobtainable — blacklisting exact block
[Vision] Area looks barren/protected — migrating far
[Vision] No usable memory of copper_ore — MIGRATION (200-420m) fresh area → (-120, 196)
[Vision] copper_ore at (32, 54, 22) exists but unobtainable — blacklisting exact block
[Vision] Area looks barren/protected — migrating far
[Vision] No usable memory of copper_ore — MIGRATION (200-420m) fresh area → (-166, 65)
[Vision] copper_ore at (32, 54, 22) exists but unobtainable — blacklisting exact block
[Vision] Area looks barren/protected — migrating far
[Vision] No usable memory of copper_ore — MIGRATION (200-420m) fresh area → (-200, 18)
[Vision] copper_ore at (32, 54, 22) exists but unobtainable — blacklisting exact block
[Vision] Area looks barren/protected — migrating far
[Vision] No usable memory of copper_ore — MIGRATION (200-420m) fresh area → (-176, -7)
[Vision] copper_ore at (32, 54, 22) exists but unobtainable — blacklisting exact block
[Vision] Area looks barren/protected — migrating far
[Vision] No usable memory of copper_ore — MIGRATION (200-420m) fresh area → (103, -162)
[Vision] copper_ore at (32, 54, 22) exists but unobtainable — blacklisting exact block
[Vision] Area looks barren/protected — migrating far
[Vision] No usable memory of copper_ore — MIGRATION (200-420m) fresh area → (163, 195)
[Vision] copper_ore at (32, 54, 22) exists but unobtainable — blacklisting exact block
[Vision] Area looks barren/protected — migrating far
[Vision] No usable memory of copper_ore — MIGRATION (200-420m) fresh area → (111, 223)
[Vision] copper_ore at (32, 54, 22) exists but unobtainable — blacklisting exact block
[Vision] Area looks barren/protected — migrating far
[Vision] No usable memory of copper_ore — MIGRATION (200-420m) fresh area → (214, 115)
[Vision] copper_ore at (32, 54, 22) exists but unobtainable — blacklisting exact block
[Vision] Area looks barren/protected — migrating far
[Vision] No usable memory of copper_ore — MIGRATION (200-420m) fresh area → (-162, 93)
[Vision] copper_ore at (32, 54, 22) exists but unobtainable — blacklisting exact block
[Vision] Area looks barren/protected — migrating far
[Vision] No usable memory of copper_ore — MIGRATION (200-420m) fresh area → (176, 179)
[Vision] copper_ore at (32, 54, 22) exists but unobtainable — blacklisting exact block
[Vision] Area looks barren/protected — migrating far
[Vision] No usable memory of copper_ore — MIGRATION (200-420m) fresh area → (-69, 210)
[Vision] copper_ore at (32, 54, 22) exists but unobtainable — blacklisting exact block
[Vision] Area looks barren/protected — migrating far
[Vision] No usable memory of copper_ore — MIGRATION (200-420m) fresh area → (226, 116)
[Vision] copper_ore at (32, 54, 22) exists but unobtainable — blacklisting exact block
[Vision] Area looks barren/protected — migrating far
[Vision] No usable memory of copper_ore — MIGRATION (200-420m) fresh area → (195, 151)
[Vision] copper_ore at (32, 54, 22) exists but unobtainable — blacklisting exact block
[Vision] Area looks barren/protected — migrating far
[Vision] No usable memory of copper_ore — MIGRATION (200-420m) fresh area → (136, 221)
[Vision] copper_ore at (32, 54, 22) exists but unobtainable — blacklisting exact block
[Vision] Area looks barren/protected — migrating far
[Vision] No usable memory of copper_ore — MIGRATION (200-420m) fresh area → (-29, 223)
[Vision] copper_ore at (32, 54, 22) exists but unobtainable — blacklisting exact block
[Vision] Area looks barren/protected — migrating far
[Vision] No usable memory of copper_ore — MIGRATION (200-420m) fresh area → (-180, 101)
[Vision] copper_ore at (32, 54, 22) exists but unobtainable — blacklisting exact block
[Vision] Area looks barren/protected — migrating far
[Vision] No usable memory of copper_ore — MIGRATION (200-420m) fresh area → (110, -173)
[Vision] copper_ore at (32, 54, 22) exists but unobtainable — blacklisting exact block
[Vision] Area looks barren/protected — migrating far
[Vision] No usable memory of copper_ore — MIGRATION (200-420m) fresh area → (-30, -168)
[Vision] copper_ore at (32, 54, 22) exists but unobtainable — blacklisting exact block
[Vision] Area looks barren/protected — migrating far
[Vision] No usable memory of copper_ore — MIGRATION (200-420m) fresh area → (172, -124)
[Vision] copper_ore at (32, 54, 22) exists but unobtainable — blacklisting exact block
[Vision] Area looks barren/protected — migrating far
[Vision] No usable memory of copper_ore — MIGRATION (200-420m) fresh area → (-165, 83)
[Vision] copper_ore at (32, 54, 22) exists but unobtainable — blacklisting exact block
[Vision] Area looks barren/protected — migrating far
[Vision] No usable memory of copper_ore — MIGRATION (200-420m) fresh area → (-182, 43)
[Vision] copper_ore at (32, 54, 22) exists but unobtainable — blacklisting exact block
[Vision] Area looks barren/protected — migrating far
[Vision] No usable memory of copper_ore — MIGRATION (200-420m) fresh area → (-111, 209)
[Vision] copper_ore at (32, 54, 22) exists but unobtainable — blacklisting exact block
[Vision] Area looks barren/protected — migrating far
[Vision] No usable memory of copper_ore — MIGRATION (200-420m) fresh area → (-142, 133)
[Vision] copper_ore at (32, 54, 22) exists but unobtainable — blacklisting exact block
[Vision] Area looks barren/protected — migrating far
[Vision] No usable memory of copper_ore — MIGRATION (200-420m) fresh area → (-137, -98)
[Vision] copper_ore at (32, 54, 22) exists but unobtainable — blacklisting exact block
[Vision] Area looks barren/protected — migrating far
[Vision] No usable memory of copper_ore — MIGRATION (200-420m) fresh area → (179, -112)
[Vision] copper_ore at (32, 54, 22) exists but unobtainable — blacklisting exact block
[Vision] Area looks barren/protected — migrating far
[Vision] No usable memory of copper_ore — MIGRATION (200-420m) fresh area → (115, -159)
[Vision] copper_ore at (32, 54, 22) exists but unobtainable — blacklisting exact block
[Vision] Area looks barren/protected — migrating far
[Vision] No usable memory of copper_ore — MIGRATION (200-420m) fresh area → (214, 156)
[Vision] copper_ore at (32, 54, 22) exists but unobtainable — blacklisting exact block
[Vision] Area looks barren/protected — migrating far
[Vision] No usable memory of copper_ore — MIGRATION (200-420m) fresh area → (-168, 60)
[Vision] copper_ore at (32, 54, 22) exists but unobtainable — blacklisting exact block
[Vision] Area looks barren/protected — migrating far
[Vision] No usable memory of copper_ore — MIGRATION (200-420m) fresh area → (208, 163)
[Vision] copper_ore at (32, 54, 22) exists but unobtainable — blacklisting exact block
[Vision] Area looks barren/protected — migrating far
[Vision] No usable memory of copper_ore — MIGRATION (200-420m) fresh area → (96, -171)
[Vision] copper_ore at (32, 54, 22) exists but unobtainable — blacklisting exact block
[Vision] Area looks barren/protected — migrating far
[Vision] No usable memory of copper_ore — MIGRATION (200-420m) fresh area → (135, 206)
[Vision] copper_ore at (32, 54, 22) exists but unobtainable — blacklisting exact block
[Vision] Area looks barren/protected — migrating far
[Vision] No usable memory of copper_ore — MIGRATION (200-420m) fresh area → (24, 234)
[Vision] copper_ore at (32, 54, 22) exists but unobtainable — blacklisting exact block
[Vision] Area looks barren/protected — migrating far
[Vision] No usable memory of copper_ore — MIGRATION (200-420m) fresh area → (-125, 195)
[Vision] copper_ore at (32, 54, 22) exists but unobtainable — blacklisting exact block
[Vision] Area looks barren/protected — migrating far
[Vision] No usable memory of copper_ore — MIGRATION (200-420m) fresh area → (-189, 16)
[Vision] copper_ore at (32, 54, 22) exists but unobtainable — blacklisting exact block
[Vision] Area looks barren/protected — migrating far
[Vision] No usable memory of copper_ore — MIGRATION (200-420m) fresh area → (-69, -151)
[Vision] copper_ore at (32, 54, 22) exists but unobtainable — blacklisting exact block
[Vision] Area looks barren/protected — migrating far
[Vision] No usable memory of copper_ore — MIGRATION (200-420m) fresh area → (203, -85)
[Vision] copper_ore at (32, 54, 22) exists but unobtainable — blacklisting exact block
[Vision] Area looks barren/protected — migrating far
[Vision] No usable memory of copper_ore — MIGRATION (200-420m) fresh area → (-47, 234)
[Vision] copper_ore at (32, 54, 22) exists but unobtainable — blacklisting exact block
[Vision] Area looks barren/protected — migrating far
[Vision] No usable memory of copper_ore — MIGRATION (200-420m) fresh area → (222, 104)
[Vision] copper_ore at (32, 54, 22) exists but unobtainable — blacklisting exact block
[Vision] Area looks barren/protected — migrating far
[Vision] No usable memory of copper_ore — MIGRATION (200-420m) fresh area → (-178, -39)
[Vision] copper_ore at (32, 54, 22) exists but unobtainable — blacklisting exact block
[Vision] Area looks barren/protected — migrating far
[Vision] No usable memory of copper_ore — MIGRATION (200-420m) fresh area → (38, 229)
[Vision] copper_ore at (32, 54, 22) exists but unobtainable — blacklisting exact block
[Vision] Area looks barren/protected — migrating far
[Vision] No usable memory of copper_ore — MIGRATION (200-420m) fresh area → (-32, -161)
[Vision] copper_ore at (32, 54, 22) exists but unobtainable — blacklisting exact block
[Vision] Area looks barren/protected — migrating far
[Vision] No usable memory of copper_ore — MIGRATION (200-420m) fresh area → (140, -149)
[Vision] copper_ore at (32, 54, 22) exists but unobtainable — blacklisting exact block
[Vision] Area looks barren/protected — migrating far
[Vision] No usable memory of copper_ore — MIGRATION (200-420m) fresh area → (224, -31)
[Vision] copper_ore at (32, 54, 22) exists but unobtainable — blacklisting exact block
[Vision] Area looks barren/protected — migrating far
[Vision] No usable memory of copper_ore — MIGRATION (200-420m) fresh area → (-187, 67)
[Vision] copper_ore at (32, 54, 22) exists but unobtainable — blacklisting exact block
[Vision] Area looks barren/protected — migrating far
[Vision] No usable memory of copper_ore — MIGRATION (200-420m) fresh area → (249, -41)
[Vision] copper_ore at (32, 54, 22) exists but unobtainable — blacklisting exact block
[Vision] Area looks barren/protected — migrating far
[Vision] No usable memory of copper_ore — MIGRATION (200-420m) fresh area → (-176, -55)
[Vision] copper_ore at (32, 54, 22) exists but unobtainable — blacklisting exact block
[Vision] Area looks barren/protected — migrating far
[Vision] No usable memory of copper_ore — MIGRATION (200-420m) fresh area → (-103, -129)
[Vision] copper_ore at (32, 54, 22) exists but unobtainable — blacklisting exact block
[Vision] Area looks barren/protected — migrating far
[Vision] No usable memory of copper_ore — MIGRATION (200-420m) fresh area → (-163, -26)
[Vision] copper_ore at (32, 54, 22) exists but unobtainable — blacklisting exact block
[Vision] Area looks barren/protected — migrating far
[Vision] No usable memory of copper_ore — MIGRATION (200-420m) fresh area → (-56, 216)
[Vision] copper_ore at (32, 54, 22) exists but unobtainable — blacklisting exact block
[Vision] Area looks barren/protected — migrating far
[Vision] No usable memory of copper_ore — MIGRATION (200-420m) fresh area → (18, 264)
[Vision] copper_ore at (32, 54, 22) exists but unobtainable — blacklisting exact block
[Vision] Area looks barren/protected — migrating far
[Vision] No usable memory of copper_ore — MIGRATION (200-420m) fresh area → (231, 86)
[Vision] copper_ore at (32, 54, 22) exists but unobtainable — blacklisting exact block
[Vision] Area looks barren/protected — migrating far
[Vision] No usable memory of copper_ore — MIGRATION (200-420m) fresh area → (-110, -149)
[Vision] copper_ore at (32, 54, 22) exists but unobtainable — blacklisting exact block
[Vision] Area looks barren/protected — migrating far
[Vision] No usable memory of copper_ore — MIGRATION (200-420m) fresh area → (113, -161)
[Vision] copper_ore at (32, 54, 22) exists but unobtainable — blacklisting exact block
[Vision] Area looks barren/protected — migrating far
[Vision] No usable memory of copper_ore — MIGRATION (200-420m) fresh area → (6, -187)
[Vision] copper_ore at (32, 54, 22) exists but unobtainable — blacklisting exact block
[Vision] Area looks barren/protected — migrating far
[Vision] No usable memory of copper_ore — MIGRATION (200-420m) fresh area → (231, 108)
[Vision] copper_ore at (32, 54, 22) exists but unobtainable — blacklisting exact block
[Vision] Area looks barren/protected — migrating far
[Vision] No usable memory of copper_ore — MIGRATION (200-420m) fresh area → (-139, -78)
[Vision] copper_ore at (32, 54, 22) exists but unobtainable — blacklisting exact block
[Vision] Area looks barren/protected — migrating far
[Vision] No usable memory of copper_ore — MIGRATION (200-420m) fresh area → (-178, 9)
[Vision] copper_ore at (32, 54, 22) exists but unobtainable — blacklisting exact block
[Vision] Area looks barren/protected — migrating far
[Vision] No usable memory of copper_ore — MIGRATION (200-420m) fresh area → (-60, 212)
[Vision] copper_ore at (32, 54, 22) exists but unobtainable — blacklisting exact block
[Vision] Area looks barren/protected — migrating far
[Vision] No usable memory of copper_ore — MIGRATION (200-420m) fresh area → (-63, 205)
[Vision] copper_ore at (32, 54, 22) exists but unobtainable — blacklisting exact block
[Vision] Area looks barren/protected — migrating far
[Vision] No usable memory of copper_ore — MIGRATION (200-420m) fresh area → (83, -166)
[Vision] copper_ore at (32, 54, 22) exists but unobtainable — blacklisting exact block
[Vision] Area looks barren/protected — migrating far
[Vision] No usable memory of copper_ore — MIGRATION (200-420m) fresh area → (-31, 223)
[Vision] copper_ore at (32, 54, 22) exists but unobtainable — blacklisting exact block
[Vision] Area looks barren/protected — migrating far
[Vision] No usable memory of copper_ore — MIGRATION (200-420m) fresh area → (-25, -182)
[Vision] copper_ore at (32, 54, 22) exists but unobtainable — blacklisting exact block
[Vision] Area looks barren/protected — migrating far
[Vision] No usable memory of copper_ore — MIGRATION (200-420m) fresh area → (4, 275)
[Vision] copper_ore at (32, 54, 22) exists but unobtainable — blacklisting exact block
[Vision] Area looks barren/protected — migrating far
[Vision] No usable memory of copper_ore — MIGRATION (200-420m) fresh area → (182, 187)
[Vision] copper_ore at (32, 54, 22) exists but unobtainable — blacklisting exact block
[Vision] Area looks barren/protected — migrating far
[Vision] No usable memory of copper_ore — MIGRATION (200-420m) fresh area → (-152, 137)
[Vision] copper_ore at (32, 54, 22) exists but unobtainable — blacklisting exact block
[Vision] Area looks barren/protected — migrating far
[Vision] No usable memory of copper_ore — MIGRATION (200-420m) fresh area → (-158, 112)
[Vision] copper_ore at (32, 54, 22) exists but unobtainable — blacklisting exact block
[Vision] Area looks barren/protected — migrating far
[Vision] No usable memory of copper_ore — MIGRATION (200-420m) fresh area → (58, -202)
[Vision] copper_ore at (32, 54, 22) exists but unobtainable — blacklisting exact block
[Vision] Area looks barren/protected — migrating far
[Vision] No usable memory of copper_ore — MIGRATION (200-420m) fresh area → (-121, 205)
[Vision] copper_ore at (32, 54, 22) exists but unobtainable — blacklisting exact block
[Vision] Area looks barren/protected — migrating far
[Vision] No usable memory of copper_ore — MIGRATION (200-420m) fresh area → (223, 110)
[Vision] copper_ore at (32, 54, 22) exists but unobtainable — blacklisting exact block
[Vision] Area looks barren/protected — migrating far
[Vision] No usable memory of copper_ore — MIGRATION (200-420m) fresh area → (-200, -12)
[Vision] copper_ore at (32, 54, 22) exists but unobtainable — blacklisting exact block
[Vision] Area looks barren/protected — migrating far
[Vision] No usable memory of copper_ore — MIGRATION (200-420m) fresh area → (-198, -20)
[Vision] copper_ore at (32, 54, 22) exists but unobtainable — blacklisting exact block
[Vision] Area looks barren/protected — migrating far
[Vision] No usable memory of copper_ore — MIGRATION (200-420m) fresh area → (236, 18)
[Vision] copper_ore at (32, 54, 22) exists but unobtainable — blacklisting exact block
[Vision] Area looks barren/protected — migrating far
[Vision] No usable memory of copper_ore — MIGRATION (200-420m) fresh area → (-182, 16)
[Vision] copper_ore at (32, 54, 22) exists but unobtainable — blacklisting exact block
[Vision] Area looks barren/protected — migrating far
[Vision] No usable memory of copper_ore — MIGRATION (200-420m) fresh area → (166, 178)
[Vision] copper_ore at (32, 54, 22) exists but unobtainable — blacklisting exact block
[Vision] Area looks barren/protected — migrating far
[Vision] No usable memory of copper_ore — MIGRATION (200-420m) fresh area → (-18, 236)
[Vision] copper_ore at (32, 54, 22) exists but unobtainable — blacklisting exact block
[Vision] Area looks barren/protected — migrating far
[Vision] No usable memory of copper_ore — MIGRATION (200-420m) fresh area → (-88, 201)
[Vision] copper_ore at (32, 54, 22) exists but unobtainable — blacklisting exact block
[Vision] Area looks barren/protected — migrating far
[Vision] No usable memory of copper_ore — MIGRATION (200-420m) fresh area → (262, 43)
[Vision] copper_ore at (32, 54, 22) exists but unobtainable — blacklisting exact block
[Vision] Area looks barren/protected — migrating far
[Vision] No usable memory of copper_ore — MIGRATION (200-420m) fresh area → (234, -60)
[Vision] copper_ore at (32, 54, 22) exists but unobtainable — blacklisting exact block
[Vision] Area looks barren/protected — migrating far
[Vision] No usable memory of copper_ore — MIGRATION (200-420m) fresh area → (-73, 225)
[Vision] copper_ore at (32, 54, 22) exists but unobtainable — blacklisting exact block
[Vision] Area looks barren/protected — migrating far
[Vision] No usable memory of copper_ore — MIGRATION (200-420m) fresh area → (-149, -103)
[Vision] copper_ore at (32, 54, 22) exists but unobtainable — blacklisting exact block
[Vision] Area looks barren/protected — migrating far
[Vision] No usable memory of copper_ore — MIGRATION (200-420m) fresh area → (262, 23)
[Vision] copper_ore at (32, 54, 22) exists but unobtainable — blacklisting exact block
[Vision] Area looks barren/protected — migrating far
[Vision] No usable memory of copper_ore — MIGRATION (200-420m) fresh area → (-37, 216)
[Vision] copper_ore at (32, 54, 22) exists but unobtainable — blacklisting exact block
[Vision] Area looks barren/protected — migrating far
[Vision] No usable memory of copper_ore — MIGRATION (200-420m) fresh area → (-61, 207)
[Vision] copper_ore at (32, 54, 22) exists but unobtainable — blacklisting exact block
[Vision] Area looks barren/protected — migrating far
[Vision] No usable memory of copper_ore — MIGRATION (200-420m) fresh area → (109, -159)
[Vision] copper_ore at (32, 54, 22) exists but unobtainable — blacklisting exact block
[Vision] Area looks barren/protected — migrating far
[Vision] No usable memory of copper_ore — MIGRATION (200-420m) fresh area → (236, 2)
[Vision] copper_ore at (32, 54, 22) exists but unobtainable — blacklisting exact block
[Vision] Area looks barren/protected — migrating far
[Vision] No usable memory of copper_ore — MIGRATION (200-420m) fresh area → (188, 195)
[Vision] copper_ore at (32, 54, 22) exists but unobtainable — blacklisting exact block
[Vision] Area looks barren/protected — migrating far
[Vision] No usable memory of copper_ore — MIGRATION (200-420m) fresh area → (-154, -122)
[Vision] copper_ore at (32, 54, 22) exists but unobtainable — blacklisting exact block
[Vision] Area looks barren/protected — migrating far
[Vision] No usable memory of copper_ore — MIGRATION (200-420m) fresh area → (-184, -51)
[Vision] copper_ore at (32, 54, 22) exists but unobtainable — blacklisting exact block
[Vision] Area looks barren/protected — migrating far
[Vision] No usable memory of copper_ore — MIGRATION (200-420m) fresh area → (244, -47)
[Vision] copper_ore at (32, 54, 22) exists but unobtainable — blacklisting exact block
[Vision] Area looks barren/protected — migrating far
[Vision] No usable memory of copper_ore — MIGRATION (200-420m) fresh area → (42, 237)
[Vision] copper_ore at (32, 54, 22) exists but unobtainable — blacklisting exact block
[Vision] Area looks barren/protected — migrating far
[Vision] No usable memory of copper_ore — MIGRATION (200-420m) fresh area → (34, -179)
[Vision] copper_ore at (32, 54, 22) exists but unobtainable — blacklisting exact block
[Vision] Area looks barren/protected — migrating far
[Vision] No usable memory of copper_ore — MIGRATION (200-420m) fresh area → (126, -156)
[Vision] copper_ore at (32, 54, 22) exists but unobtainable — blacklisting exact block
[Vision] Area looks barren/protected — migrating far
[Vision] No usable memory of copper_ore — MIGRATION (200-420m) fresh area → (210, 126)
[Vision] copper_ore at (32, 54, 22) exists but unobtainable — blacklisting exact block
[Vision] Area looks barren/protected — migrating far
[Vision] No usable memory of copper_ore — MIGRATION (200-420m) fresh area → (37, 230)
[Vision] copper_ore at (32, 54, 22) exists but unobtainable — blacklisting exact block
[Vision] Area looks barren/protected — migrating far
[Vision] No usable memory of copper_ore — MIGRATION (200-420m) fresh area → (-203, -15)
[Vision] copper_ore at (32, 54, 22) exists but unobtainable — blacklisting exact block
[Vision] Area looks barren/protected — migrating far
[Vision] No usable memory of copper_ore — MIGRATION (200-420m) fresh area → (242, 84)
[Vision] copper_ore at (32, 54, 22) exists but unobtainable — blacklisting exact block
[Vision] Area looks barren/protected — migrating far
[Vision] No usable memory of copper_ore — MIGRATION (200-420m) fresh area → (214, 141)
[Vision] copper_ore at (32, 54, 22) exists but unobtainable — blacklisting exact block
[Vision] Area looks barren/protected — migrating far
[Vision] No usable memory of copper_ore — MIGRATION (200-420m) fresh area → (89, 229)
[Vision] copper_ore at (32, 54, 22) exists but unobtainable — blacklisting exact block
[Vision] Area looks barren/protected — migrating far
[Vision] No usable memory of copper_ore — MIGRATION (200-420m) fresh area → (50, 230)
[Vision] copper_ore at (32, 54, 22) exists but unobtainable — blacklisting exact block
[Vision] Area looks barren/protected — migrating far
[Vision] No usable memory of copper_ore — MIGRATION (200-420m) fresh area → (114, 221)
[Vision] copper_ore at (32, 54, 22) exists but unobtainable — blacklisting exact block
[Vision] Area looks barren/protected — migrating far
[Vision] No usable memory of copper_ore — MIGRATION (200-420m) fresh area → (-92, 189)
[Vision] copper_ore at (32, 54, 22) exists but unobtainable — blacklisting exact block
[Vision] Area looks barren/protected — migrating far
[Vision] No usable memory of copper_ore — MIGRATION (200-420m) fresh area → (163, -153)
[Vision] copper_ore at (32, 54, 22) exists but unobtainable — blacklisting exact block
[Vision] Area looks barren/protected — migrating far
[Vision] No usable memory of copper_ore — MIGRATION (200-420m) fresh area → (193, 167)
[Vision] copper_ore at (32, 54, 22) exists but unobtainable — blacklisting exact block
[Vision] Area looks barren/protected — migrating far
[Vision] No usable memory of copper_ore — MIGRATION (200-420m) fresh area → (-174, -92)
[Vision] copper_ore at (32, 54, 22) exists but unobtainable — blacklisting exact block
[Vision] Area looks barren/protected — migrating far
[Vision] No usable memory of copper_ore — MIGRATION (200-420m) fresh area → (-127, 167)
[Vision] copper_ore at (32, 54, 22) exists but unobtainable — blacklisting exact block
[Vision] Area looks barren/protected — migrating far
[Vision] No usable memory of copper_ore — MIGRATION (200-420m) fresh area → (6, 228)
[Vision] copper_ore at (32, 54, 22) exists but unobtainable — blacklisting exact block
[Vision] Area looks barren/protected — migrating far
[Vision] No usable memory of copper_ore — MIGRATION (200-420m) fresh area → (-165, 76)
[Vision] copper_ore at (32, 54, 22) exists but unobtainable — blacklisting exact block
[Vision] Area looks barren/protected — migrating far
[Vision] No usable memory of copper_ore — MIGRATION (200-420m) fresh area → (-173, -91)
[Vision] copper_ore at (32, 54, 22) exists but unobtainable — blacklisting exact block
[Vision] Area looks barren/protected — migrating far
[Vision] No usable memory of copper_ore — MIGRATION (200-420m) fresh area → (-56, 211)
[Vision] copper_ore at (32, 54, 22) exists but unobtainable — blacklisting exact block
[Vision] Area looks barren/protected — migrating far
[Vision] No usable memory of copper_ore — MIGRATION (200-420m) fresh area → (189, 154)
[Vision] copper_ore at (32, 54, 22) exists but unobtainable — blacklisting exact block
[Vision] Area looks barren/protected — migrating far
[Vision] No usable memory of copper_ore — MIGRATION (200-420m) fresh area → (172, -121)
[Vision] copper_ore at (32, 54, 22) exists but unobtainable — blacklisting exact block
[Vision] Area looks barren/protected — migrating far
[Vision] No usable memory of copper_ore — MIGRATION (200-420m) fresh area → (-41, 242)
[Vision] copper_ore at (32, 54, 22) exists but unobtainable — blacklisting exact block
[Vision] Area looks barren/protected — migrating far
[Vision] No usable memory of copper_ore — MIGRATION (200-420m) fresh area → (159, 247)
[Vision] copper_ore at (32, 54, 22) exists but unobtainable — blacklisting exact block
[Vision] Area looks barren/protected — migrating far
[Vision] No usable memory of copper_ore — MIGRATION (200-420m) fresh area → (109, -169)
[Vision] copper_ore at (32, 54, 22) exists but unobtainable — blacklisting exact block
[Vision] Area looks barren/protected — migrating far
[Vision] No usable memory of copper_ore — MIGRATION (200-420m) fresh area → (-85, -135)
[Vision] copper_ore at (32, 54, 22) exists but unobtainable — blacklisting exact block
[Vision] Area looks barren/protected — migrating far
[Vision] No usable memory of copper_ore — MIGRATION (200-420m) fresh area → (9, -174)
[Vision] copper_ore at (32, 54, 22) exists but unobtainable — blacklisting exact block
[Vision] Area looks barren/protected — migrating far
[Vision] No usable memory of copper_ore — MIGRATION (200-420m) fresh area → (239, 68)
[Vision] copper_ore at (32, 54, 22) exists but unobtainable — blacklisting exact block
[Vision] Area looks barren/protected — migrating far
[Vision] No usable memory of copper_ore — MIGRATION (200-420m) fresh area → (157, -138)
[Vision] copper_ore at (32, 54, 22) exists but unobtainable — blacklisting exact block
[Vision] Area looks barren/protected — migrating far
[Vision] No usable memory of copper_ore — MIGRATION (200-420m) fresh area → (-191, 110)
[Vision] copper_ore at (32, 54, 22) exists but unobtainable — blacklisting exact block
[Vision] Area looks barren/protected — migrating far
[Vision] No usable memory of copper_ore — MIGRATION (200-420m) fresh area → (-183, -7)
[Vision] copper_ore at (32, 54, 22) exists but unobtainable — blacklisting exact block
[Vision] Area looks barren/protected — migrating far
[Vision] No usable memory of copper_ore — MIGRATION (200-420m) fresh area → (-118, 169)
[Vision] copper_ore at (32, 54, 22) exists but unobtainable — blacklisting exact block
[Vision] Area looks barren/protected — migrating far
[Vision] No usable memory of copper_ore — MIGRATION (200-420m) fresh area → (-157, 110)
[Vision] copper_ore at (32, 54, 22) exists but unobtainable — blacklisting exact block
[Vision] Area looks barren/protected — migrating far
[Vision] No usable memory of copper_ore — MIGRATION (200-420m) fresh area → (-172, 72)
[Vision] copper_ore at (32, 54, 22) exists but unobtainable — blacklisting exact block
[Vision] Area looks barren/protected — migrating far
[Vision] No usable memory of copper_ore — MIGRATION (200-420m) fresh area → (-118, 176)
[Vision] copper_ore at (32, 54, 22) exists but unobtainable — blacklisting exact block
[Vision] Area looks barren/protected — migrating far
[Vision] No usable memory of copper_ore — MIGRATION (200-420m) fresh area → (12, 239)
[Vision] copper_ore at (32, 54, 22) exists but unobtainable — blacklisting exact block
[Vision] Area looks barren/protected — migrating far
[Vision] No usable memory of copper_ore — MIGRATION (200-420m) fresh area → (237, 50)
[Vision] copper_ore at (32, 54, 22) exists but unobtainable — blacklisting exact block
[Vision] Area looks barren/protected — migrating far
[Vision] No usable memory of copper_ore — MIGRATION (200-420m) fresh area → (-28, 229)
[Vision] copper_ore at (32, 54, 22) exists but unobtainable — blacklisting exact block
[Vision] Area looks barren/protected — migrating far
[Vision] No usable memory of copper_ore — MIGRATION (200-420m) fresh area → (266, -19)
[Vision] copper_ore at (32, 54, 22) exists but unobtainable — blacklisting exact block
[Vision] Area looks barren/protected — migrating far
[Vision] No usable memory of copper_ore — MIGRATION (200-420m) fresh area → (19, -178)
[Vision] copper_ore at (32, 54, 22) exists but unobtainable — blacklisting exact block
[Vision] Area looks barren/protected — migrating far
[Vision] No usable memory of copper_ore — MIGRATION (200-420m) fresh area → (-46, 220)
[Vision] copper_ore at (32, 54, 22) exists but unobtainable — blacklisting exact block
[Vision] Area looks barren/protected — migrating far
[Vision] No usable memory of copper_ore — MIGRATION (200-420m) fresh area → (-144, -100)
[Vision] copper_ore at (32, 54, 22) exists but unobtainable — blacklisting exact block
[Vision] Area looks barren/protected — migrating far
[Vision] No usable memory of copper_ore — MIGRATION (200-420m) fresh area → (-21, -174)
[Vision] copper_ore at (32, 54, 22) exists but unobtainable — blacklisting exact block
[Vision] Area looks barren/protected — migrating far
[Vision] No usable memory of copper_ore — MIGRATION (200-420m) fresh area → (-87, 228)
[Vision] copper_ore at (32, 54, 22) exists but unobtainable — blacklisting exact block
[Vision] Area looks barren/protected — migrating far
[Vision] No usable memory of copper_ore — MIGRATION (200-420m) fresh area → (134, -149)
[Vision] copper_ore at (32, 54, 22) exists but unobtainable — blacklisting exact block
[Vision] Area looks barren/protected — migrating far
[Vision] No usable memory of copper_ore — MIGRATION (200-420m) fresh area → (36, -194)
[Vision] copper_ore at (32, 54, 22) exists but unobtainable — blacklisting exact block
[Vision] Area looks barren/protected — migrating far
[Vision] No usable memory of copper_ore — MIGRATION (200-420m) fresh area → (199, 140)
[Vision] copper_ore at (32, 54, 22) exists but unobtainable — blacklisting exact block
[Vision] Area looks barren/protected — migrating far
[Vision] No usable memory of copper_ore — MIGRATION (200-420m) fresh area → (107, 220)
[Vision] copper_ore at (32, 54, 22) exists but unobtainable — blacklisting exact block
[Vision] Area looks barren/protected — migrating far
[Vision] No usable memory of copper_ore — MIGRATION (200-420m) fresh area → (-41, 222)
[Vision] copper_ore at (32, 54, 22) exists but unobtainable — blacklisting exact block
[Vision] Area looks barren/protected — migrating far
[Vision] No usable memory of copper_ore — MIGRATION (200-420m) fresh area → (184, -111)
[Vision] copper_ore at (32, 54, 22) exists but unobtainable — blacklisting exact block
[Vision] Area looks barren/protected — migrating far
[Vision] No usable memory of copper_ore — MIGRATION (200-420m) fresh area → (126, -164)
[Vision] copper_ore at (32, 54, 22) exists but unobtainable — blacklisting exact block
[Vision] Area looks barren/protected — migrating far
[Vision] No usable memory of copper_ore — MIGRATION (200-420m) fresh area → (-161, -52)
[Vision] copper_ore at (32, 54, 22) exists but unobtainable — blacklisting exact block
[Vision] Area looks barren/protected — migrating far
[Vision] No usable memory of copper_ore — MIGRATION (200-420m) fresh area → (-187, 182)
[Vision] copper_ore at (32, 54, 22) exists but unobtainable — blacklisting exact block
[Vision] Area looks barren/protected — migrating far
[Vision] No usable memory of copper_ore — MIGRATION (200-420m) fresh area → (266, 20)
[Vision] copper_ore at (32, 54, 22) exists but unobtainable — blacklisting exact block
[Vision] Area looks barren/protected — migrating far
[Vision] No usable memory of copper_ore — MIGRATION (200-420m) fresh area → (232, -25)
[Vision] copper_ore at (32, 54, 22) exists but unobtainable — blacklisting exact block
[Vision] Area looks barren/protected — migrating far
[Vision] No usable memory of copper_ore — MIGRATION (200-420m) fresh area → (-41, 241)
[Vision] copper_ore at (32, 54, 22) exists but unobtainable — blacklisting exact block
[Vision] Area looks barren/protected — migrating far
[Vision] No usable memory of copper_ore — MIGRATION (200-420m) fresh area → (50, 233)
[Vision] copper_ore at (32, 54, 22) exists but unobtainable — blacklisting exact block
[Vision] Area looks barren/protected — migrating far
[Vision] No usable memory of copper_ore — MIGRATION (200-420m) fresh area → (218, -124)
[Vision] copper_ore at (32, 54, 22) exists but unobtainable — blacklisting exact block
[Vision] Area looks barren/protected — migrating far
[Vision] No usable memory of copper_ore — MIGRATION (200-420m) fresh area → (-128, -133)
[Vision] copper_ore at (32, 54, 22) exists but unobtainable — blacklisting exact block
[Vision] Area looks barren/protected — migrating far
[Vision] No usable memory of copper_ore — MIGRATION (200-420m) fresh area → (-145, 175)
[Vision] copper_ore at (32, 54, 22) exists but unobtainable — blacklisting exact block
[Vision] Area looks barren/protected — migrating far
[Vision] No usable memory of copper_ore — MIGRATION (200-420m) fresh area → (213, 119)
[Vision] copper_ore at (32, 54, 22) exists but unobtainable — blacklisting exact block
[Vision] Area looks barren/protected — migrating far
[Vision] No usable memory of copper_ore — MIGRATION (200-420m) fresh area → (-83, 195)
[Vision] copper_ore at (32, 54, 22) exists but unobtainable — blacklisting exact block
[Vision] Area looks barren/protected — migrating far
[Vision] No usable memory of copper_ore — MIGRATION (200-420m) fresh area → (258, -13)
[Vision] copper_ore at (32, 54, 22) exists but unobtainable — blacklisting exact block
[Vision] Area looks barren/protected — migrating far
[Vision] No usable memory of copper_ore — MIGRATION (200-420m) fresh area → (-183, 31)
[Vision] copper_ore at (32, 54, 22) exists but unobtainable — blacklisting exact block
[Vision] Area looks barren/protected — migrating far
[Vision] No usable memory of copper_ore — MIGRATION (200-420m) fresh area → (222, 108)
[Vision] copper_ore at (32, 54, 22) exists but unobtainable — blacklisting exact block
[Vision] Area looks barren/protected — migrating far
[Vision] No usable memory of copper_ore — MIGRATION (200-420m) fresh area → (-38, -167)
[Vision] copper_ore at (32, 54, 22) exists but unobtainable — blacklisting exact block
[Vision] Area looks barren/protected — migrating far
[Vision] No usable memory of copper_ore — MIGRATION (200-420m) fresh area → (-50, 211)
[Vision] copper_ore at (32, 54, 22) exists but unobtainable — blacklisting exact block
[Vision] Area looks barren/protected — migrating far
[Vision] No usable memory of copper_ore — MIGRATION (200-420m) fresh area → (-139, 192)
[Vision] copper_ore at (32, 54, 22) exists but unobtainable — blacklisting exact block
[Vision] Area looks barren/protected — migrating far
[Vision] No usable memory of copper_ore — MIGRATION (200-420m) fresh area → (223, -141)
[Vision] copper_ore at (32, 54, 22) exists but unobtainable — blacklisting exact block
[Vision] Area looks barren/protected — migrating far
[Vision] No usable memory of copper_ore — MIGRATION (200-420m) fresh area → (43, -174)
[Vision] copper_ore at (32, 54, 22) exists but unobtainable — blacklisting exact block
[Vision] Area looks barren/protected — migrating far
[Vision] No usable memory of copper_ore — MIGRATION (200-420m) fresh area → (-141, -75)
[Vision] copper_ore at (32, 54, 22) exists but unobtainable — blacklisting exact block
[Vision] Area looks barren/protected — migrating far
[Vision] No usable memory of copper_ore — MIGRATION (200-420m) fresh area → (251, -79)
[Vision] copper_ore at (32, 54, 22) exists but unobtainable — blacklisting exact block
[Vision] Area looks barren/protected — migrating far
[Vision] No usable memory of copper_ore — MIGRATION (200-420m) fresh area → (183, 168)
[Vision] copper_ore at (32, 54, 22) exists but unobtainable — blacklisting exact block
[Vision] Area looks barren/protected — migrating far
[Vision] No usable memory of copper_ore — MIGRATION (200-420m) fresh area → (-87, 201)
[Vision] copper_ore at (32, 54, 22) exists but unobtainable — blacklisting exact block
[Vision] Area looks barren/protected — migrating far
[Vision] No usable memory of copper_ore — MIGRATION (200-420m) fresh area → (1, 231)
[Vision] copper_ore at (32, 54, 22) exists but unobtainable — blacklisting exact block
[Vision] Area looks barren/protected — migrating far
[Vision] No usable memory of copper_ore — MIGRATION (200-420m) fresh area → (134, 231)
[Vision] copper_ore at (32, 54, 22) exists but unobtainable — blacklisting exact block
[Vision] Area looks barren/protected — migrating far
[Vision] No usable memory of copper_ore — MIGRATION (200-420m) fresh area → (53, 233)
[Vision] copper_ore at (32, 54, 22) exists but unobtainable — blacklisting exact block
[Vision] Area looks barren/protected — migrating far
[Vision] No usable memory of copper_ore — MIGRATION (200-420m) fresh area → (-167, 59)
[Vision] copper_ore at (32, 54, 22) exists but unobtainable — blacklisting exact block
[Vision] Area looks barren/protected — migrating far
[Vision] No usable memory of copper_ore — MIGRATION (200-420m) fresh area → (-152, -99)
[Vision] copper_ore at (32, 54, 22) exists but unobtainable — blacklisting exact block
[Vision] Area looks barren/protected — migrating far
[Vision] No usable memory of copper_ore — MIGRATION (200-420m) fresh area → (78, 224)
[Vision] copper_ore at (32, 54, 22) exists but unobtainable — blacklisting exact block
[Vision] Area looks barren/protected — migrating far
[Vision] No usable memory of copper_ore — MIGRATION (200-420m) fresh area → (-174, -66)
[Vision] copper_ore at (32, 54, 22) exists but unobtainable — blacklisting exact block
[Vision] Area looks barren/protected — migrating far
[Vision] No usable memory of copper_ore — MIGRATION (200-420m) fresh area → (62, -170)
[Vision] copper_ore at (32, 54, 22) exists but unobtainable — blacklisting exact block
[Vision] Area looks barren/protected — migrating far
[Vision] No usable memory of copper_ore — MIGRATION (200-420m) fresh area → (160, -139)
[Vision] copper_ore at (32, 54, 22) exists but unobtainable — blacklisting exact block
[Vision] Area looks barren/protected — migrating far
[Vision] No usable memory of copper_ore — MIGRATION (200-420m) fresh area → (104, -165)
[Vision] copper_ore at (32, 54, 22) exists but unobtainable — blacklisting exact block
[Vision] Area looks barren/protected — migrating far
[Vision] No usable memory of copper_ore — MIGRATION (200-420m) fresh area → (-151, 110)
[Vision] copper_ore at (32, 54, 22) exists but unobtainable — blacklisting exact block
[Vision] Area looks barren/protected — migrating far
[Vision] No usable memory of copper_ore — MIGRATION (200-420m) fresh area → (-166, 120)
[Vision] copper_ore at (32, 54, 22) exists but unobtainable — blacklisting exact block
[Vision] Area looks barren/protected — migrating far
[Vision] No usable memory of copper_ore — MIGRATION (200-420m) fresh area → (-27, -166)
[Vision] copper_ore at (32, 54, 22) exists but unobtainable — blacklisting exact block
[Vision] Area looks barren/protected — migrating far
[Vision] No usable memory of copper_ore — MIGRATION (200-420m) fresh area → (25, 229)
[Vision] copper_ore at (32, 54, 22) exists but unobtainable — blacklisting exact block
[Vision] Area looks barren/protected — migrating far
[Vision] No usable memory of copper_ore — MIGRATION (200-420m) fresh area → (-5, 243)
[Vision] copper_ore at (32, 54, 22) exists but unobtainable — blacklisting exact block
[Vision] Area looks barren/protected — migrating far
[Vision] No usable memory of copper_ore — MIGRATION (200-420m) fresh area → (-186, 6)
[Vision] copper_ore at (32, 54, 22) exists but unobtainable — blacklisting exact block
[Vision] Area looks barren/protected — migrating far
[Vision] No usable memory of copper_ore — MIGRATION (200-420m) fresh area → (-122, 161)
[Vision] copper_ore at (32, 54, 22) exists but unobtainable — blacklisting exact block
[Vision] Area looks barren/protected — migrating far
[Vision] No usable memory of copper_ore — MIGRATION (200-420m) fresh area → (135, 218)
[Vision] copper_ore at (32, 54, 22) exists but unobtainable — blacklisting exact block
[Vision] Area looks barren/protected — migrating far
[Vision] No usable memory of copper_ore — MIGRATION (200-420m) fresh area → (-171, 104)
[Vision] copper_ore at (32, 54, 22) exists but unobtainable — blacklisting exact block
[Vision] Area looks barren/protected — migrating far
[Vision] No usable memory of copper_ore — MIGRATION (200-420m) fresh area → (111, -168)
[Vision] copper_ore at (32, 54, 22) exists but unobtainable — blacklisting exact block
[Vision] Area looks barren/protected — migrating far
[Vision] No usable memory of copper_ore — MIGRATION (200-420m) fresh area → (-41, 219)
[Vision] copper_ore at (32, 54, 22) exists but unobtainable — blacklisting exact block
[Vision] Area looks barren/protected — migrating far
[Vision] No usable memory of copper_ore — MIGRATION (200-420m) fresh area → (160, 187)
[Vision] copper_ore at (32, 54, 22) exists but unobtainable — blacklisting exact block
[Vision] Area looks barren/protected — migrating far
[Vision] No usable memory of copper_ore — MIGRATION (200-420m) fresh area → (97, 229)
[Vision] copper_ore at (32, 54, 22) exists but unobtainable — blacklisting exact block
[Vision] Area looks barren/protected — migrating far
[Vision] No usable memory of copper_ore — MIGRATION (200-420m) fresh area → (129, -184)
[Vision] copper_ore at (32, 54, 22) exists but unobtainable — blacklisting exact block
[Vision] Area looks barren/protected — migrating far
[Vision] No usable memory of copper_ore — MIGRATION (200-420m) fresh area → (221, 183)
[Vision] copper_ore at (32, 54, 22) exists but unobtainable — blacklisting exact block
[Vision] Area looks barren/protected — migrating far
[Vision] No usable memory of copper_ore — MIGRATION (200-420m) fresh area → (-168, 48)
[Vision] copper_ore at (32, 54, 22) exists but unobtainable — blacklisting exact block
[Vision] Area looks barren/protected — migrating far
[Vision] No usable memory of copper_ore — MIGRATION (200-420m) fresh area → (22, -199)
[Vision] copper_ore at (32, 54, 22) exists but unobtainable — blacklisting exact block
[Vision] Area looks barren/protected — migrating far
[Vision] No usable memory of copper_ore — MIGRATION (200-420m) fresh area → (233, -11)
[Vision] copper_ore at (32, 54, 22) exists but unobtainable — blacklisting exact block
[Vision] Area looks barren/protected — migrating far
[Vision] No usable memory of copper_ore — MIGRATION (200-420m) fresh area → (-26, -173)
[Vision] copper_ore at (32, 54, 22) exists but unobtainable — blacklisting exact block
[Vision] Area looks barren/protected — migrating far
[Vision] No usable memory of copper_ore — MIGRATION (200-420m) fresh area → (232, -53)
[Vision] copper_ore at (32, 54, 22) exists but unobtainable — blacklisting exact block
[Vision] Area looks barren/protected — migrating far
[Vision] No usable memory of copper_ore — MIGRATION (200-420m) fresh area → (-81, -160)
[Vision] copper_ore at (32, 54, 22) exists but unobtainable — blacklisting exact block
[Vision] Area looks barren/protected — migrating far
[Vision] No usable memory of copper_ore — MIGRATION (200-420m) fresh area → (50, 240)
[Vision] copper_ore at (32, 54, 22) exists but unobtainable — blacklisting exact block
[Vision] Area looks barren/protected — migrating far
[Vision] No usable memory of copper_ore — MIGRATION (200-420m) fresh area → (-90, -160)
[Vision] copper_ore at (32, 54, 22) exists but unobtainable — blacklisting exact block
[Vision] Area looks barren/protected — migrating far
[Vision] No usable memory of copper_ore — MIGRATION (200-420m) fresh area → (237, 20)
[Vision] copper_ore at (32, 54, 22) exists but unobtainable — blacklisting exact block
[Vision] Area looks barren/protected — migrating far
[Vision] No usable memory of copper_ore — MIGRATION (200-420m) fresh area → (-148, -66)
[Vision] copper_ore at (32, 54, 22) exists but unobtainable — blacklisting exact block
[Vision] Area looks barren/protected — migrating far
[Vision] No usable memory of copper_ore — MIGRATION (200-420m) fresh area → (140, 198)
[Vision] copper_ore at (32, 54, 22) exists but unobtainable — blacklisting exact block
[Vision] Area looks barren/protected — migrating far
[Vision] No usable memory of copper_ore — MIGRATION (200-420m) fresh area → (-59, 231)
[Vision] copper_ore at (32, 54, 22) exists but unobtainable — blacklisting exact block
[Vision] Area looks barren/protected — migrating far
[Vision] No usable memory of copper_ore — MIGRATION (200-420m) fresh area → (130, -148)
[Vision] copper_ore at (32, 54, 22) exists but unobtainable — blacklisting exact block
[Vision] Area looks barren/protected — migrating far
[Vision] No usable memory of copper_ore — MIGRATION (200-420m) fresh area → (-168, 14)
[Vision] copper_ore at (32, 54, 22) exists but unobtainable — blacklisting exact block
[Vision] Area looks barren/protected — migrating far
[Vision] No usable memory of copper_ore — MIGRATION (200-420m) fresh area → (24, 231)
[Vision] copper_ore at (32, 54, 22) exists but unobtainable — blacklisting exact block
[Vision] Area looks barren/protected — migrating far
[Vision] No usable memory of copper_ore — MIGRATION (200-420m) fresh area → (106, -158)
[Vision] copper_ore at (32, 54, 22) exists but unobtainable — blacklisting exact block
[Vision] Area looks barren/protected — migrating far
[Vision] No usable memory of copper_ore — MIGRATION (200-420m) fresh area → (46, -176)
[Vision] copper_ore at (32, 54, 22) exists but unobtainable — blacklisting exact block
[Vision] Area looks barren/protected — migrating far
[Vision] No usable memory of copper_ore — MIGRATION (200-420m) fresh area → (-58, 211)
[Vision] copper_ore at (32, 54, 22) exists but unobtainable — blacklisting exact block
[Vision] Area looks barren/protected — migrating far
[Vision] No usable memory of copper_ore — MIGRATION (200-420m) fresh area → (196, 159)
[Vision] copper_ore at (32, 54, 22) exists but unobtainable — blacklisting exact block
[Vision] Area looks barren/protected — migrating far
[Vision] No usable memory of copper_ore — MIGRATION (200-420m) fresh area → (16, -194)
[Vision] copper_ore at (32, 54, 22) exists but unobtainable — blacklisting exact block
[Vision] Area looks barren/protected — migrating far
[Vision] No usable memory of copper_ore — MIGRATION (200-420m) fresh area → (-143, -72)
[Vision] copper_ore at (32, 54, 22) exists but unobtainable — blacklisting exact block
[Vision] Area looks barren/protected — migrating far
[Vision] No usable memory of copper_ore — MIGRATION (200-420m) fresh area → (-145, -76)
[Vision] copper_ore at (32, 54, 22) exists but unobtainable — blacklisting exact block
[Vision] Area looks barren/protected — migrating far
[Vision] No usable memory of copper_ore — MIGRATION (200-420m) fresh area → (147, -148)
[Vision] copper_ore at (32, 54, 22) exists but unobtainable — blacklisting exact block
[Vision] Area looks barren/protected — migrating far
[Vision] No usable memory of copper_ore — MIGRATION (200-420m) fresh area → (15, 240)
[Vision] copper_ore at (32, 54, 22) exists but unobtainable — blacklisting exact block
[Vision] Area looks barren/protected — migrating far
[Vision] No usable memory of copper_ore — MIGRATION (200-420m) fresh area → (232, 0)
[Vision] copper_ore at (32, 54, 22) exists but unobtainable — blacklisting exact block
[Vision] Area looks barren/protected — migrating far
[Vision] No usable memory of copper_ore — MIGRATION (200-420m) fresh area → (-163, -33)
[Vision] copper_ore at (32, 54, 22) exists but unobtainable — blacklisting exact block
[Vision] Area looks barren/protected — migrating far
[Vision] No usable memory of copper_ore — MIGRATION (200-420m) fresh area → (115, -156)
[Vision] copper_ore at (32, 54, 22) exists but unobtainable — blacklisting exact block
[Vision] Area looks barren/protected — migrating far
[Vision] No usable memory of copper_ore — MIGRATION (200-420m) fresh area → (-109, 170)
[Vision] copper_ore at (32, 54, 22) exists but unobtainable — blacklisting exact block
[Vision] Area looks barren/protected — migrating far
[Vision] No usable memory of copper_ore — MIGRATION (200-420m) fresh area → (250, 60)
[Vision] copper_ore at (32, 54, 22) exists but unobtainable — blacklisting exact block
[Vision] Area looks barren/protected — migrating far
[Vision] No usable memory of copper_ore — MIGRATION (200-420m) fresh area → (-73, -150)
[Vision] copper_ore at (32, 54, 22) exists but unobtainable — blacklisting exact block
[Vision] Area looks barren/protected — migrating far
[Vision] No usable memory of copper_ore — MIGRATION (200-420m) fresh area → (9, 232)
[Vision] copper_ore at (32, 54, 22) exists but unobtainable — blacklisting exact block
[Vision] Area looks barren/protected — migrating far
[Vision] No usable memory of copper_ore — MIGRATION (200-420m) fresh area → (-192, -50)
[Vision] copper_ore at (32, 54, 22) exists but unobtainable — blacklisting exact block
[Vision] Area looks barren/protected — migrating far
[Vision] No usable memory of copper_ore — MIGRATION (200-420m) fresh area → (41, 272)
[Vision] copper_ore at (32, 54, 22) exists but unobtainable — blacklisting exact block
[Vision] Area looks barren/protected — migrating far
[Vision] No usable memory of copper_ore — MIGRATION (200-420m) fresh area → (100, -168)
[Vision] copper_ore at (32, 54, 22) exists but unobtainable — blacklisting exact block
[Vision] Area looks barren/protected — migrating far
[Vision] No usable memory of copper_ore — MIGRATION (200-420m) fresh area → (215, 118)
[Vision] copper_ore at (32, 54, 22) exists but unobtainable — blacklisting exact block
[Vision] Area looks barren/protected — migrating far
[Vision] No usable memory of copper_ore — MIGRATION (200-420m) fresh area → (115, -174)
[Vision] copper_ore at (32, 54, 22) exists but unobtainable — blacklisting exact block
[Vision] Area looks barren/protected — migrating far
[Vision] No usable memory of copper_ore — MIGRATION (200-420m) fresh area → (-152, -67)
[Vision] copper_ore at (32, 54, 22) exists but unobtainable — blacklisting exact block
[Vision] Area looks barren/protected — migrating far
[Vision] No usable memory of copper_ore — MIGRATION (200-420m) fresh area → (246, 22)
[Vision] copper_ore at (32, 54, 22) exists but unobtainable — blacklisting exact block
[Vision] Area looks barren/protected — migrating far
[Vision] No usable memory of copper_ore — MIGRATION (200-420m) fresh area → (256, 64)
[Vision] copper_ore at (32, 54, 22) exists but unobtainable — blacklisting exact block
[Vision] Area looks barren/protected — migrating far
[Vision] No usable memory of copper_ore — MIGRATION (200-420m) fresh area → (229, 67)
[Vision] copper_ore at (32, 54, 22) exists but unobtainable — blacklisting exact block
[Vision] Area looks barren/protected — migrating far
[Vision] No usable memory of copper_ore — MIGRATION (200-420m) fresh area → (122, -179)
[Vision] copper_ore at (32, 54, 22) exists but unobtainable — blacklisting exact block
[Vision] Area looks barren/protected — migrating far
[Vision] No usable memory of copper_ore — MIGRATION (200-420m) fresh area → (-98, -175)
[Vision] copper_ore at (32, 54, 22) exists but unobtainable — blacklisting exact block
[Vision] Area looks barren/protected — migrating far
[Vision] No usable memory of copper_ore — MIGRATION (200-420m) fresh area → (66, -181)
[Vision] copper_ore at (32, 54, 22) exists but unobtainable — blacklisting exact block
[Vision] Area looks barren/protected — migrating far
[Vision] No usable memory of copper_ore — MIGRATION (200-420m) fresh area → (237, 152)
[Vision] copper_ore at (32, 54, 22) exists but unobtainable — blacklisting exact block
[Vision] Area looks barren/protected — migrating far
[Vision] No usable memory of copper_ore — MIGRATION (200-420m) fresh area → (231, -29)
[Vision] copper_ore at (32, 54, 22) exists but unobtainable — blacklisting exact block
[Vision] Area looks barren/protected — migrating far
[Vision] No usable memory of copper_ore — MIGRATION (200-420m) fresh area → (177, -130)
[Vision] copper_ore at (32, 54, 22) exists but unobtainable — blacklisting exact block
[Vision] Area looks barren/protected — migrating far
[Vision] No usable memory of copper_ore — MIGRATION (200-420m) fresh area → (130, -168)
[Vision] copper_ore at (32, 54, 22) exists but unobtainable — blacklisting exact block
[Vision] Area looks barren/protected — migrating far
[Vision] No usable memory of copper_ore — MIGRATION (200-420m) fresh area → (238, 22)
[Vision] copper_ore at (32, 54, 22) exists but unobtainable — blacklisting exact block
[Vision] Area looks barren/protected — migrating far
[Vision] No usable memory of copper_ore — MIGRATION (200-420m) fresh area → (-96, 199)
[Vision] copper_ore at (32, 54, 22) exists but unobtainable — blacklisting exact block
[Vision] Area looks barren/protected — migrating far
[Vision] No usable memory of copper_ore — MIGRATION (200-420m) fresh area → (236, 21)
[Vision] copper_ore at (32, 54, 22) exists but unobtainable — blacklisting exact block
[Vision] Area looks barren/protected — migrating far
[Vision] No usable memory of copper_ore — MIGRATION (200-420m) fresh area → (-87, -156)
[Vision] copper_ore at (32, 54, 22) exists but unobtainable — blacklisting exact block
[Vision] Area looks barren/protected — migrating far
[Vision] No usable memory of copper_ore — MIGRATION (200-420m) fresh area → (105, 228)
[Vision] copper_ore at (32, 54, 22) exists but unobtainable — blacklisting exact block
[Vision] Area looks barren/protected — migrating far
[Vision] No usable memory of copper_ore — MIGRATION (200-420m) fresh area → (-57, 216)
[Vision] copper_ore at (32, 54, 22) exists but unobtainable — blacklisting exact block
[Vision] Area looks barren/protected — migrating far
[Vision] No usable memory of copper_ore — MIGRATION (200-420m) fresh area → (-147, 163)
[Vision] copper_ore at (32, 54, 22) exists but unobtainable — blacklisting exact block
[Vision] Area looks barren/protected — migrating far
[Vision] No usable memory of copper_ore — MIGRATION (200-420m) fresh area → (250, 32)
[Vision] copper_ore at (32, 54, 22) exists but unobtainable — blacklisting exact block
[Vision] Area looks barren/protected — migrating far
[Vision] No usable memory of copper_ore — MIGRATION (200-420m) fresh area → (35, -181)
[Vision] copper_ore at (32, 54, 22) exists but unobtainable — blacklisting exact block
[Vision] Area looks barren/protected — migrating far
[Vision] No usable memory of copper_ore — MIGRATION (200-420m) fresh area → (183, -117)
[Vision] copper_ore at (32, 54, 22) exists but unobtainable — blacklisting exact block
[Vision] Area looks barren/protected — migrating far
[Vision] No usable memory of copper_ore — MIGRATION (200-420m) fresh area → (189, -102)
[Vision] copper_ore at (32, 54, 22) exists but unobtainable — blacklisting exact block
[Vision] Area looks barren/protected — migrating far
[Vision] No usable memory of copper_ore — MIGRATION (200-420m) fresh area → (109, -203)
[Vision] copper_ore at (32, 54, 22) exists but unobtainable — blacklisting exact block
[Vision] Area looks barren/protected — migrating far
[Vision] No usable memory of copper_ore — MIGRATION (200-420m) fresh area → (-91, -130)
[Vision] copper_ore at (32, 54, 22) exists but unobtainable — blacklisting exact block
[Vision] Area looks barren/protected — migrating far
[Vision] No usable memory of copper_ore — MIGRATION (200-420m) fresh area → (49, 271)
[Vision] copper_ore at (32, 54, 22) exists but unobtainable — blacklisting exact block
[Vision] Area looks barren/protected — migrating far
[Vision] No usable memory of copper_ore — MIGRATION (200-420m) fresh area → (121, -171)
[Vision] copper_ore at (32, 54, 22) exists but unobtainable — blacklisting exact block
[Vision] Area looks barren/protected — migrating far
[Vision] No usable memory of copper_ore — MIGRATION (200-420m) fresh area → (156, -159)
[Vision] copper_ore at (32, 54, 22) exists but unobtainable — blacklisting exact block
[Vision] Area looks barren/protected — migrating far
[Vision] No usable memory of copper_ore — MIGRATION (200-420m) fresh area → (238, 64)
[Vision] copper_ore at (32, 54, 22) exists but unobtainable — blacklisting exact block
[Vision] Area looks barren/protected — migrating far
[Vision] No usable memory of copper_ore — MIGRATION (200-420m) fresh area → (-173, 44)
[Vision] copper_ore at (32, 54, 22) exists but unobtainable — blacklisting exact block
[Vision] Area looks barren/protected — migrating far
[Vision] No usable memory of copper_ore — MIGRATION (200-420m) fresh area → (214, 157)
[Vision] copper_ore at (32, 54, 22) exists but unobtainable — blacklisting exact block
[Vision] Area looks barren/protected — migrating far
[Vision] No usable memory of copper_ore — MIGRATION (200-420m) fresh area → (-38, 217)
[Vision] copper_ore at (32, 54, 22) exists but unobtainable — blacklisting exact block
[Vision] Area looks barren/protected — migrating far
[Vision] No usable memory of copper_ore — MIGRATION (200-420m) fresh area → (253, 94)
[Vision] copper_ore at (32, 54, 22) exists but unobtainable — blacklisting exact block
[Vision] Area looks barren/protected — migrating far
[Vision] No usable memory of copper_ore — MIGRATION (200-420m) fresh area → (143, -171)
[Vision] copper_ore at (32, 54, 22) exists but unobtainable — blacklisting exact block
[Vision] Area looks barren/protected — migrating far
[Vision] No usable memory of copper_ore — MIGRATION (200-420m) fresh area → (-54, -191)
[Vision] copper_ore at (32, 54, 22) exists but unobtainable — blacklisting exact block
[Vision] Area looks barren/protected — migrating far
[Vision] No usable memory of copper_ore — MIGRATION (200-420m) fresh area → (-70, -178)
[Vision] copper_ore at (32, 54, 22) exists but unobtainable — blacklisting exact block
[Vision] Area looks barren/protected — migrating far
[Vision] No usable memory of copper_ore — MIGRATION (200-420m) fresh area → (150, -160)
[Vision] copper_ore at (32, 54, 22) exists but unobtainable — blacklisting exact block
[Vision] Area looks barren/protected — migrating far
[Vision] No usable memory of copper_ore — MIGRATION (200-420m) fresh area → (-104, -155)
[Vision] copper_ore at (32, 54, 22) exists but unobtainable — blacklisting exact block
[Vision] Area looks barren/protected — migrating far
[Vision] No usable memory of copper_ore — MIGRATION (200-420m) fresh area → (263, 73)
[Vision] copper_ore at (32, 54, 22) exists but unobtainable — blacklisting exact block
[Vision] Area looks barren/protected — migrating far
[Vision] No usable memory of copper_ore — MIGRATION (200-420m) fresh area → (197, 154)
[Vision] copper_ore at (32, 54, 22) exists but unobtainable — blacklisting exact block
[Vision] Area looks barren/protected — migrating far
[Vision] No usable memory of copper_ore — MIGRATION (200-420m) fresh area → (-166, -17)
[Vision] copper_ore at (32, 54, 22) exists but unobtainable — blacklisting exact block
[Vision] Area looks barren/protected — migrating far
[Vision] No usable memory of copper_ore — MIGRATION (200-420m) fresh area → (-159, 87)
[Vision] copper_ore at (32, 54, 22) exists but unobtainable — blacklisting exact block
[Vision] Area looks barren/protected — migrating far
[Vision] No usable memory of copper_ore — MIGRATION (200-420m) fresh area → (-25, 221)
[Vision] copper_ore at (32, 54, 22) exists but unobtainable — blacklisting exact block
[Vision] Area looks barren/protected — migrating far
[Vision] No usable memory of copper_ore — MIGRATION (200-420m) fresh area → (105, 217)
[Vision] copper_ore at (32, 54, 22) exists but unobtainable — blacklisting exact block
[Vision] Area looks barren/protected — migrating far
[Vision] No usable memory of copper_ore — MIGRATION (200-420m) fresh area → (192, -134)
[Vision] copper_ore at (32, 54, 22) exists but unobtainable — blacklisting exact block
[Vision] Area looks barren/protected — migrating far
[Vision] No usable memory of copper_ore — MIGRATION (200-420m) fresh area → (179, 187)
[Vision] copper_ore at (32, 54, 22) exists but unobtainable — blacklisting exact block
[Vision] Area looks barren/protected — migrating far
[Vision] No usable memory of copper_ore — MIGRATION (200-420m) fresh area → (-64, 205)
[Vision] copper_ore at (32, 54, 22) exists but unobtainable — blacklisting exact block
[Vision] Area looks barren/protected — migrating far
[Vision] No usable memory of copper_ore — MIGRATION (200-420m) fresh area → (-136, 138)
[Vision] copper_ore at (32, 54, 22) exists but unobtainable — blacklisting exact block
[Vision] Area looks barren/protected — migrating far
[Vision] No usable memory of copper_ore — MIGRATION (200-420m) fresh area → (-24, 223)
[Vision] copper_ore at (32, 54, 22) exists but unobtainable — blacklisting exact block
[Vision] Area looks barren/protected — migrating far
[Vision] No usable memory of copper_ore — MIGRATION (200-420m) fresh area → (-134, 177)
[Vision] copper_ore at (32, 54, 22) exists but unobtainable — blacklisting exact block
[Vision] Area looks barren/protected — migrating far
[Vision] No usable memory of copper_ore — MIGRATION (200-420m) fresh area → (4, 238)
[Vision] copper_ore at (32, 54, 22) exists but unobtainable — blacklisting exact block
[Vision] Area looks barren/protected — migrating far
[Vision] No usable memory of copper_ore — MIGRATION (200-420m) fresh area → (-156, 103)
[Vision] copper_ore at (32, 54, 22) exists but unobtainable — blacklisting exact block
[Vision] Area looks barren/protected — migrating far
[Vision] No usable memory of copper_ore — MIGRATION (200-420m) fresh area → (-121, 161)
[Vision] copper_ore at (32, 54, 22) exists but unobtainable — blacklisting exact block
[Vision] Area looks barren/protected — migrating far
[Vision] No usable memory of copper_ore — MIGRATION (200-420m) fresh area → (231, 58)
[Vision] copper_ore at (32, 54, 22) exists but unobtainable — blacklisting exact block
[Vision] Area looks barren/protected — migrating far
[Vision] No usable memory of copper_ore — MIGRATION (200-420m) fresh area → (-111, 171)
[Vision] copper_ore at (32, 54, 22) exists but unobtainable — blacklisting exact block
[Vision] Area looks barren/protected — migrating far
[Vision] No usable memory of copper_ore — MIGRATION (200-420m) fresh area → (5, 244)
[Vision] copper_ore at (32, 54, 22) exists but unobtainable — blacklisting exact block
[Vision] Area looks barren/protected — migrating far
[Vision] No usable memory of copper_ore — MIGRATION (200-420m) fresh area → (246, -47)
[Vision] copper_ore at (32, 54, 22) exists but unobtainable — blacklisting exact block
[Vision] Area looks barren/protected — migrating far
[Vision] No usable memory of copper_ore — MIGRATION (200-420m) fresh area → (29, 262)
[Vision] copper_ore at (32, 54, 22) exists but unobtainable — blacklisting exact block
[Vision] Area looks barren/protected — migrating far
[Vision] No usable memory of copper_ore — MIGRATION (200-420m) fresh area → (65, -180)
[Vision] copper_ore at (32, 54, 22) exists but unobtainable — blacklisting exact block
[Vision] Area looks barren/protected — migrating far
[Vision] No usable memory of copper_ore — MIGRATION (200-420m) fresh area → (82, -170)
[Vision] copper_ore at (32, 54, 22) exists but unobtainable — blacklisting exact block
[Vision] Area looks barren/protected — migrating far
[Vision] No usable memory of copper_ore — MIGRATION (200-420m) fresh area → (91, -192)
[Vision] copper_ore at (32, 54, 22) exists but unobtainable — blacklisting exact block
[Vision] Area looks barren/protected — migrating far
[Vision] No usable memory of copper_ore — MIGRATION (200-420m) fresh area → (-113, -114)
[Vision] copper_ore at (32, 54, 22) exists but unobtainable — blacklisting exact block
[Vision] Area looks barren/protected — migrating far
[Vision] No usable memory of copper_ore — MIGRATION (200-420m) fresh area → (77, 226)
[Vision] copper_ore at (32, 54, 22) exists but unobtainable — blacklisting exact block
[Vision] Area looks barren/protected — migrating far
[Vision] No usable memory of copper_ore — MIGRATION (200-420m) fresh area → (235, 25)
[Vision] copper_ore at (32, 54, 22) exists but unobtainable — blacklisting exact block
[Vision] Area looks barren/protected — migrating far
[Vision] No usable memory of copper_ore — MIGRATION (200-420m) fresh area → (-72, -168)
[Vision] copper_ore at (32, 54, 22) exists but unobtainable — blacklisting exact block
[Vision] Area looks barren/protected — migrating far
[Vision] No usable memory of copper_ore — MIGRATION (200-420m) fresh area → (-129, -97)
[Vision] copper_ore at (32, 54, 22) exists but unobtainable — blacklisting exact block
[Vision] Area looks barren/protected — migrating far
[Vision] No usable memory of copper_ore — MIGRATION (200-420m) fresh area → (239, 27)
[Vision] copper_ore at (32, 54, 22) exists but unobtainable — blacklisting exact block
[Vision] Area looks barren/protected — migrating far
[Vision] No usable memory of copper_ore — MIGRATION (200-420m) fresh area → (-154, -56)
[Vision] copper_ore at (32, 54, 22) exists but unobtainable — blacklisting exact block
[Vision] Area looks barren/protected — migrating far
[Vision] No usable memory of copper_ore — MIGRATION (200-420m) fresh area → (-63, -152)
[Vision] copper_ore at (32, 54, 22) exists but unobtainable — blacklisting exact block
[Vision] Area looks barren/protected — migrating far
[Vision] No usable memory of copper_ore — MIGRATION (200-420m) fresh area → (-98, -146)
[Vision] copper_ore at (32, 54, 22) exists but unobtainable — blacklisting exact block
[Vision] Area looks barren/protected — migrating far
[Vision] No usable memory of copper_ore — MIGRATION (200-420m) fresh area → (168, 198)
[Vision] copper_ore at (32, 54, 22) exists but unobtainable — blacklisting exact block
[Vision] Area looks barren/protected — migrating far
[Vision] No usable memory of copper_ore — MIGRATION (200-420m) fresh area → (231, 4)
[Vision] copper_ore at (32, 54, 22) exists but unobtainable — blacklisting exact block
[Vision] Area looks barren/protected — migrating far
[Vision] No usable memory of copper_ore — MIGRATION (200-420m) fresh area → (101, -160)
[Vision] copper_ore at (32, 54, 22) exists but unobtainable — blacklisting exact block
[Vision] Area looks barren/protected — migrating far
[Vision] No usable memory of copper_ore — MIGRATION (200-420m) fresh area → (203, -115)
[Vision] copper_ore at (32, 54, 22) exists but unobtainable — blacklisting exact block
[Vision] Area looks barren/protected — migrating far
[Vision] No usable memory of copper_ore — MIGRATION (200-420m) fresh area → (76, 244)
[Vision] copper_ore at (32, 54, 22) exists but unobtainable — blacklisting exact block
[Vision] Area looks barren/protected — migrating far
[Vision] No usable memory of copper_ore — MIGRATION (200-420m) fresh area → (232, 2)
[Vision] copper_ore at (32, 54, 22) exists but unobtainable — blacklisting exact block
[Vision] Area looks barren/protected — migrating far
[Vision] No usable memory of copper_ore — MIGRATION (200-420m) fresh area → (-177, 62)
[Vision] copper_ore at (32, 54, 22) exists but unobtainable — blacklisting exact block
[Vision] Area looks barren/protected — migrating far
[Vision] No usable memory of copper_ore — MIGRATION (200-420m) fresh area → (133, -161)
[Vision] copper_ore at (32, 54, 22) exists but unobtainable — blacklisting exact block
[Vision] Area looks barren/protected — migrating far
[Vision] No usable memory of copper_ore — MIGRATION (200-420m) fresh area → (227, -46)
[Vision] copper_ore at (32, 54, 22) exists but unobtainable — blacklisting exact block
[Vision] Area looks barren/protected — migrating far
[Vision] No usable memory of copper_ore — MIGRATION (200-420m) fresh area → (235, 33)
[Vision] copper_ore at (32, 54, 22) exists but unobtainable — blacklisting exact block
[Vision] Area looks barren/protected — migrating far
[Vision] No usable memory of copper_ore — MIGRATION (200-420m) fresh area → (-172, 59)
[Vision] copper_ore at (32, 54, 22) exists but unobtainable — blacklisting exact block
[Vision] Area looks barren/protected — migrating far
[Vision] No usable memory of copper_ore — MIGRATION (200-420m) fresh area → (-80, 199)
[Vision] copper_ore at (32, 54, 22) exists but unobtainable — blacklisting exact block
[Vision] Area looks barren/protected — migrating far
[Vision] No usable memory of copper_ore — MIGRATION (200-420m) fresh area → (-95, 214)
[Vision] copper_ore at (32, 54, 22) exists but unobtainable — blacklisting exact block
[Vision] Area looks barren/protected — migrating far
[Vision] No usable memory of copper_ore — MIGRATION (200-420m) fresh area → (-113, -135)
[Vision] copper_ore at (32, 54, 22) exists but unobtainable — blacklisting exact block
[Vision] Area looks barren/protected — migrating far
[Vision] No usable memory of copper_ore — MIGRATION (200-420m) fresh area → (159, 195)
[Vision] copper_ore at (32, 54, 22) exists but unobtainable — blacklisting exact block
[Vision] Area looks barren/protected — migrating far
[Vision] No usable memory of copper_ore — MIGRATION (200-420m) fresh area → (20, -175)
[Vision] copper_ore at (32, 54, 22) exists but unobtainable — blacklisting exact block
[Vision] Area looks barren/protected — migrating far
[Vision] No usable memory of copper_ore — MIGRATION (200-420m) fresh area → (-90, -133)
[Vision] copper_ore at (32, 54, 22) exists but unobtainable — blacklisting exact block
[Vision] Area looks barren/protected — migrating far
[Vision] No usable memory of copper_ore — MIGRATION (200-420m) fresh area → (232, 80)
[Vision] copper_ore at (32, 54, 22) exists but unobtainable — blacklisting exact block
[Vision] Area looks barren/protected — migrating far
[Vision] No usable memory of copper_ore — MIGRATION (200-420m) fresh area → (182, -123)
[Vision] copper_ore at (32, 54, 22) exists but unobtainable — blacklisting exact block
[Vision] Area looks barren/protected — migrating far
[Vision] No usable memory of copper_ore — MIGRATION (200-420m) fresh area → (-1, -175)
[Vision] copper_ore at (32, 54, 22) exists but unobtainable — blacklisting exact block
[Vision] Area looks barren/protected — migrating far
[Vision] No usable memory of copper_ore — MIGRATION (200-420m) fresh area → (-175, -129)
[Vision] copper_ore at (32, 54, 22) exists but unobtainable — blacklisting exact block
[Vision] Area looks barren/protected — migrating far
[Vision] No usable memory of copper_ore — MIGRATION (200-420m) fresh area → (232, 125)
[Vision] copper_ore at (32, 54, 22) exists but unobtainable — blacklisting exact block
[Vision] Area looks barren/protected — migrating far
[Vision] No usable memory of copper_ore — MIGRATION (200-420m) fresh area → (148, 205)
[Vision] copper_ore at (32, 54, 22) exists but unobtainable — blacklisting exact block
[Vision] Area looks barren/protected — migrating far
[Vision] No usable memory of copper_ore — MIGRATION (200-420m) fresh area → (224, 141)
[Vision] copper_ore at (32, 54, 22) exists but unobtainable — blacklisting exact block
[Vision] Area looks barren/protected — migrating far
[Vision] No usable memory of copper_ore — MIGRATION (200-420m) fresh area → (110, -197)
[Vision] copper_ore at (32, 54, 22) exists but unobtainable — blacklisting exact block
[Vision] Area looks barren/protected — migrating far
[Vision] No usable memory of copper_ore — MIGRATION (200-420m) fresh area → (-89, -134)
[Vision] copper_ore at (32, 54, 22) exists but unobtainable — blacklisting exact block
[Vision] Area looks barren/protected — migrating far
[Vision] No usable memory of copper_ore — MIGRATION (200-420m) fresh area → (-231, 56)
[Vision] copper_ore at (32, 54, 22) exists but unobtainable — blacklisting exact block
[Vision] Area looks barren/protected — migrating far
[Vision] No usable memory of copper_ore — MIGRATION (200-420m) fresh area → (235, 72)
[Vision] copper_ore at (32, 54, 22) exists but unobtainable — blacklisting exact block
[Vision] Area looks barren/protected — migrating far
[Vision] No usable memory of copper_ore — MIGRATION (200-420m) fresh area → (233, -23)
[Vision] copper_ore at (32, 54, 22) exists but unobtainable — blacklisting exact block
[Vision] Area looks barren/protected — migrating far
[Vision] No usable memory of copper_ore — MIGRATION (200-420m) fresh area → (179, 171)
[Vision] copper_ore at (32, 54, 22) exists but unobtainable — blacklisting exact block
[Vision] Area looks barren/protected — migrating far
[Vision] No usable memory of copper_ore — MIGRATION (200-420m) fresh area → (216, -76)
[Vision] copper_ore at (32, 54, 22) exists but unobtainable — blacklisting exact block
[Vision] Area looks barren/protected — migrating far
[Vision] No usable memory of copper_ore — MIGRATION (200-420m) fresh area → (64, 226)
[Vision] copper_ore at (32, 54, 22) exists but unobtainable — blacklisting exact block
[Vision] Area looks barren/protected — migrating far
[Vision] No usable memory of copper_ore — MIGRATION (200-420m) fresh area → (49, 231)
[Vision] copper_ore at (32, 54, 22) exists but unobtainable — blacklisting exact block
[Vision] Area looks barren/protected — migrating far
[Vision] No usable memory of copper_ore — MIGRATION (200-420m) fresh area → (129, 236)
[Vision] copper_ore at (32, 54, 22) exists but unobtainable — blacklisting exact block
[Vision] Area looks barren/protected — migrating far
[Vision] No usable memory of copper_ore — MIGRATION (200-420m) fresh area → (97, -179)
[Vision] copper_ore at (32, 54, 22) exists but unobtainable — blacklisting exact block
[Vision] Area looks barren/protected — migrating far
[Vision] No usable memory of copper_ore — MIGRATION (200-420m) fresh area → (-113, -139)
[Vision] copper_ore at (32, 54, 22) exists but unobtainable — blacklisting exact block
[Vision] Area looks barren/protected — migrating far
[Vision] No usable memory of copper_ore — MIGRATION (200-420m) fresh area → (254, 102)
[Vision] copper_ore at (32, 54, 22) exists but unobtainable — blacklisting exact block
[Vision] Area looks barren/protected — migrating far
[Vision] No usable memory of copper_ore — MIGRATION (200-420m) fresh area → (-127, -105)
[Vision] copper_ore at (32, 54, 22) exists but unobtainable — blacklisting exact block
[Vision] Area looks barren/protected — migrating far
[Vision] No usable memory of copper_ore — MIGRATION (200-420m) fresh area → (198, -116)
[Vision] copper_ore at (32, 54, 22) exists but unobtainable — blacklisting exact block
[Vision] Area looks barren/protected — migrating far
[Vision] No usable memory of copper_ore — MIGRATION (200-420m) fresh area → (234, 100)
[Vision] copper_ore at (32, 54, 22) exists but unobtainable — blacklisting exact block
[Vision] Area looks barren/protected — migrating far
[Vision] No usable memory of copper_ore — MIGRATION (200-420m) fresh area → (143, 207)
[Vision] copper_ore at (32, 54, 22) exists but unobtainable — blacklisting exact block
[Vision] Area looks barren/protected — migrating far
[Vision] No usable memory of copper_ore — MIGRATION (200-420m) fresh area → (110, 220)
[Vision] copper_ore at (32, 54, 22) exists but unobtainable — blacklisting exact block
[Vision] Area looks barren/protected — migrating far
[Vision] No usable memory of copper_ore — MIGRATION (200-420m) fresh area → (6, -205)
[Vision] copper_ore at (32, 54, 22) exists but unobtainable — blacklisting exact block
[Vision] Area looks barren/protected — migrating far
[Vision] No usable memory of copper_ore — MIGRATION (200-420m) fresh area → (283, -105)
[Vision] copper_ore at (32, 54, 22) exists but unobtainable — blacklisting exact block
[Vision] Area looks barren/protected — migrating far
[Vision] No usable memory of copper_ore — MIGRATION (200-420m) fresh area → (206, 211)
[Vision] copper_ore at (32, 54, 22) exists but unobtainable — blacklisting exact block
[Vision] Area looks barren/protected — migrating far
[Vision] No usable memory of copper_ore — MIGRATION (200-420m) fresh area → (183, 173)
[Vision] copper_ore at (32, 54, 22) exists but unobtainable — blacklisting exact block
[Vision] Area looks barren/protected — migrating far
[Vision] No usable memory of copper_ore — MIGRATION (200-420m) fresh area → (165, 180)
[Vision] copper_ore at (32, 54, 22) exists but unobtainable — blacklisting exact block
[Vision] Area looks barren/protected — migrating far
[Vision] No usable memory of copper_ore — MIGRATION (200-420m) fresh area → (205, 164)
[Vision] copper_ore at (32, 54, 22) exists but unobtainable — blacklisting exact block
[Vision] Area looks barren/protected — migrating far
[Vision] No usable memory of copper_ore — MIGRATION (200-420m) fresh area → (-184, 4)
[Vision] copper_ore at (32, 54, 22) exists but unobtainable — blacklisting exact block
[Vision] Area looks barren/protected — migrating far
[Vision] No usable memory of copper_ore — MIGRATION (200-420m) fresh area → (231, 74)
[Vision] copper_ore at (32, 54, 22) exists but unobtainable — blacklisting exact block
[Vision] Area looks barren/protected — migrating far
[Vision] No usable memory of copper_ore — MIGRATION (200-420m) fresh area → (13, -171)
[Vision] copper_ore at (32, 54, 22) exists but unobtainable — blacklisting exact block
[Vision] Area looks barren/protected — migrating far
[Vision] No usable memory of copper_ore — MIGRATION (200-420m) fresh area → (86, 227)
[Vision] copper_ore at (32, 54, 22) exists but unobtainable — blacklisting exact block
[Vision] Area looks barren/protected — migrating far
[Vision] No usable memory of copper_ore — MIGRATION (200-420m) fresh area → (138, 214)
[Vision] copper_ore at (32, 54, 22) exists but unobtainable — blacklisting exact block
[Vision] Area looks barren/protected — migrating far
[Vision] No usable memory of copper_ore — MIGRATION (200-420m) fresh area → (242, 106)
[Vision] copper_ore at (32, 54, 22) exists but unobtainable — blacklisting exact block
[Vision] Area looks barren/protected — migrating far
[Vision] No usable memory of copper_ore — MIGRATION (200-420m) fresh area → (149, -148)
[Vision] copper_ore at (32, 54, 22) exists but unobtainable — blacklisting exact block
[Vision] Area looks barren/protected — migrating far
[Vision] No usable memory of copper_ore — MIGRATION (200-420m) fresh area → (-160, -86)
[Vision] copper_ore at (32, 54, 22) exists but unobtainable — blacklisting exact block
[Vision] Area looks barren/protected — migrating far
[Vision] No usable memory of copper_ore — MIGRATION (200-420m) fresh area → (217, -64)
[Vision] copper_ore at (32, 54, 22) exists but unobtainable — blacklisting exact block
[Vision] Area looks barren/protected — migrating far
[Vision] No usable memory of copper_ore — MIGRATION (200-420m) fresh area → (-161, -36)
[Vision] copper_ore at (32, 54, 22) exists but unobtainable — blacklisting exact block
[Vision] Area looks barren/protected — migrating far
[Vision] No usable memory of copper_ore — MIGRATION (200-420m) fresh area → (36, -172)
[Vision] copper_ore at (32, 54, 22) exists but unobtainable — blacklisting exact block
[Vision] Area looks barren/protected — migrating far
[Vision] No usable memory of copper_ore — MIGRATION (200-420m) fresh area → (165, 191)
[Vision] copper_ore at (32, 54, 22) exists but unobtainable — blacklisting exact block
[Vision] Area looks barren/protected — migrating far
[Vision] No usable memory of copper_ore — MIGRATION (200-420m) fresh area → (-167, 85)
[Vision] copper_ore at (32, 54, 22) exists but unobtainable — blacklisting exact block
[Vision] Area looks barren/protected — migrating far
[Vision] No usable memory of copper_ore — MIGRATION (200-420m) fresh area → (-154, 138)
[Vision] copper_ore at (32, 54, 22) exists but unobtainable — blacklisting exact block
[Vision] Area looks barren/protected — migrating far
[Vision] No usable memory of copper_ore — MIGRATION (200-420m) fresh area → (195, 155)
[Vision] copper_ore at (32, 54, 22) exists but unobtainable — blacklisting exact block
[Vision] Area looks barren/protected — migrating far
[Vision] No usable memory of copper_ore — MIGRATION (200-420m) fresh area → (60, 247)
[Vision] copper_ore at (32, 54, 22) exists but unobtainable — blacklisting exact block
[Vision] Area looks barren/protected — migrating far
[Vision] No usable memory of copper_ore — MIGRATION (200-420m) fresh area → (255, 104)
[Vision] copper_ore at (32, 54, 22) exists but unobtainable — blacklisting exact block
[Vision] Area looks barren/protected — migrating far
[Vision] No usable memory of copper_ore — MIGRATION (200-420m) fresh area → (179, -116)
[Vision] copper_ore at (32, 54, 22) exists but unobtainable — blacklisting exact block
[Vision] Area looks barren/protected — migrating far
[Vision] No usable memory of copper_ore — MIGRATION (200-420m) fresh area → (203, -110)
[Vision] copper_ore at (32, 54, 22) exists but unobtainable — blacklisting exact block
[Vision] Area looks barren/protected — migrating far
[Vision] No usable memory of copper_ore — MIGRATION (200-420m) fresh area → (239, 142)
[Vision] copper_ore at (32, 54, 22) exists but unobtainable — blacklisting exact block
[Vision] Area looks barren/protected — migrating far
[Vision] No usable memory of copper_ore — MIGRATION (200-420m) fresh area → (216, -73)
[Vision] copper_ore at (32, 54, 22) exists but unobtainable — blacklisting exact block
[Vision] Area looks barren/protected — migrating far
[Vision] No usable memory of copper_ore — MIGRATION (200-420m) fresh area → (223, 90)
[Vision] copper_ore at (32, 54, 22) exists but unobtainable — blacklisting exact block
[Vision] Area looks barren/protected — migrating far
[Vision] No usable memory of copper_ore — MIGRATION (200-420m) fresh area → (-142, 182)
[Vision] copper_ore at (32, 54, 22) exists but unobtainable — blacklisting exact block
[Vision] Area looks barren/protected — migrating far
[Vision] No usable memory of copper_ore — MIGRATION (200-420m) fresh area → (-69, -161)
[Vision] copper_ore at (32, 54, 22) exists but unobtainable — blacklisting exact block
[Vision] Area looks barren/protected — migrating far
[Vision] No usable memory of copper_ore — MIGRATION (200-420m) fresh area → (230, 63)
[Vision] copper_ore at (32, 54, 22) exists but unobtainable — blacklisting exact block
[Vision] Area looks barren/protected — migrating far
[Vision] No usable memory of copper_ore — MIGRATION (200-420m) fresh area → (-27, 222)
[Vision] copper_ore at (32, 54, 22) exists but unobtainable — blacklisting exact block
[Vision] Area looks barren/protected — migrating far
[Vision] No usable memory of copper_ore — MIGRATION (200-420m) fresh area → (-138, -94)
[Vision] copper_ore at (32, 54, 22) exists but unobtainable — blacklisting exact block
[Vision] Area looks barren/protected — migrating far
[Vision] No usable memory of copper_ore — MIGRATION (200-420m) fresh area → (-129, 172)
[Vision] copper_ore at (32, 54, 22) exists but unobtainable — blacklisting exact block
[Vision] Area looks barren/protected — migrating far
[Vision] No usable memory of copper_ore — MIGRATION (200-420m) fresh area → (97, 227)
[Vision] copper_ore at (32, 54, 22) exists but unobtainable — blacklisting exact block
[Vision] Area looks barren/protected — migrating far
[Vision] No usable memory of copper_ore — MIGRATION (200-420m) fresh area → (-172, 106)
[Vision] copper_ore at (32, 54, 22) exists but unobtainable — blacklisting exact block
[Vision] Area looks barren/protected — migrating far
[Vision] No usable memory of copper_ore — MIGRATION (200-420m) fresh area → (-29, 222)
[Vision] copper_ore at (32, 54, 22) exists but unobtainable — blacklisting exact block
[Vision] Area looks barren/protected — migrating far
[Vision] No usable memory of copper_ore — MIGRATION (200-420m) fresh area → (-82, -153)
[Vision] copper_ore at (32, 54, 22) exists but unobtainable — blacklisting exact block
[Vision] Area looks barren/protected — migrating far
[Vision] No usable memory of copper_ore — MIGRATION (200-420m) fresh area → (111, 228)
[Vision] copper_ore at (32, 54, 22) exists but unobtainable — blacklisting exact block
[Vision] Area looks barren/protected — migrating far
[Vision] No usable memory of copper_ore — MIGRATION (200-420m) fresh area → (-121, 158)
[Vision] copper_ore at (32, 54, 22) exists but unobtainable — blacklisting exact block
[Vision] Area looks barren/protected — migrating far
[Vision] No usable memory of copper_ore — MIGRATION (200-420m) fresh area → (151, 203)
[Vision] copper_ore at (32, 54, 22) exists but unobtainable — blacklisting exact block
[Vision] Area looks barren/protected — migrating far
[Vision] No usable memory of copper_ore — MIGRATION (200-420m) fresh area → (-4, -170)
[Vision] copper_ore at (32, 54, 22) exists but unobtainable — blacklisting exact block
[Vision] Area looks barren/protected — migrating far
[Vision] No usable memory of copper_ore — MIGRATION (200-420m) fresh area → (202, 234)
[Vision] copper_ore at (32, 54, 22) exists but unobtainable — blacklisting exact block
[Vision] Area looks barren/protected — migrating far
[Vision] No usable memory of copper_ore — MIGRATION (200-420m) fresh area → (-77, -219)
[Vision] copper_ore at (32, 54, 22) exists but unobtainable — blacklisting exact block
[Vision] Area looks barren/protected — migrating far
[Vision] No usable memory of copper_ore — MIGRATION (200-420m) fresh area → (240, 7)
[Vision] copper_ore at (32, 54, 22) exists but unobtainable — blacklisting exact block
[Vision] Area looks barren/protected — migrating far
[Vision] No usable memory of copper_ore — MIGRATION (200-420m) fresh area → (-118, 161)
[Vision] copper_ore at (32, 54, 22) exists but unobtainable — blacklisting exact block
[Vision] Area looks barren/protected — migrating far
[Vision] No usable memory of copper_ore — MIGRATION (200-420m) fresh area → (65, 264)
[Vision] copper_ore at (32, 54, 22) exists but unobtainable — blacklisting exact block
[Vision] Area looks barren/protected — migrating far
[Vision] No usable memory of copper_ore — MIGRATION (200-420m) fresh area → (147, 193)
[Vision] copper_ore at (32, 54, 22) exists but unobtainable — blacklisting exact block
[Vision] Area looks barren/protected — migrating far
[Vision] No usable memory of copper_ore — MIGRATION (200-420m) fresh area → (-195, 4)
[Vision] copper_ore at (32, 54, 22) exists but unobtainable — blacklisting exact block
[Vision] Area looks barren/protected — migrating far
[Vision] No usable memory of copper_ore — MIGRATION (200-420m) fresh area → (-160, 135)
[Vision] copper_ore at (32, 54, 22) exists but unobtainable — blacklisting exact block
[Vision] Area looks barren/protected — migrating far
[Vision] No usable memory of copper_ore — MIGRATION (200-420m) fresh area → (229, 103)
[Vision] copper_ore at (32, 54, 22) exists but unobtainable — blacklisting exact block
[Vision] Area looks barren/protected — migrating far
[Vision] No usable memory of copper_ore — MIGRATION (200-420m) fresh area → (209, -99)
[Vision] copper_ore at (32, 54, 22) exists but unobtainable — blacklisting exact block
[Vision] Area looks barren/protected — migrating far
[Vision] No usable memory of copper_ore — MIGRATION (200-420m) fresh area → (-177, 15)
[Vision] copper_ore at (32, 54, 22) exists but unobtainable — blacklisting exact block
[Vision] Area looks barren/protected — migrating far
[Vision] No usable memory of copper_ore — MIGRATION (200-420m) fresh area → (-145, -104)
[Vision] copper_ore at (32, 54, 22) exists but unobtainable — blacklisting exact block
[Vision] Area looks barren/protected — migrating far
[Vision] No usable memory of copper_ore — MIGRATION (200-420m) fresh area → (222, -36)
[Vision] copper_ore at (32, 54, 22) exists but unobtainable — blacklisting exact block
[Vision] Area looks barren/protected — migrating far
[Vision] No usable memory of copper_ore — MIGRATION (200-420m) fresh area → (46, 235)
[Vision] copper_ore at (32, 54, 22) exists but unobtainable — blacklisting exact block
[Vision] Area looks barren/protected — migrating far
[Vision] No usable memory of copper_ore — MIGRATION (200-420m) fresh area → (174, -114)
[Vision] copper_ore at (32, 54, 22) exists but unobtainable — blacklisting exact block
[Vision] Area looks barren/protected — migrating far
[Vision] No usable memory of copper_ore — MIGRATION (200-420m) fresh area → (-168, 46)
[Vision] copper_ore at (32, 54, 22) exists but unobtainable — blacklisting exact block
[Vision] Area looks barren/protected — migrating far
[Vision] No usable memory of copper_ore — MIGRATION (200-420m) fresh area → (195, -89)
[Vision] copper_ore at (32, 54, 22) exists but unobtainable — blacklisting exact block
[Vision] Area looks barren/protected — migrating far
[Vision] No usable memory of copper_ore — MIGRATION (200-420m) fresh area → (296, 145)
[Vision] copper_ore at (32, 54, 22) exists but unobtainable — blacklisting exact block
[Vision] Area looks barren/protected — migrating far
[Vision] No usable memory of copper_ore — MIGRATION (200-420m) fresh area → (-172, -18)
[Vision] copper_ore at (32, 54, 22) exists but unobtainable — blacklisting exact block
[Vision] Area looks barren/protected — migrating far
[Vision] No usable memory of copper_ore — MIGRATION (200-420m) fresh area → (-183, -31)
[Vision] copper_ore at (32, 54, 22) exists but unobtainable — blacklisting exact block
[Vision] Area looks barren/protected — migrating far
[Vision] No usable memory of copper_ore — MIGRATION (200-420m) fresh area → (131, 211)
[Vision] copper_ore at (32, 54, 22) exists but unobtainable — blacklisting exact block
[Vision] Area looks barren/protected — migrating far
[Vision] No usable memory of copper_ore — MIGRATION (200-420m) fresh area → (229, 67)
[Vision] copper_ore at (32, 54, 22) exists but unobtainable — blacklisting exact block
[Vision] Area looks barren/protected — migrating far
[Vision] No usable memory of copper_ore — MIGRATION (200-420m) fresh area → (185, -111)
[Vision] copper_ore at (32, 54, 22) exists but unobtainable — blacklisting exact block
[Vision] Area looks barren/protected — migrating far
[Vision] No usable memory of copper_ore — MIGRATION (200-420m) fresh area → (204, -99)
[Vision] copper_ore at (32, 54, 22) exists but unobtainable — blacklisting exact block
[Vision] Area looks barren/protected — migrating far
[Vision] No usable memory of copper_ore — MIGRATION (200-420m) fresh area → (194, -110)
[Vision] copper_ore at (32, 54, 22) exists but unobtainable — blacklisting exact block
[Vision] Area looks barren/protected — migrating far
[Vision] No usable memory of copper_ore — MIGRATION (200-420m) fresh area → (119, 223)
[Vision] copper_ore at (32, 54, 22) exists but unobtainable — blacklisting exact block
[Vision] Area looks barren/protected — migrating far
[Vision] No usable memory of copper_ore — MIGRATION (200-420m) fresh area → (2, -169)
[Vision] copper_ore at (32, 54, 22) exists but unobtainable — blacklisting exact block
[Vision] Area looks barren/protected — migrating far
[Vision] No usable memory of copper_ore — MIGRATION (200-420m) fresh area → (-131, 203)
[Vision] copper_ore at (32, 54, 22) exists but unobtainable — blacklisting exact block
[Vision] Area looks barren/protected — migrating far
[Vision] No usable memory of copper_ore — MIGRATION (200-420m) fresh area → (195, 146)
[Vision] copper_ore at (32, 54, 22) exists but unobtainable — blacklisting exact block
[Vision] Area looks barren/protected — migrating far
[Vision] No usable memory of copper_ore — MIGRATION (200-420m) fresh area → (240, 50)
[Vision] copper_ore at (32, 54, 22) exists but unobtainable — blacklisting exact block
[Vision] Area looks barren/protected — migrating far
[Vision] No usable memory of copper_ore — MIGRATION (200-420m) fresh area → (-139, -85)
[Vision] copper_ore at (32, 54, 22) exists but unobtainable — blacklisting exact block
[Vision] Area looks barren/protected — migrating far
[Vision] No usable memory of copper_ore — MIGRATION (200-420m) fresh area → (238, 103)
[Vision] copper_ore at (32, 54, 22) exists but unobtainable — blacklisting exact block
[Vision] Area looks barren/protected — migrating far
[Vision] No usable memory of copper_ore — MIGRATION (200-420m) fresh area → (-202, -73)
[Vision] copper_ore at (32, 54, 22) exists but unobtainable — blacklisting exact block
[Vision] Area looks barren/protected — migrating far
[Vision] No usable memory of copper_ore — MIGRATION (200-420m) fresh area → (243, -25)
[Vision] copper_ore at (32, 54, 22) exists but unobtainable — blacklisting exact block
[Vision] Area looks barren/protected — migrating far
[Vision] No usable memory of copper_ore — MIGRATION (200-420m) fresh area → (241, -75)
[Vision] copper_ore at (32, 54, 22) exists but unobtainable — blacklisting exact block
[Vision] Area looks barren/protected — migrating far
[Vision] No usable memory of copper_ore — MIGRATION (200-420m) fresh area → (190, -142)
[Vision] copper_ore at (32, 54, 22) exists but unobtainable — blacklisting exact block
[Vision] Area looks barren/protected — migrating far
[Vision] No usable memory of copper_ore — MIGRATION (200-420m) fresh area → (-1, 235)
[Vision] copper_ore at (32, 54, 22) exists but unobtainable — blacklisting exact block
[Vision] Area looks barren/protected — migrating far
[Vision] No usable memory of copper_ore — MIGRATION (200-420m) fresh area → (-58, 208)
[Vision] copper_ore at (32, 54, 22) exists but unobtainable — blacklisting exact block
[Vision] Area looks barren/protected — migrating far
[Vision] No usable memory of copper_ore — MIGRATION (200-420m) fresh area → (122, -181)
[Vision] copper_ore at (32, 54, 22) exists but unobtainable — blacklisting exact block
[Vision] Area looks barren/protected — migrating far
[Vision] No usable memory of copper_ore — MIGRATION (200-420m) fresh area → (214, 157)
[Vision] copper_ore at (32, 54, 22) exists but unobtainable — blacklisting exact block
[Vision] Area looks barren/protected — migrating far
[Vision] No usable memory of copper_ore — MIGRATION (200-420m) fresh area → (-152, -66)
[Vision] copper_ore at (32, 54, 22) exists but unobtainable — blacklisting exact block
[Vision] Area looks barren/protected — migrating far
[Vision] No usable memory of copper_ore — MIGRATION (200-420m) fresh area → (235, 8)
[Vision] copper_ore at (32, 54, 22) exists but unobtainable — blacklisting exact block
[Vision] Area looks barren/protected — migrating far
[Vision] No usable memory of copper_ore — MIGRATION (200-420m) fresh area → (238, -14)
[Vision] copper_ore at (32, 54, 22) exists but unobtainable — blacklisting exact block
[Vision] Area looks barren/protected — migrating far
[Vision] No usable memory of copper_ore — MIGRATION (200-420m) fresh area → (-126, -99)
[Vision] copper_ore at (32, 54, 22) exists but unobtainable — blacklisting exact block
[Vision] Area looks barren/protected — migrating far
[Vision] No usable memory of copper_ore — MIGRATION (200-420m) fresh area → (144, 197)
[Vision] copper_ore at (32, 54, 22) exists but unobtainable — blacklisting exact block
[Vision] Area looks barren/protected — migrating far
[Vision] No usable memory of copper_ore — MIGRATION (200-420m) fresh area → (-142, -100)
[Vision] copper_ore at (32, 54, 22) exists but unobtainable — blacklisting exact block
[Vision] Area looks barren/protected — migrating far
[Vision] No usable memory of copper_ore — MIGRATION (200-420m) fresh area → (-172, 35)
[Vision] copper_ore at (32, 54, 22) exists but unobtainable — blacklisting exact block
[Vision] Area looks barren/protected — migrating far
[Vision] No usable memory of copper_ore — MIGRATION (200-420m) fresh area → (-103, -125)
[Vision] copper_ore at (32, 54, 22) exists but unobtainable — blacklisting exact block
[Vision] Area looks barren/protected — migrating far
[Vision] No usable memory of copper_ore — MIGRATION (200-420m) fresh area → (-136, 160)
[Vision] copper_ore at (32, 54, 22) exists but unobtainable — blacklisting exact block
[Vision] Area looks barren/protected — migrating far
[Vision] No usable memory of copper_ore — MIGRATION (200-420m) fresh area → (-6, 258)
[Vision] copper_ore at (32, 54, 22) exists but unobtainable — blacklisting exact block
[Vision] Area looks barren/protected — migrating far
[Vision] No usable memory of copper_ore — MIGRATION (200-420m) fresh area → (178, -132)
[Vision] copper_ore at (32, 54, 22) exists but unobtainable — blacklisting exact block
[Vision] Area looks barren/protected — migrating far
[Vision] No usable memory of copper_ore — MIGRATION (200-420m) fresh area → (-15, -172)
[Vision] copper_ore at (32, 54, 22) exists but unobtainable — blacklisting exact block
[Vision] Area looks barren/protected — migrating far
[Vision] No usable memory of copper_ore — MIGRATION (200-420m) fresh area → (177, -126)
[Vision] copper_ore at (32, 54, 22) exists but unobtainable — blacklisting exact block
[Vision] Area looks barren/protected — migrating far
[Vision] No usable memory of copper_ore — MIGRATION (200-420m) fresh area → (-176, -73)
[Vision] copper_ore at (32, 54, 22) exists but unobtainable — blacklisting exact block
[Vision] Area looks barren/protected — migrating far
[Vision] No usable memory of copper_ore — MIGRATION (200-420m) fresh area → (86, 250)
[Vision] copper_ore at (32, 54, 22) exists but unobtainable — blacklisting exact block
[Vision] Area looks barren/protected — migrating far
[Vision] No usable memory of copper_ore — MIGRATION (200-420m) fresh area → (111, -164)
[Vision] copper_ore at (32, 54, 22) exists but unobtainable — blacklisting exact block
[Vision] Area looks barren/protected — migrating far
[Vision] No usable memory of copper_ore — MIGRATION (200-420m) fresh area → (-45, -157)
[Vision] copper_ore at (32, 54, 22) exists but unobtainable — blacklisting exact block
[Vision] Area looks barren/protected — migrating far
[Vision] No usable memory of copper_ore — MIGRATION (200-420m) fresh area → (-74, 199)
[Vision] copper_ore at (32, 54, 22) exists but unobtainable — blacklisting exact block
[Vision] Area looks barren/protected — migrating far
[Vision] No usable memory of copper_ore — MIGRATION (200-420m) fresh area → (-48, 214)
[Vision] copper_ore at (32, 54, 22) exists but unobtainable — blacklisting exact block
[Vision] Area looks barren/protected — migrating far
[Vision] No usable memory of copper_ore — MIGRATION (200-420m) fresh area → (-103, 195)
[Vision] copper_ore at (32, 54, 22) exists but unobtainable — blacklisting exact block
[Vision] Area looks barren/protected — migrating far
[Vision] No usable memory of copper_ore — MIGRATION (200-420m) fresh area → (-141, -74)
[Vision] copper_ore at (32, 54, 22) exists but unobtainable — blacklisting exact block
[Vision] Area looks barren/protected — migrating far
[Vision] No usable memory of copper_ore — MIGRATION (200-420m) fresh area → (225, -73)
[Vision] copper_ore at (32, 54, 22) exists but unobtainable — blacklisting exact block
[Vision] Area looks barren/protected — migrating far
[Vision] No usable memory of copper_ore — MIGRATION (200-420m) fresh area → (234, 95)
[Vision] copper_ore at (32, 54, 22) exists but unobtainable — blacklisting exact block
[Vision] Area looks barren/protected — migrating far
[Vision] No usable memory of copper_ore — MIGRATION (200-420m) fresh area → (-175, -51)
[Vision] copper_ore at (32, 54, 22) exists but unobtainable — blacklisting exact block
[Vision] Area looks barren/protected — migrating far
[Vision] No usable memory of copper_ore — MIGRATION (200-420m) fresh area → (-164, -78)
[Vision] copper_ore at (32, 54, 22) exists but unobtainable — blacklisting exact block
[Vision] Area looks barren/protected — migrating far
[Vision] No usable memory of copper_ore — MIGRATION (200-420m) fresh area → (114, 219)
[Vision] copper_ore at (32, 54, 22) exists but unobtainable — blacklisting exact block
[Vision] Area looks barren/protected — migrating far
[Vision] No usable memory of copper_ore — MIGRATION (200-420m) fresh area → (-28, -206)
[Vision] copper_ore at (32, 54, 22) exists but unobtainable — blacklisting exact block
[Vision] Area looks barren/protected — migrating far
[Vision] No usable memory of copper_ore — MIGRATION (200-420m) fresh area → (-108, 224)
[Vision] copper_ore at (32, 54, 22) exists but unobtainable — blacklisting exact block
[Vision] Area looks barren/protected — migrating far
[Vision] No usable memory of copper_ore — MIGRATION (200-420m) fresh area → (234, 84)
[Vision] copper_ore at (32, 54, 22) exists but unobtainable — blacklisting exact block
[Vision] Area looks barren/protected — migrating far
[Vision] No usable memory of copper_ore — MIGRATION (200-420m) fresh area → (-165, 135)
[Vision] copper_ore at (32, 54, 22) exists but unobtainable — blacklisting exact block
[Vision] Area looks barren/protected — migrating far
[Vision] No usable memory of copper_ore — MIGRATION (200-420m) fresh area → (-176, 20)
[Vision] copper_ore at (32, 54, 22) exists but unobtainable — blacklisting exact block
[Vision] Area looks barren/protected — migrating far
[Vision] No usable memory of copper_ore — MIGRATION (200-420m) fresh area → (105, 227)
[Vision] copper_ore at (32, 54, 22) exists but unobtainable — blacklisting exact block
[Vision] Area looks barren/protected — migrating far
[Vision] No usable memory of copper_ore — MIGRATION (200-420m) fresh area → (226, 108)
[Vision] copper_ore at (32, 54, 22) exists but unobtainable — blacklisting exact block
[Vision] Area looks barren/protected — migrating far
[Vision] No usable memory of copper_ore — MIGRATION (200-420m) fresh area → (3, 232)
[Vision] copper_ore at (32, 54, 22) exists but unobtainable — blacklisting exact block
[Vision] Area looks barren/protected — migrating far
[Vision] No usable memory of copper_ore — MIGRATION (200-420m) fresh area → (112, -158)
[Vision] copper_ore at (32, 54, 22) exists but unobtainable — blacklisting exact block
[Vision] Area looks barren/protected — migrating far
[Vision] No usable memory of copper_ore — MIGRATION (200-420m) fresh area → (-163, -30)
[Vision] copper_ore at (32, 54, 22) exists but unobtainable — blacklisting exact block
[Vision] Area looks barren/protected — migrating far
[Vision] No usable memory of copper_ore — MIGRATION (200-420m) fresh area → (216, -53)
[Vision] copper_ore at (32, 54, 22) exists but unobtainable — blacklisting exact block
[Vision] Area looks barren/protected — migrating far
[Vision] No usable memory of copper_ore — MIGRATION (200-420m) fresh area → (-185, 88)
[Vision] copper_ore at (32, 54, 22) exists but unobtainable — blacklisting exact block
[Vision] Area looks barren/protected — migrating far
[Vision] No usable memory of copper_ore — MIGRATION (200-420m) fresh area → (-40, 266)
[Vision] copper_ore at (32, 54, 22) exists but unobtainable — blacklisting exact block
[Vision] Area looks barren/protected — migrating far
[Vision] No usable memory of copper_ore — MIGRATION (200-420m) fresh area → (-168, 15)
[Vision] copper_ore at (32, 54, 22) exists but unobtainable — blacklisting exact block
[Vision] Area looks barren/protected — migrating far
[Vision] No usable memory of copper_ore — MIGRATION (200-420m) fresh area → (-110, 171)
[Vision] copper_ore at (32, 54, 22) exists but unobtainable — blacklisting exact block
[Vision] Area looks barren/protected — migrating far
[Vision] No usable memory of copper_ore — MIGRATION (200-420m) fresh area → (111, -169)
[Vision] copper_ore at (32, 54, 22) exists but unobtainable — blacklisting exact block
[Vision] Area looks barren/protected — migrating far
[Vision] No usable memory of copper_ore — MIGRATION (200-420m) fresh area → (-105, -127)
[Vision] copper_ore at (32, 54, 22) exists but unobtainable — blacklisting exact block
[Vision] Area looks barren/protected — migrating far
[Vision] No usable memory of copper_ore — MIGRATION (200-420m) fresh area → (161, -132)
[Vision] copper_ore at (32, 54, 22) exists but unobtainable — blacklisting exact block
[Vision] Area looks barren/protected — migrating far
[Vision] No usable memory of copper_ore — MIGRATION (200-420m) fresh area → (-89, 217)
[Vision] copper_ore at (32, 54, 22) exists but unobtainable — blacklisting exact block
[Vision] Area looks barren/protected — migrating far
[Vision] No usable memory of copper_ore — MIGRATION (200-420m) fresh area → (-32, -190)
[Vision] copper_ore at (32, 54, 22) exists but unobtainable — blacklisting exact block
[Vision] Area looks barren/protected — migrating far
[Vision] No usable memory of copper_ore — MIGRATION (200-420m) fresh area → (-147, 130)
[Vision] copper_ore at (32, 54, 22) exists but unobtainable — blacklisting exact block
[Vision] Area looks barren/protected — migrating far
[Vision] No usable memory of copper_ore — MIGRATION (200-420m) fresh area → (161, 184)
[Vision] copper_ore at (32, 54, 22) exists but unobtainable — blacklisting exact block
[Vision] Area looks barren/protected — migrating far
[Vision] No usable memory of copper_ore — MIGRATION (200-420m) fresh area → (100, -161)
[Vision] copper_ore at (32, 54, 22) exists but unobtainable — blacklisting exact block
[Vision] Area looks barren/protected — migrating far
[Vision] No usable memory of copper_ore — MIGRATION (200-420m) fresh area → (250, -7)
[Vision] copper_ore at (32, 54, 22) exists but unobtainable — blacklisting exact block
[Vision] Area looks barren/protected — migrating far
[Vision] No usable memory of copper_ore — MIGRATION (200-420m) fresh area → (53, 248)
[Vision] copper_ore at (32, 54, 22) exists but unobtainable — blacklisting exact block
[Vision] Area looks barren/protected — migrating far
[Vision] No usable memory of copper_ore — MIGRATION (200-420m) fresh area → (-102, -123)
[Vision] copper_ore at (32, 54, 22) exists but unobtainable — blacklisting exact block
[Vision] Area looks barren/protected — migrating far
[Vision] No usable memory of copper_ore — MIGRATION (200-420m) fresh area → (-9, -187)
[Vision] copper_ore at (32, 54, 22) exists but unobtainable — blacklisting exact block
[Vision] Area looks barren/protected — migrating far
[Vision] No usable memory of copper_ore — MIGRATION (200-420m) fresh area → (172, -159)
[Vision] copper_ore at (32, 54, 22) exists but unobtainable — blacklisting exact block
[Vision] Area looks barren/protected — migrating far
[Vision] No usable memory of copper_ore — MIGRATION (200-420m) fresh area → (240, 148)
[Vision] copper_ore at (32, 54, 22) exists but unobtainable — blacklisting exact block
[Vision] Area looks barren/protected — migrating far
[Vision] No usable memory of copper_ore — MIGRATION (200-420m) fresh area → (-82, 210)
[Vision] copper_ore at (32, 54, 22) exists but unobtainable — blacklisting exact block
[Vision] Area looks barren/protected — migrating far
[Vision] No usable memory of copper_ore — MIGRATION (200-420m) fresh area → (-178, 30)
[Vision] copper_ore at (32, 54, 22) exists but unobtainable — blacklisting exact block
[Vision] Area looks barren/protected — migrating far
[Vision] No usable memory of copper_ore — MIGRATION (200-420m) fresh area → (233, 86)
[Vision] copper_ore at (32, 54, 22) exists but unobtainable — blacklisting exact block
[Vision] Area looks barren/protected — migrating far
[Vision] No usable memory of copper_ore — MIGRATION (200-420m) fresh area → (150, -165)
[Vision] copper_ore at (32, 54, 22) exists but unobtainable — blacklisting exact block
[Vision] Area looks barren/protected — migrating far
[Vision] No usable memory of copper_ore — MIGRATION (200-420m) fresh area → (211, -66)
[Vision] copper_ore at (32, 54, 22) exists but unobtainable — blacklisting exact block
[Vision] Area looks barren/protected — migrating far
[Vision] No usable memory of copper_ore — MIGRATION (200-420m) fresh area → (10, -183)
[Vision] copper_ore at (32, 54, 22) exists but unobtainable — blacklisting exact block
[Vision] Area looks barren/protected — migrating far
[Vision] No usable memory of copper_ore — MIGRATION (200-420m) fresh area → (70, -180)
[Vision] copper_ore at (32, 54, 22) exists but unobtainable — blacklisting exact block
[Vision] Area looks barren/protected — migrating far
[Vision] No usable memory of copper_ore — MIGRATION (200-420m) fresh area → (-34, -192)
[Vision] copper_ore at (32, 54, 22) exists but unobtainable — blacklisting exact block
[Vision] Area looks barren/protected — migrating far
[Vision] No usable memory of copper_ore — MIGRATION (200-420m) fresh area → (238, -8)
[Vision] copper_ore at (32, 54, 22) exists but unobtainable — blacklisting exact block
[Vision] Area looks barren/protected — migrating far
[Vision] No usable memory of copper_ore — MIGRATION (200-420m) fresh area → (-169, 34)
[Vision] copper_ore at (32, 54, 22) exists but unobtainable — blacklisting exact block
[Vision] Area looks barren/protected — migrating far
[Vision] No usable memory of copper_ore — MIGRATION (200-420m) fresh area → (117, -169)
[Vision] copper_ore at (32, 54, 22) exists but unobtainable — blacklisting exact block
[Vision] Area looks barren/protected — migrating far
[Vision] No usable memory of copper_ore — MIGRATION (200-420m) fresh area → (-138, 135)
[Vision] copper_ore at (32, 54, 22) exists but unobtainable — blacklisting exact block
[Vision] Area looks barren/protected — migrating far
[Vision] No usable memory of copper_ore — MIGRATION (200-420m) fresh area → (-156, 155)
[Vision] copper_ore at (32, 54, 22) exists but unobtainable — blacklisting exact block
[Vision] Area looks barren/protected — migrating far
[Vision] No usable memory of copper_ore — MIGRATION (200-420m) fresh area → (254, -31)
[Vision] copper_ore at (32, 54, 22) exists but unobtainable — blacklisting exact block
[Vision] Area looks barren/protected — migrating far
[Vision] No usable memory of copper_ore — MIGRATION (200-420m) fresh area → (214, -77)
[Vision] copper_ore at (32, 54, 22) exists but unobtainable — blacklisting exact block
[Vision] Area looks barren/protected — migrating far
[Vision] No usable memory of copper_ore — MIGRATION (200-420m) fresh area → (-108, 194)
[Vision] copper_ore at (32, 54, 22) exists but unobtainable — blacklisting exact block
[Vision] Area looks barren/protected — migrating far
[Vision] No usable memory of copper_ore — MIGRATION (200-420m) fresh area → (170, 180)
[Vision] copper_ore at (32, 54, 22) exists but unobtainable — blacklisting exact block
[Vision] Area looks barren/protected — migrating far
[Vision] No usable memory of copper_ore — MIGRATION (200-420m) fresh area → (222, -63)
[Vision] copper_ore at (32, 54, 22) exists but unobtainable — blacklisting exact block
[Vision] Area looks barren/protected — migrating far
[Vision] No usable memory of copper_ore — MIGRATION (200-420m) fresh area → (213, -80)
[Vision] copper_ore at (32, 54, 22) exists but unobtainable — blacklisting exact block
[Vision] Area looks barren/protected — migrating far
[Vision] No usable memory of copper_ore — MIGRATION (200-420m) fresh area → (143, -159)
[Vision] copper_ore at (32, 54, 22) exists but unobtainable — blacklisting exact block
[Vision] Area looks barren/protected — migrating far
[Vision] No usable memory of copper_ore — MIGRATION (200-420m) fresh area → (-198, 76)
[Vision] copper_ore at (32, 54, 22) exists but unobtainable — blacklisting exact block
[Vision] Area looks barren/protected — migrating far
[Vision] No usable memory of copper_ore — MIGRATION (200-420m) fresh area → (202, 136)
[Vision] copper_ore at (32, 54, 22) exists but unobtainable — blacklisting exact block
[Vision] Area looks barren/protected — migrating far
[Vision] No usable memory of copper_ore — MIGRATION (200-420m) fresh area → (-123, 214)
[Vision] copper_ore at (32, 54, 22) exists but unobtainable — blacklisting exact block
[Vision] Area looks barren/protected — migrating far
[Vision] No usable memory of copper_ore — MIGRATION (200-420m) fresh area → (-155, -55)
[Vision] copper_ore at (32, 54, 22) exists but unobtainable — blacklisting exact block
[Vision] Area looks barren/protected — migrating far
[Vision] No usable memory of copper_ore — MIGRATION (200-420m) fresh area → (233, 43)
[Vision] copper_ore at (32, 54, 22) exists but unobtainable — blacklisting exact block
[Vision] Area looks barren/protected — migrating far
[Vision] No usable memory of copper_ore — MIGRATION (200-420m) fresh area → (119, -212)
[Vision] copper_ore at (32, 54, 22) exists but unobtainable — blacklisting exact block
[Vision] Area looks barren/protected — migrating far
[Vision] No usable memory of copper_ore — MIGRATION (200-420m) fresh area → (-81, -142)
[Vision] copper_ore at (32, 54, 22) exists but unobtainable — blacklisting exact block
[Vision] Area looks barren/protected — migrating far
[Vision] No usable memory of copper_ore — MIGRATION (200-420m) fresh area → (-26, -173)
[Vision] copper_ore at (32, 54, 22) exists but unobtainable — blacklisting exact block
[Vision] Area looks barren/protected — migrating far
[Vision] No usable memory of copper_ore — MIGRATION (200-420m) fresh area → (72, 229)
[Vision] copper_ore at (32, 54, 22) exists but unobtainable — blacklisting exact block
[Vision] Area looks barren/protected — migrating far
[Vision] No usable memory of copper_ore — MIGRATION (200-420m) fresh area → (-169, 76)
[Vision] copper_ore at (32, 54, 22) exists but unobtainable — blacklisting exact block
[Vision] Area looks barren/protected — migrating far
[Vision] No usable memory of copper_ore — MIGRATION (200-420m) fresh area → (-171, 94)
[Vision] copper_ore at (32, 54, 22) exists but unobtainable — blacklisting exact block
[Vision] Area looks barren/protected — migrating far
[Vision] No usable memory of copper_ore — MIGRATION (200-420m) fresh area → (236, 20)
[Vision] copper_ore at (32, 54, 22) exists but unobtainable — blacklisting exact block
[Vision] Area looks barren/protected — migrating far
[Vision] No usable memory of copper_ore — MIGRATION (200-420m) fresh area → (-165, 95)
[Vision] copper_ore at (32, 54, 22) exists but unobtainable — blacklisting exact block
[Vision] Area looks barren/protected — migrating far
[Vision] No usable memory of copper_ore — MIGRATION (200-420m) fresh area → (-118, 172)
[Vision] copper_ore at (32, 54, 22) exists but unobtainable — blacklisting exact block
[Vision] Area looks barren/protected — migrating far
[Vision] No usable memory of copper_ore — MIGRATION (200-420m) fresh area → (22, 246)
[Vision] copper_ore at (32, 54, 22) exists but unobtainable — blacklisting exact block
[Vision] Area looks barren/protected — migrating far
[Vision] No usable memory of copper_ore — MIGRATION (200-420m) fresh area → (-55, 226)
[Vision] copper_ore at (32, 54, 22) exists but unobtainable — blacklisting exact block
[Vision] Area looks barren/protected — migrating far
[Vision] No usable memory of copper_ore — MIGRATION (200-420m) fresh area → (274, 62)
[Vision] copper_ore at (32, 54, 22) exists but unobtainable — blacklisting exact block
[Vision] Area looks barren/protected — migrating far
[Vision] No usable memory of copper_ore — MIGRATION (200-420m) fresh area → (175, 170)
[Vision] copper_ore at (32, 54, 22) exists but unobtainable — blacklisting exact block
[Vision] Area looks barren/protected — migrating far
[Vision] No usable memory of copper_ore — MIGRATION (200-420m) fresh area → (108, -175)
[Vision] copper_ore at (32, 54, 22) exists but unobtainable — blacklisting exact block
[Vision] Area looks barren/protected — migrating far
[Vision] No usable memory of copper_ore — MIGRATION (200-420m) fresh area → (-83, -138)
[Vision] copper_ore at (32, 54, 22) exists but unobtainable — blacklisting exact block
[Vision] Area looks barren/protected — migrating far
[Vision] No usable memory of copper_ore — MIGRATION (200-420m) fresh area → (272, -28)
[Vision] copper_ore at (32, 54, 22) exists but unobtainable — blacklisting exact block
[Vision] Area looks barren/protected — migrating far
[Vision] No usable memory of copper_ore — MIGRATION (200-420m) fresh area → (-73, 206)
[Vision] copper_ore at (32, 54, 22) exists but unobtainable — blacklisting exact block
[Vision] Area looks barren/protected — migrating far
[Vision] No usable memory of copper_ore — MIGRATION (200-420m) fresh area → (-45, 224)
[Vision] copper_ore at (32, 54, 22) exists but unobtainable — blacklisting exact block
[Vision] Area looks barren/protected — migrating far
[Vision] No usable memory of copper_ore — MIGRATION (200-420m) fresh area → (-59, -187)
[Vision] copper_ore at (32, 54, 22) exists but unobtainable — blacklisting exact block
[Vision] Area looks barren/protected — migrating far
[Vision] No usable memory of copper_ore — MIGRATION (200-420m) fresh area → (214, 130)
[Vision] copper_ore at (32, 54, 22) exists but unobtainable — blacklisting exact block
[Vision] Area looks barren/protected — migrating far
[Vision] No usable memory of copper_ore — MIGRATION (200-420m) fresh area → (227, 104)
[Vision] copper_ore at (32, 54, 22) exists but unobtainable — blacklisting exact block
[Vision] Area looks barren/protected — migrating far
[Vision] No usable memory of copper_ore — MIGRATION (200-420m) fresh area → (127, 217)
[Vision] copper_ore at (32, 54, 22) exists but unobtainable — blacklisting exact block
[Vision] Area looks barren/protected — migrating far
[Vision] No usable memory of copper_ore — MIGRATION (200-420m) fresh area → (-159, -64)
[Vision] copper_ore at (32, 54, 22) exists but unobtainable — blacklisting exact block
[Vision] Area looks barren/protected — migrating far
[Vision] No usable memory of copper_ore — MIGRATION (200-420m) fresh area → (68, -169)
[Vision] copper_ore at (32, 54, 22) exists but unobtainable — blacklisting exact block
[Vision] Area looks barren/protected — migrating far
[Vision] No usable memory of copper_ore — MIGRATION (200-420m) fresh area → (203, -80)
[Vision] copper_ore at (32, 54, 22) exists but unobtainable — blacklisting exact block
[Vision] Area looks barren/protected — migrating far
[Vision] No usable memory of copper_ore — MIGRATION (200-420m) fresh area → (-100, 211)
[Vision] copper_ore at (32, 54, 22) exists but unobtainable — blacklisting exact block
[Vision] Area looks barren/protected — migrating far
[Vision] No usable memory of copper_ore — MIGRATION (200-420m) fresh area → (107, -163)
[Vision] copper_ore at (32, 54, 22) exists but unobtainable — blacklisting exact block
[Vision] Area looks barren/protected — migrating far
[Vision] No usable memory of copper_ore — MIGRATION (200-420m) fresh area → (124, -156)
[Vision] copper_ore at (32, 54, 22) exists but unobtainable — blacklisting exact block
[Vision] Area looks barren/protected — migrating far
[Vision] No usable memory of copper_ore — MIGRATION (200-420m) fresh area → (172, -122)
[Vision] copper_ore at (32, 54, 22) exists but unobtainable — blacklisting exact block
[Vision] Area looks barren/protected — migrating far
[Vision] No usable memory of copper_ore — MIGRATION (200-420m) fresh area → (87, -169)
[Vision] copper_ore at (32, 54, 22) exists but unobtainable — blacklisting exact block
[Vision] Area looks barren/protected — migrating far
[Vision] No usable memory of copper_ore — MIGRATION (200-420m) fresh area → (204, -83)
[Vision] copper_ore at (32, 54, 22) exists but unobtainable — blacklisting exact block
[Vision] Area looks barren/protected — migrating far
[Vision] No usable memory of copper_ore — MIGRATION (200-420m) fresh area → (6, -170)
[Vision] copper_ore at (32, 54, 22) exists but unobtainable — blacklisting exact block
[Vision] Area looks barren/protected — migrating far
[Vision] No usable memory of copper_ore — MIGRATION (200-420m) fresh area → (-51, -155)
[Vision] copper_ore at (32, 54, 22) exists but unobtainable — blacklisting exact block
[Vision] Area looks barren/protected — migrating far
[Vision] No usable memory of copper_ore — MIGRATION (200-420m) fresh area → (186, 163)
[Vision] copper_ore at (32, 54, 22) exists but unobtainable — blacklisting exact block
[Vision] Area looks barren/protected — migrating far
[Vision] No usable memory of copper_ore — MIGRATION (200-420m) fresh area → (243, -65)
[Vision] copper_ore at (32, 54, 22) exists but unobtainable — blacklisting exact block
[Vision] Area looks barren/protected — migrating far
[Vision] No usable memory of copper_ore — MIGRATION (200-420m) fresh area → (68, 237)
[Vision] copper_ore at (32, 54, 22) exists but unobtainable — blacklisting exact block
[Vision] Area looks barren/protected — migrating far
[Vision] No usable memory of copper_ore — MIGRATION (200-420m) fresh area → (-79, -144)
[Vision] copper_ore at (32, 54, 22) exists but unobtainable — blacklisting exact block
[Vision] Area looks barren/protected — migrating far
[Vision] No usable memory of copper_ore — MIGRATION (200-420m) fresh area → (-125, -133)
[Vision] copper_ore at (32, 54, 22) exists but unobtainable — blacklisting exact block
[Vision] Area looks barren/protected — migrating far
[Vision] No usable memory of copper_ore — MIGRATION (200-420m) fresh area → (233, 24)
[Vision] copper_ore at (32, 54, 22) exists but unobtainable — blacklisting exact block
[Vision] Area looks barren/protected — migrating far
[Vision] No usable memory of copper_ore — MIGRATION (200-420m) fresh area → (200, 153)
[Vision] copper_ore at (32, 54, 22) exists but unobtainable — blacklisting exact block
[Vision] Area looks barren/protected — migrating far
[Vision] No usable memory of copper_ore — MIGRATION (200-420m) fresh area → (100, 226)
[Vision] copper_ore at (32, 54, 22) exists but unobtainable — blacklisting exact block
[Vision] Area looks barren/protected — migrating far
[Vision] No usable memory of copper_ore — MIGRATION (200-420m) fresh area → (-112, 204)
[Vision] copper_ore at (32, 54, 22) exists but unobtainable — blacklisting exact block
[Vision] Area looks barren/protected — migrating far
[Vision] No usable memory of copper_ore — MIGRATION (200-420m) fresh area → (45, 235)
[Vision] copper_ore at (32, 54, 22) exists but unobtainable — blacklisting exact block
[Vision] Area looks barren/protected — migrating far
[Vision] No usable memory of copper_ore — MIGRATION (200-420m) fresh area → (231, 62)
[Vision] copper_ore at (32, 54, 22) exists but unobtainable — blacklisting exact block
[Vision] Area looks barren/protected — migrating far
[Vision] No usable memory of copper_ore — MIGRATION (200-420m) fresh area → (219, 150)
[Vision] copper_ore at (32, 54, 22) exists but unobtainable — blacklisting exact block
[Vision] Area looks barren/protected — migrating far
[Vision] No usable memory of copper_ore — MIGRATION (200-420m) fresh area → (129, -176)
[Vision] copper_ore at (32, 54, 22) exists but unobtainable — blacklisting exact block
[Vision] Area looks barren/protected — migrating far
[Vision] No usable memory of copper_ore — MIGRATION (200-420m) fresh area → (-37, 249)
[Vision] copper_ore at (32, 54, 22) exists but unobtainable — blacklisting exact block
[Vision] Area looks barren/protected — migrating far
[Vision] No usable memory of copper_ore — MIGRATION (200-420m) fresh area → (69, 242)
[Vision] copper_ore at (32, 54, 22) exists but unobtainable — blacklisting exact block
[Vision] Area looks barren/protected — migrating far
[Vision] No usable memory of copper_ore — MIGRATION (200-420m) fresh area → (131, 221)
[Vision] copper_ore at (32, 54, 22) exists but unobtainable — blacklisting exact block
[Vision] Area looks barren/protected — migrating far
[Vision] No usable memory of copper_ore — MIGRATION (200-420m) fresh area → (-63, 264)
[Vision] copper_ore at (32, 54, 22) exists but unobtainable — blacklisting exact block
[Vision] Area looks barren/protected — migrating far
[Vision] No usable memory of copper_ore — MIGRATION (200-420m) fresh area → (-82, -151)
[Vision] copper_ore at (32, 54, 22) exists but unobtainable — blacklisting exact block
[Vision] Area looks barren/protected — migrating far
[Vision] No usable memory of copper_ore — MIGRATION (200-420m) fresh area → (-114, -110)
[Vision] copper_ore at (32, 54, 22) exists but unobtainable — blacklisting exact block
[Vision] Area looks barren/protected — migrating far
[Vision] No usable memory of copper_ore — MIGRATION (200-420m) fresh area → (100, 234)
[Vision] copper_ore at (32, 54, 22) exists but unobtainable — blacklisting exact block
[Vision] Area looks barren/protected — migrating far
[Vision] No usable memory of copper_ore — MIGRATION (200-420m) fresh area → (239, 91)
[Vision] copper_ore at (32, 54, 22) exists but unobtainable — blacklisting exact block
[Vision] Area looks barren/protected — migrating far
[Vision] No usable memory of copper_ore — MIGRATION (200-420m) fresh area → (42, -173)
[Vision] copper_ore at (32, 54, 22) exists but unobtainable — blacklisting exact block
[Vision] Area looks barren/protected — migrating far
[Vision] No usable memory of copper_ore — MIGRATION (200-420m) fresh area → (208, 137)
[Vision] copper_ore at (32, 54, 22) exists but unobtainable — blacklisting exact block
[Vision] Area looks barren/protected — migrating far
[Vision] No usable memory of copper_ore — MIGRATION (200-420m) fresh area → (254, 15)
[Vision] copper_ore at (32, 54, 22) exists but unobtainable — blacklisting exact block
[Vision] Area looks barren/protected — migrating far
[Vision] No usable memory of copper_ore — MIGRATION (200-420m) fresh area → (99, 273)
[Vision] copper_ore at (32, 54, 22) exists but unobtainable — blacklisting exact block
[Vision] Area looks barren/protected — migrating far
[Vision] No usable memory of copper_ore — MIGRATION (200-420m) fresh area → (200, 154)
[Vision] copper_ore at (32, 54, 22) exists but unobtainable — blacklisting exact block
[Vision] Area looks barren/protected — migrating far
[Vision] No usable memory of copper_ore — MIGRATION (200-420m) fresh area → (-211, 32)
[Vision] copper_ore at (32, 54, 22) exists but unobtainable — blacklisting exact block
[Vision] Area looks barren/protected — migrating far
[Vision] No usable memory of copper_ore — MIGRATION (200-420m) fresh area → (-84, -145)
[Vision] copper_ore at (32, 54, 22) exists but unobtainable — blacklisting exact block
[Vision] Area looks barren/protected — migrating far
[Vision] No usable memory of copper_ore — MIGRATION (200-420m) fresh area → (204, -92)
[Vision] copper_ore at (32, 54, 22) exists but unobtainable — blacklisting exact block
[Vision] Area looks barren/protected — migrating far
[Vision] No usable memory of copper_ore — MIGRATION (200-420m) fresh area → (187, -112)
[Vision] copper_ore at (32, 54, 22) exists but unobtainable — blacklisting exact block
[Vision] Area looks barren/protected — migrating far
[Vision] No usable memory of copper_ore — MIGRATION (200-420m) fresh area → (250, 7)
[Vision] copper_ore at (32, 54, 22) exists but unobtainable — blacklisting exact block
[Vision] Area looks barren/protected — migrating far
[Vision] No usable memory of copper_ore — MIGRATION (200-420m) fresh area → (49, 299)
[Vision] copper_ore at (32, 54, 22) exists but unobtainable — blacklisting exact block
[Vision] Area looks barren/protected — migrating far
[Vision] No usable memory of copper_ore — MIGRATION (200-420m) fresh area → (27, -173)
[Vision] copper_ore at (32, 54, 22) exists but unobtainable — blacklisting exact block
[Vision] Area looks barren/protected — migrating far
[Vision] No usable memory of copper_ore — MIGRATION (200-420m) fresh area → (227, 137)
[Vision] copper_ore at (32, 54, 22) exists but unobtainable — blacklisting exact block
[Vision] Area looks barren/protected — migrating far
[Vision] No usable memory of copper_ore — MIGRATION (200-420m) fresh area → (-73, 241)
[Vision] copper_ore at (32, 54, 22) exists but unobtainable — blacklisting exact block
[Vision] Area looks barren/protected — migrating far
[Vision] No usable memory of copper_ore — MIGRATION (200-420m) fresh area → (-184, 17)
[Vision] copper_ore at (32, 54, 22) exists but unobtainable — blacklisting exact block
[Vision] Area looks barren/protected — migrating far
[Vision] No usable memory of copper_ore — MIGRATION (200-420m) fresh area → (130, 227)
[Vision] copper_ore at (32, 54, 22) exists but unobtainable — blacklisting exact block
[Vision] Area looks barren/protected — migrating far
[Vision] No usable memory of copper_ore — MIGRATION (200-420m) fresh area → (189, -151)
[Vision] copper_ore at (32, 54, 22) exists but unobtainable — blacklisting exact block
[Vision] Area looks barren/protected — migrating far
[Vision] No usable memory of copper_ore — MIGRATION (200-420m) fresh area → (-133, 143)
[Vision] copper_ore at (32, 54, 22) exists but unobtainable — blacklisting exact block
[Vision] Area looks barren/protected — migrating far
[Vision] No usable memory of copper_ore — MIGRATION (200-420m) fresh area → (-156, 99)
[Vision] copper_ore at (32, 54, 22) exists but unobtainable — blacklisting exact block
[Vision] Area looks barren/protected — migrating far
[Vision] No usable memory of copper_ore — MIGRATION (200-420m) fresh area → (-165, -22)
[Vision] copper_ore at (32, 54, 22) exists but unobtainable — blacklisting exact block
[Vision] Area looks barren/protected — migrating far
[Vision] No usable memory of copper_ore — MIGRATION (200-420m) fresh area → (19, 259)
[Vision] copper_ore at (32, 54, 22) exists but unobtainable — blacklisting exact block
[Vision] Area looks barren/protected — migrating far
[Vision] No usable memory of copper_ore — MIGRATION (200-420m) fresh area → (185, -108)
[Vision] copper_ore at (32, 54, 22) exists but unobtainable — blacklisting exact block
[Vision] Area looks barren/protected — migrating far
[Vision] No usable memory of copper_ore — MIGRATION (200-420m) fresh area → (228, -23)
[Vision] copper_ore at (32, 54, 22) exists but unobtainable — blacklisting exact block
[Vision] Area looks barren/protected — migrating far
[Vision] No usable memory of copper_ore — MIGRATION (200-420m) fresh area → (-132, -92)
[Vision] copper_ore at (32, 54, 22) exists but unobtainable — blacklisting exact block
[Vision] Area looks barren/protected — migrating far
[Vision] No usable memory of copper_ore — MIGRATION (200-420m) fresh area → (93, -164)
[Vision] copper_ore at (32, 54, 22) exists but unobtainable — blacklisting exact block
[Vision] Area looks barren/protected — migrating far
[Vision] No usable memory of copper_ore — MIGRATION (200-420m) fresh area → (-8, -177)
[Vision] copper_ore at (32, 54, 22) exists but unobtainable — blacklisting exact block
[Vision] Area looks barren/protected — migrating far
[Vision] No usable memory of copper_ore — MIGRATION (200-420m) fresh area → (191, -96)
[Vision] copper_ore at (32, 54, 22) exists but unobtainable — blacklisting exact block
[Vision] Area looks barren/protected — migrating far
[Vision] No usable memory of copper_ore — MIGRATION (200-420m) fresh area → (127, 222)
[Vision] copper_ore at (32, 54, 22) exists but unobtainable — blacklisting exact block
[Vision] Area looks barren/protected — migrating far
[Vision] No usable memory of copper_ore — MIGRATION (200-420m) fresh area → (130, -154)
[Vision] copper_ore at (32, 54, 22) exists but unobtainable — blacklisting exact block
[Vision] Area looks barren/protected — migrating far
[Vision] No usable memory of copper_ore — MIGRATION (200-420m) fresh area → (-77, 215)
[Vision] copper_ore at (32, 54, 22) exists but unobtainable — blacklisting exact block
[Vision] Area looks barren/protected — migrating far
[Vision] No usable memory of copper_ore — MIGRATION (200-420m) fresh area → (-170, 4)
[Vision] copper_ore at (32, 54, 22) exists but unobtainable — blacklisting exact block
[Vision] Area looks barren/protected — migrating far
[Vision] No usable memory of copper_ore — MIGRATION (200-420m) fresh area → (196, -102)
[Vision] copper_ore at (32, 54, 22) exists but unobtainable — blacklisting exact block
[Vision] Area looks barren/protected — migrating far
[Vision] No usable memory of copper_ore — MIGRATION (200-420m) fresh area → (174, 203)
[Vision] copper_ore at (32, 54, 22) exists but unobtainable — blacklisting exact block
[Vision] Area looks barren/protected — migrating far
[Vision] No usable memory of copper_ore — MIGRATION (200-420m) fresh area → (-183, 111)
[Vision] copper_ore at (32, 54, 22) exists but unobtainable — blacklisting exact block
[Vision] Area looks barren/protected — migrating far
[Vision] No usable memory of copper_ore — MIGRATION (200-420m) fresh area → (-94, 232)
[Vision] copper_ore at (32, 54, 22) exists but unobtainable — blacklisting exact block
[Vision] Area looks barren/protected — migrating far
[Vision] No usable memory of copper_ore — MIGRATION (200-420m) fresh area → (37, 233)
[Vision] copper_ore at (32, 54, 22) exists but unobtainable — blacklisting exact block
[Vision] Area looks barren/protected — migrating far
[Vision] No usable memory of copper_ore — MIGRATION (200-420m) fresh area → (222, 141)
[Vision] copper_ore at (32, 54, 22) exists but unobtainable — blacklisting exact block
[Vision] Area looks barren/protected — migrating far
[Vision] No usable memory of copper_ore — MIGRATION (200-420m) fresh area → (195, -153)
[Vision] copper_ore at (32, 54, 22) exists but unobtainable — blacklisting exact block
[Vision] Area looks barren/protected — migrating far
[Vision] No usable memory of copper_ore — MIGRATION (200-420m) fresh area → (278, -32)
[Vision] copper_ore at (32, 54, 22) exists but unobtainable — blacklisting exact block
[Vision] Area looks barren/protected — migrating far
[Vision] No usable memory of copper_ore — MIGRATION (200-420m) fresh area → (-138, -122)
[Vision] copper_ore at (32, 54, 22) exists but unobtainable — blacklisting exact block
[Vision] Area looks barren/protected — migrating far
[Vision] No usable memory of copper_ore — MIGRATION (200-420m) fresh area → (-143, 224)
[Vision] copper_ore at (32, 54, 22) exists but unobtainable — blacklisting exact block
[Vision] Area looks barren/protected — migrating far
[Vision] No usable memory of copper_ore — MIGRATION (200-420m) fresh area → (139, 209)
[Vision] copper_ore at (32, 54, 22) exists but unobtainable — blacklisting exact block
[Vision] Area looks barren/protected — migrating far
[Vision] No usable memory of copper_ore — MIGRATION (200-420m) fresh area → (110, -171)
[Vision] copper_ore at (32, 54, 22) exists but unobtainable — blacklisting exact block
[Vision] Area looks barren/protected — migrating far
[Vision] No usable memory of copper_ore — MIGRATION (200-420m) fresh area → (-141, -125)
[Vision] copper_ore at (32, 54, 22) exists but unobtainable — blacklisting exact block
[Vision] Area looks barren/protected — migrating far
[Vision] No usable memory of copper_ore — MIGRATION (200-420m) fresh area → (244, 55)
[Vision] copper_ore at (32, 54, 22) exists but unobtainable — blacklisting exact block
[Vision] Area looks barren/protected — migrating far
[Vision] No usable memory of copper_ore — MIGRATION (200-420m) fresh area → (259, 88)
[Vision] copper_ore at (32, 54, 22) exists but unobtainable — blacklisting exact block
[Vision] Area looks barren/protected — migrating far
[Vision] No usable memory of copper_ore — MIGRATION (200-420m) fresh area → (-156, 122)
[Vision] copper_ore at (32, 54, 22) exists but unobtainable — blacklisting exact block
[Vision] Area looks barren/protected — migrating far
[Vision] No usable memory of copper_ore — MIGRATION (200-420m) fresh area → (-183, 16)
[Vision] copper_ore at (32, 54, 22) exists but unobtainable — blacklisting exact block
[Vision] Area looks barren/protected — migrating far
[Vision] No usable memory of copper_ore — MIGRATION (200-420m) fresh area → (-90, 197)
[Vision] copper_ore at (32, 54, 22) exists but unobtainable — blacklisting exact block
[Vision] Area looks barren/protected — migrating far
[Vision] No usable memory of copper_ore — MIGRATION (200-420m) fresh area → (219, 119)
[Vision] copper_ore at (32, 54, 22) exists but unobtainable — blacklisting exact block
[Vision] Area looks barren/protected — migrating far
[Vision] No usable memory of copper_ore — MIGRATION (200-420m) fresh area → (-168, 41)
[Vision] copper_ore at (32, 54, 22) exists but unobtainable — blacklisting exact block
[Vision] Area looks barren/protected — migrating far
[Vision] No usable memory of copper_ore — MIGRATION (200-420m) fresh area → (204, -100)
[Vision] copper_ore at (32, 54, 22) exists but unobtainable — blacklisting exact block
[Vision] Area looks barren/protected — migrating far
[Vision] No usable memory of copper_ore — MIGRATION (200-420m) fresh area → (-188, 124)
[Vision] copper_ore at (32, 54, 22) exists but unobtainable — blacklisting exact block
[Vision] Area looks barren/protected — migrating far
[Vision] No usable memory of copper_ore — MIGRATION (200-420m) fresh area → (98, -174)
[Vision] copper_ore at (32, 54, 22) exists but unobtainable — blacklisting exact block
[Vision] Area looks barren/protected — migrating far
[Vision] No usable memory of copper_ore — MIGRATION (200-420m) fresh area → (-32, -171)
[Vision] copper_ore at (32, 54, 22) exists but unobtainable — blacklisting exact block
[Vision] Area looks barren/protected — migrating far
[Vision] No usable memory of copper_ore — MIGRATION (200-420m) fresh area → (131, -165)
[Vision] copper_ore at (32, 54, 22) exists but unobtainable — blacklisting exact block
[Vision] Area looks barren/protected — migrating far
[Vision] No usable memory of copper_ore — MIGRATION (200-420m) fresh area → (84, 247)
[Vision] copper_ore at (32, 54, 22) exists but unobtainable — blacklisting exact block
[Vision] Area looks barren/protected — migrating far
[Vision] No usable memory of copper_ore — MIGRATION (200-420m) fresh area → (-6, -172)
[Vision] copper_ore at (32, 54, 22) exists but unobtainable — blacklisting exact block
[Vision] Area looks barren/protected — migrating far
[Vision] No usable memory of copper_ore — MIGRATION (200-420m) fresh area → (74, -188)
[Vision] copper_ore at (32, 54, 22) exists but unobtainable — blacklisting exact block
[Vision] Area looks barren/protected — migrating far
[Vision] No usable memory of copper_ore — MIGRATION (200-420m) fresh area → (-79, 216)
[Vision] copper_ore at (32, 54, 22) exists but unobtainable — blacklisting exact block
[Vision] Area looks barren/protected — migrating far
[Vision] No usable memory of copper_ore — MIGRATION (200-420m) fresh area → (-93, 190)
[Vision] copper_ore at (32, 54, 22) exists but unobtainable — blacklisting exact block
[Vision] Area looks barren/protected — migrating far
[Vision] No usable memory of copper_ore — MIGRATION (200-420m) fresh area → (47, 244)
[Vision] copper_ore at (32, 54, 22) exists but unobtainable — blacklisting exact block
[Vision] Area looks barren/protected — migrating far
[Vision] No usable memory of copper_ore — MIGRATION (200-420m) fresh area → (13, 241)
[Vision] copper_ore at (32, 54, 22) exists but unobtainable — blacklisting exact block
[Vision] Area looks barren/protected — migrating far
[Vision] No usable memory of copper_ore — MIGRATION (200-420m) fresh area → (245, 35)
[Vision] copper_ore at (32, 54, 22) exists but unobtainable — blacklisting exact block
[Vision] Area looks barren/protected — migrating far
[Vision] No usable memory of copper_ore — MIGRATION (200-420m) fresh area → (-131, -90)
[Vision] copper_ore at (32, 54, 22) exists but unobtainable — blacklisting exact block
[Vision] Area looks barren/protected — migrating far
[Vision] No usable memory of copper_ore — MIGRATION (200-420m) fresh area → (-83, 200)
[Vision] copper_ore at (32, 54, 22) exists but unobtainable — blacklisting exact block
[Vision] Area looks barren/protected — migrating far
[Vision] No usable memory of copper_ore — MIGRATION (200-420m) fresh area → (174, -132)
[Vision] copper_ore at (32, 54, 22) exists but unobtainable — blacklisting exact block
[Vision] Area looks barren/protected — migrating far
[Vision] No usable memory of copper_ore — MIGRATION (200-420m) fresh area → (245, 14)
[Vision] copper_ore at (32, 54, 22) exists but unobtainable — blacklisting exact block
[Vision] Area looks barren/protected — migrating far
[Vision] No usable memory of copper_ore — MIGRATION (200-420m) fresh area → (-116, 194)
[Vision] copper_ore at (32, 54, 22) exists but unobtainable — blacklisting exact block
[Vision] Area looks barren/protected — migrating far
[Vision] No usable memory of copper_ore — MIGRATION (200-420m) fresh area → (74, -178)
[Vision] copper_ore at (32, 54, 22) exists but unobtainable — blacklisting exact block
[Vision] Area looks barren/protected — migrating far
[Vision] No usable memory of copper_ore — MIGRATION (200-420m) fresh area → (86, -165)
[Vision] copper_ore at (32, 54, 22) exists but unobtainable — blacklisting exact block
[Vision] Area looks barren/protected — migrating far
[Vision] No usable memory of copper_ore — MIGRATION (200-420m) fresh area → (-147, 124)
[Vision] copper_ore at (32, 54, 22) exists but unobtainable — blacklisting exact block
[Vision] Area looks barren/protected — migrating far
[Vision] No usable memory of copper_ore — MIGRATION (200-420m) fresh area → (-8, -172)
[Vision] copper_ore at (32, 54, 22) exists but unobtainable — blacklisting exact block
[Vision] Area looks barren/protected — migrating far
[Vision] No usable memory of copper_ore — MIGRATION (200-420m) fresh area → (251, 23)
[Vision] copper_ore at (32, 54, 22) exists but unobtainable — blacklisting exact block
[Vision] Area looks barren/protected — migrating far
[Vision] No usable memory of copper_ore — MIGRATION (200-420m) fresh area → (247, -69)
[Vision] copper_ore at (32, 54, 22) exists but unobtainable — blacklisting exact block
[Vision] Area looks barren/protected — migrating far
[Vision] No usable memory of copper_ore — MIGRATION (200-420m) fresh area → (-187, 154)
[Vision] copper_ore at (32, 54, 22) exists but unobtainable — blacklisting exact block
[Vision] Area looks barren/protected — migrating far
[Vision] No usable memory of copper_ore — MIGRATION (200-420m) fresh area → (-161, 102)
[Vision] copper_ore at (32, 54, 22) exists but unobtainable — blacklisting exact block
[Vision] Area looks barren/protected — migrating far
[Vision] No usable memory of copper_ore — MIGRATION (200-420m) fresh area → (-56, 229)
[Vision] copper_ore at (32, 54, 22) exists but unobtainable — blacklisting exact block
[Vision] Area looks barren/protected — migrating far
[Vision] No usable memory of copper_ore — MIGRATION (200-420m) fresh area → (177, 210)
[Vision] copper_ore at (32, 54, 22) exists but unobtainable — blacklisting exact block
[Vision] Area looks barren/protected — migrating far
[Vision] No usable memory of copper_ore — MIGRATION (200-420m) fresh area → (-41, -163)
[Vision] copper_ore at (32, 54, 22) exists but unobtainable — blacklisting exact block
[Vision] Area looks barren/protected — migrating far
[Vision] No usable memory of copper_ore — MIGRATION (200-420m) fresh area → (197, 164)
[Vision] copper_ore at (32, 54, 22) exists but unobtainable — blacklisting exact block
[Vision] Area looks barren/protected — migrating far
[Vision] No usable memory of copper_ore — MIGRATION (200-420m) fresh area → (-153, -138)
[Vision] copper_ore at (32, 54, 22) exists but unobtainable — blacklisting exact block
[Vision] Area looks barren/protected — migrating far
[Vision] No usable memory of copper_ore — MIGRATION (200-420m) fresh area → (227, -39)
[Vision] copper_ore at (32, 54, 22) exists but unobtainable — blacklisting exact block
[Vision] Area looks barren/protected — migrating far
[Vision] No usable memory of copper_ore — MIGRATION (200-420m) fresh area → (-142, 131)
[Vision] copper_ore at (32, 54, 22) exists but unobtainable — blacklisting exact block
[Vision] Area looks barren/protected — migrating far
[Vision] No usable memory of copper_ore — MIGRATION (200-420m) fresh area → (206, -128)
[Vision] copper_ore at (32, 54, 22) exists but unobtainable — blacklisting exact block
[Vision] Area looks barren/protected — migrating far
[Vision] No usable memory of copper_ore — MIGRATION (200-420m) fresh area → (-150, 197)
[Vision] copper_ore at (32, 54, 22) exists but unobtainable — blacklisting exact block
[Vision] Area looks barren/protected — migrating far
[Vision] No usable memory of copper_ore — MIGRATION (200-420m) fresh area → (-106, -130)
[Vision] copper_ore at (32, 54, 22) exists but unobtainable — blacklisting exact block
[Vision] Area looks barren/protected — migrating far
[Vision] No usable memory of copper_ore — MIGRATION (200-420m) fresh area → (118, -208)
[Vision] copper_ore at (32, 54, 22) exists but unobtainable — blacklisting exact block
[Vision] Area looks barren/protected — migrating far
[Vision] No usable memory of copper_ore — MIGRATION (200-420m) fresh area → (32, 261)
[Vision] copper_ore at (32, 54, 22) exists but unobtainable — blacklisting exact block
[Vision] Area looks barren/protected — migrating far
[Vision] No usable memory of copper_ore — MIGRATION (200-420m) fresh area → (103, -167)
[Vision] copper_ore at (32, 54, 22) exists but unobtainable — blacklisting exact block
[Vision] Area looks barren/protected — migrating far
[Vision] No usable memory of copper_ore — MIGRATION (200-420m) fresh area → (203, 175)
[Vision] copper_ore at (32, 54, 22) exists but unobtainable — blacklisting exact block
[Vision] Area looks barren/protected — migrating far
[Vision] No usable memory of copper_ore — MIGRATION (200-420m) fresh area → (12, -171)
[Vision] copper_ore at (32, 54, 22) exists but unobtainable — blacklisting exact block
[Vision] Area looks barren/protected — migrating far
[Vision] No usable memory of copper_ore — MIGRATION (200-420m) fresh area → (58, -184)
[Vision] copper_ore at (32, 54, 22) exists but unobtainable — blacklisting exact block
[Vision] Area looks barren/protected — migrating far
[Vision] No usable memory of copper_ore — MIGRATION (200-420m) fresh area → (252, 82)
[Vision] copper_ore at (32, 54, 22) exists but unobtainable — blacklisting exact block
[Vision] Area looks barren/protected — migrating far
[Vision] No usable memory of copper_ore — MIGRATION (200-420m) fresh area → (109, 228)
[Vision] copper_ore at (32, 54, 22) exists but unobtainable — blacklisting exact block
[Vision] Area looks barren/protected — migrating far
[Vision] No usable memory of copper_ore — MIGRATION (200-420m) fresh area → (220, -48)
[Vision] copper_ore at (32, 54, 22) exists but unobtainable — blacklisting exact block
[Vision] Area looks barren/protected — migrating far
[Vision] No usable memory of copper_ore — MIGRATION (200-420m) fresh area → (-175, 19)
[Vision] copper_ore at (32, 54, 22) exists but unobtainable — blacklisting exact block
[Vision] Area looks barren/protected — migrating far
[Vision] No usable memory of copper_ore — MIGRATION (200-420m) fresh area → (-116, -108)
[Vision] copper_ore at (32, 54, 22) exists but unobtainable — blacklisting exact block
[Vision] Area looks barren/protected — migrating far
[Vision] No usable memory of copper_ore — MIGRATION (200-420m) fresh area → (-136, -81)
[Vision] copper_ore at (32, 54, 22) exists but unobtainable — blacklisting exact block
[Vision] Area looks barren/protected — migrating far
[Vision] No usable memory of copper_ore — MIGRATION (200-420m) fresh area → (-63, -179)
[Vision] copper_ore at (32, 54, 22) exists but unobtainable — blacklisting exact block
[Vision] Area looks barren/protected — migrating far
[Vision] No usable memory of copper_ore — MIGRATION (200-420m) fresh area → (182, 178)
[Vision] copper_ore at (32, 54, 22) exists but unobtainable — blacklisting exact block
[Vision] Area looks barren/protected — migrating far
[Vision] No usable memory of copper_ore — MIGRATION (200-420m) fresh area → (-189, 43)
[Vision] copper_ore at (32, 54, 22) exists but unobtainable — blacklisting exact block
[Vision] Area looks barren/protected — migrating far
[Vision] No usable memory of copper_ore — MIGRATION (200-420m) fresh area → (253, 14)
[Vision] copper_ore at (32, 54, 22) exists but unobtainable — blacklisting exact block
[Vision] Area looks barren/protected — migrating far
[Vision] No usable memory of copper_ore — MIGRATION (200-420m) fresh area → (-137, 160)
[Vision] copper_ore at (32, 54, 22) exists but unobtainable — blacklisting exact block
[Vision] Area looks barren/protected — migrating far
[Vision] No usable memory of copper_ore — MIGRATION (200-420m) fresh area → (-179, -79)
[Vision] copper_ore at (32, 54, 22) exists but unobtainable — blacklisting exact block
[Vision] Area looks barren/protected — migrating far
[Vision] No usable memory of copper_ore — MIGRATION (200-420m) fresh area → (84, -167)
[Vision] copper_ore at (32, 54, 22) exists but unobtainable — blacklisting exact block
[Vision] Area looks barren/protected — migrating far
[Vision] No usable memory of copper_ore — MIGRATION (200-420m) fresh area → (-56, -174)
[Vision] copper_ore at (32, 54, 22) exists but unobtainable — blacklisting exact block
[Vision] Area looks barren/protected — migrating far
[Vision] No usable memory of copper_ore — MIGRATION (200-420m) fresh area → (-92, 205)
[Vision] copper_ore at (32, 54, 22) exists but unobtainable — blacklisting exact block
[Vision] Area looks barren/protected — migrating far
[Vision] No usable memory of copper_ore — MIGRATION (200-420m) fresh area → (-158, -62)
[Vision] copper_ore at (32, 54, 22) exists but unobtainable — blacklisting exact block
[Vision] Area looks barren/protected — migrating far
[Vision] No usable memory of copper_ore — MIGRATION (200-420m) fresh area → (-184, 52)
[Vision] copper_ore at (32, 54, 22) exists but unobtainable — blacklisting exact block
[Vision] Area looks barren/protected — migrating far
[Vision] No usable memory of copper_ore — MIGRATION (200-420m) fresh area → (237, 15)
[Vision] copper_ore at (32, 54, 22) exists but unobtainable — blacklisting exact block
[Vision] Area looks barren/protected — migrating far
[Vision] No usable memory of copper_ore — MIGRATION (200-420m) fresh area → (39, -189)
[Vision] copper_ore at (32, 54, 22) exists but unobtainable — blacklisting exact block
[Vision] Area looks barren/protected — migrating far
[Vision] No usable memory of copper_ore — MIGRATION (200-420m) fresh area → (-169, 8)
[Vision] copper_ore at (32, 54, 22) exists but unobtainable — blacklisting exact block
[Vision] Area looks barren/protected — migrating far
[Vision] No usable memory of copper_ore — MIGRATION (200-420m) fresh area → (167, 200)
[Vision] copper_ore at (32, 54, 22) exists but unobtainable — blacklisting exact block
[Vision] Area looks barren/protected — migrating far
[Vision] No usable memory of copper_ore — MIGRATION (200-420m) fresh area → (228, 92)
[Vision] copper_ore at (32, 54, 22) exists but unobtainable — blacklisting exact block
[Vision] Area looks barren/protected — migrating far
[Vision] No usable memory of copper_ore — MIGRATION (200-420m) fresh area → (227, 96)
[Vision] copper_ore at (32, 54, 22) exists but unobtainable — blacklisting exact block
[Vision] Area looks barren/protected — migrating far
[Vision] No usable memory of copper_ore — MIGRATION (200-420m) fresh area → (225, 118)
[Vision] copper_ore at (32, 54, 22) exists but unobtainable — blacklisting exact block
[Vision] Area looks barren/protected — migrating far
[Vision] No usable memory of copper_ore — MIGRATION (200-420m) fresh area → (-112, -115)
[Vision] copper_ore at (32, 54, 22) exists but unobtainable — blacklisting exact block
[Vision] Area looks barren/protected — migrating far
[Vision] No usable memory of copper_ore — MIGRATION (200-420m) fresh area → (23, 244)
[Vision] copper_ore at (32, 54, 22) exists but unobtainable — blacklisting exact block
[Vision] Area looks barren/protected — migrating far
[Vision] No usable memory of copper_ore — MIGRATION (200-420m) fresh area → (57, 228)
[Vision] copper_ore at (32, 54, 22) exists but unobtainable — blacklisting exact block
[Vision] Area looks barren/protected — migrating far
[Vision] No usable memory of copper_ore — MIGRATION (200-420m) fresh area → (-50, 215)
[Vision] copper_ore at (32, 54, 22) exists but unobtainable — blacklisting exact block
[Vision] Area looks barren/protected — migrating far
[Vision] No usable memory of copper_ore — MIGRATION (200-420m) fresh area → (-112, 168)
[Vision] copper_ore at (32, 54, 22) exists but unobtainable — blacklisting exact block
[Vision] Area looks barren/protected — migrating far
[Vision] No usable memory of copper_ore — MIGRATION (200-420m) fresh area → (36, -178)
[Vision] copper_ore at (32, 54, 22) exists but unobtainable — blacklisting exact block
[Vision] Area looks barren/protected — migrating far
[Vision] No usable memory of copper_ore — MIGRATION (200-420m) fresh area → (-57, -194)
[Vision] copper_ore at (32, 54, 22) exists but unobtainable — blacklisting exact block
[Vision] Area looks barren/protected — migrating far
[Vision] No usable memory of copper_ore — MIGRATION (200-420m) fresh area → (-62, 211)
[Vision] copper_ore at (32, 54, 22) exists but unobtainable — blacklisting exact block
[Vision] Area looks barren/protected — migrating far
[Vision] No usable memory of copper_ore — MIGRATION (200-420m) fresh area → (-39, 240)
[Vision] copper_ore at (32, 54, 22) exists but unobtainable — blacklisting exact block
[Vision] Area looks barren/protected — migrating far
[Vision] No usable memory of copper_ore — MIGRATION (200-420m) fresh area → (240, 99)
[Vision] copper_ore at (32, 54, 22) exists but unobtainable — blacklisting exact block
[Vision] Area looks barren/protected — migrating far
[Vision] No usable memory of copper_ore — MIGRATION (200-420m) fresh area → (-24, -168)
[Vision] copper_ore at (32, 54, 22) exists but unobtainable — blacklisting exact block
[Vision] Area looks barren/protected — migrating far
[Vision] No usable memory of copper_ore — MIGRATION (200-420m) fresh area → (-99, 208)
[Vision] copper_ore at (32, 54, 22) exists but unobtainable — blacklisting exact block
[Vision] Area looks barren/protected — migrating far
[Vision] No usable memory of copper_ore — MIGRATION (200-420m) fresh area → (-125, 161)
[Vision] copper_ore at (32, 54, 22) exists but unobtainable — blacklisting exact block
[Vision] Area looks barren/protected — migrating far
[Vision] No usable memory of copper_ore — MIGRATION (200-420m) fresh area → (242, 18)
[Vision] copper_ore at (32, 54, 22) exists but unobtainable — blacklisting exact block
[Vision] Area looks barren/protected — migrating far
[Vision] No usable memory of copper_ore — MIGRATION (200-420m) fresh area → (223, -106)
[Vision] copper_ore at (32, 54, 22) exists but unobtainable — blacklisting exact block
[Vision] Area looks barren/protected — migrating far
[Vision] No usable memory of copper_ore — MIGRATION (200-420m) fresh area → (57, 234)
[Vision] copper_ore at (32, 54, 22) exists but unobtainable — blacklisting exact block
[Vision] Area looks barren/protected — migrating far
[Vision] No usable memory of copper_ore — MIGRATION (200-420m) fresh area → (182, -108)
[Vision] copper_ore at (32, 54, 22) exists but unobtainable — blacklisting exact block
[Vision] Area looks barren/protected — migrating far
[Vision] No usable memory of copper_ore — MIGRATION (200-420m) fresh area → (231, -27)
[Vision] copper_ore at (32, 54, 22) exists but unobtainable — blacklisting exact block
[Vision] Area looks barren/protected — migrating far
[Vision] No usable memory of copper_ore — MIGRATION (200-420m) fresh area → (-171, 39)
[Vision] copper_ore at (32, 54, 22) exists but unobtainable — blacklisting exact block
[Vision] Area looks barren/protected — migrating far
[Vision] No usable memory of copper_ore — MIGRATION (200-420m) fresh area → (-164, 184)
[Vision] copper_ore at (32, 54, 22) exists but unobtainable — blacklisting exact block
[Vision] Area looks barren/protected — migrating far
[Vision] No usable memory of copper_ore — MIGRATION (200-420m) fresh area → (-146, -75)
[Vision] copper_ore at (32, 54, 22) exists but unobtainable — blacklisting exact block
[Vision] Area looks barren/protected — migrating far
[Vision] No usable memory of copper_ore — MIGRATION (200-420m) fresh area → (161, 219)
[Vision] copper_ore at (32, 54, 22) exists but unobtainable — blacklisting exact block
[Vision] Area looks barren/protected — migrating far
[Vision] No usable memory of copper_ore — MIGRATION (200-420m) fresh area → (45, -182)
[Vision] copper_ore at (32, 54, 22) exists but unobtainable — blacklisting exact block
[Vision] Area looks barren/protected — migrating far
[Vision] No usable memory of copper_ore — MIGRATION (200-420m) fresh area → (-131, 184)
[Vision] copper_ore at (32, 54, 22) exists but unobtainable — blacklisting exact block
[Vision] Area looks barren/protected — migrating far
[Vision] No usable memory of copper_ore — MIGRATION (200-420m) fresh area → (244, -65)
[Vision] copper_ore at (32, 54, 22) exists but unobtainable — blacklisting exact block
[Vision] Area looks barren/protected — migrating far
[Vision] No usable memory of copper_ore — MIGRATION (200-420m) fresh area → (5, 246)
[Vision] copper_ore at (32, 54, 22) exists but unobtainable — blacklisting exact block
[Vision] Area looks barren/protected — migrating far
[Vision] No usable memory of copper_ore — MIGRATION (200-420m) fresh area → (258, 56)
[Vision] copper_ore at (32, 54, 22) exists but unobtainable — blacklisting exact block
[Vision] Area looks barren/protected — migrating far
[Vision] No usable memory of copper_ore — MIGRATION (200-420m) fresh area → (-95, -138)
[Vision] copper_ore at (32, 54, 22) exists but unobtainable — blacklisting exact block
[Vision] Area looks barren/protected — migrating far
[Vision] No usable memory of copper_ore — MIGRATION (200-420m) fresh area → (-26, 225)
[Vision] copper_ore at (32, 54, 22) exists but unobtainable — blacklisting exact block
[Vision] Area looks barren/protected — migrating far
[Vision] No usable memory of copper_ore — MIGRATION (200-420m) fresh area → (-71, -169)
[Vision] copper_ore at (32, 54, 22) exists but unobtainable — blacklisting exact block
[Vision] Area looks barren/protected — migrating far
[Vision] No usable memory of copper_ore — MIGRATION (200-420m) fresh area → (233, 18)
[Vision] copper_ore at (32, 54, 22) exists but unobtainable — blacklisting exact block
[Vision] Area looks barren/protected — migrating far
[Vision] No usable memory of copper_ore — MIGRATION (200-420m) fresh area → (-45, -169)
[Vision] copper_ore at (32, 54, 22) exists but unobtainable — blacklisting exact block
[Vision] Area looks barren/protected — migrating far
[Vision] No usable memory of copper_ore — MIGRATION (200-420m) fresh area → (-107, 193)
[Vision] copper_ore at (32, 54, 22) exists but unobtainable — blacklisting exact block
[Vision] Area looks barren/protected — migrating far
[Vision] No usable memory of copper_ore — MIGRATION (200-420m) fresh area → (210, -81)
[Vision] copper_ore at (32, 54, 22) exists but unobtainable — blacklisting exact block
[Vision] Area looks barren/protected — migrating far
[Vision] No usable memory of copper_ore — MIGRATION (200-420m) fresh area → (-160, -28)
[Vision] copper_ore at (32, 54, 22) exists but unobtainable — blacklisting exact block
[Vision] Area looks barren/protected — migrating far
[Vision] No usable memory of copper_ore — MIGRATION (200-420m) fresh area → (-169, 80)
[Vision] copper_ore at (32, 54, 22) exists but unobtainable — blacklisting exact block
[Vision] Area looks barren/protected — migrating far
[Vision] No usable memory of copper_ore — MIGRATION (200-420m) fresh area → (-186, -60)
[Vision] copper_ore at (32, 54, 22) exists but unobtainable — blacklisting exact block
[Vision] Area looks barren/protected — migrating far
[Vision] No usable memory of copper_ore — MIGRATION (200-420m) fresh area → (-169, 118)
[Vision] copper_ore at (32, 54, 22) exists but unobtainable — blacklisting exact block
[Vision] Area looks barren/protected — migrating far
[Vision] No usable memory of copper_ore — MIGRATION (200-420m) fresh area → (240, 6)
[Vision] copper_ore at (32, 54, 22) exists but unobtainable — blacklisting exact block
[Vision] Area looks barren/protected — migrating far
[Vision] No usable memory of copper_ore — MIGRATION (200-420m) fresh area → (231, -30)
[Vision] copper_ore at (32, 54, 22) exists but unobtainable — blacklisting exact block
[Vision] Area looks barren/protected — migrating far
[Vision] No usable memory of copper_ore — MIGRATION (200-420m) fresh area → (95, -173)
[Vision] copper_ore at (32, 54, 22) exists but unobtainable — blacklisting exact block
[Vision] Area looks barren/protected — migrating far
[Vision] No usable memory of copper_ore — MIGRATION (200-420m) fresh area → (21, -185)
[Vision] copper_ore at (32, 54, 22) exists but unobtainable — blacklisting exact block
[Vision] Area looks barren/protected — migrating far
[Vision] No usable memory of copper_ore — MIGRATION (200-420m) fresh area → (-178, -18)
[Vision] copper_ore at (32, 54, 22) exists but unobtainable — blacklisting exact block
[Vision] Area looks barren/protected — migrating far
[Vision] No usable memory of copper_ore — MIGRATION (200-420m) fresh area → (234, -28)
[Vision] copper_ore at (32, 54, 22) exists but unobtainable — blacklisting exact block
[Vision] Area looks barren/protected — migrating far
[Vision] No usable memory of copper_ore — MIGRATION (200-420m) fresh area → (-158, 119)
[Vision] copper_ore at (32, 54, 22) exists but unobtainable — blacklisting exact block
[Vision] Area looks barren/protected — migrating far
[Vision] No usable memory of copper_ore — MIGRATION (200-420m) fresh area → (218, -76)
[Vision] copper_ore at (32, 54, 22) exists but unobtainable — blacklisting exact block
[Vision] Area looks barren/protected — migrating far
[Vision] No usable memory of copper_ore — MIGRATION (200-420m) fresh area → (219, -63)
[Vision] copper_ore at (32, 54, 22) exists but unobtainable — blacklisting exact block
[Vision] Area looks barren/protected — migrating far
[Vision] No usable memory of copper_ore — MIGRATION (200-420m) fresh area → (-155, -63)
[Vision] copper_ore at (32, 54, 22) exists but unobtainable — blacklisting exact block
[Vision] Area looks barren/protected — migrating far
[Vision] No usable memory of copper_ore — MIGRATION (200-420m) fresh area → (-74, 200)
[Vision] copper_ore at (32, 54, 22) exists but unobtainable — blacklisting exact block
[Vision] Area looks barren/protected — migrating far
[Vision] No usable memory of copper_ore — MIGRATION (200-420m) fresh area → (249, 43)
[Vision] copper_ore at (32, 54, 22) exists but unobtainable — blacklisting exact block
[Vision] Area looks barren/protected — migrating far
[Vision] No usable memory of copper_ore — MIGRATION (200-420m) fresh area → (-117, -115)
[Vision] copper_ore at (32, 54, 22) exists but unobtainable — blacklisting exact block
[Vision] Area looks barren/protected — migrating far
[Vision] No usable memory of copper_ore — MIGRATION (200-420m) fresh area → (234, 189)
[Vision] copper_ore at (32, 54, 22) exists but unobtainable — blacklisting exact block
[Vision] Area looks barren/protected — migrating far
[Vision] No usable memory of copper_ore — MIGRATION (200-420m) fresh area → (236, 81)
[Vision] copper_ore at (32, 54, 22) exists but unobtainable — blacklisting exact block
[Vision] Area looks barren/protected — migrating far
[Vision] No usable memory of copper_ore — MIGRATION (200-420m) fresh area → (173, 205)
[Vision] copper_ore at (32, 54, 22) exists but unobtainable — blacklisting exact block
[Vision] Area looks barren/protected — migrating far
[Vision] No usable memory of copper_ore — MIGRATION (200-420m) fresh area → (-116, -224)
[Vision] copper_ore at (32, 54, 22) exists but unobtainable — blacklisting exact block
[Vision] Area looks barren/protected — migrating far
[Vision] No usable memory of copper_ore — MIGRATION (200-420m) fresh area → (-203, -57)
[Vision] copper_ore at (32, 54, 22) exists but unobtainable — blacklisting exact block
[Vision] Area looks barren/protected — migrating far
[Vision] No usable memory of copper_ore — MIGRATION (200-420m) fresh area → (232, 37)
[Vision] copper_ore at (32, 54, 22) exists but unobtainable — blacklisting exact block
[Vision] Area looks barren/protected — migrating far
[Vision] No usable memory of copper_ore — MIGRATION (200-420m) fresh area → (262, 19)
[Vision] copper_ore at (32, 54, 22) exists but unobtainable — blacklisting exact block
[Vision] Area looks barren/protected — migrating far
[Vision] No usable memory of copper_ore — MIGRATION (200-420m) fresh area → (-116, 212)
[Vision] copper_ore at (32, 54, 22) exists but unobtainable — blacklisting exact block
[Vision] Area looks barren/protected — migrating far
[Vision] No usable memory of copper_ore — MIGRATION (200-420m) fresh area → (-142, 133)
[Vision] copper_ore at (32, 54, 22) exists but unobtainable — blacklisting exact block
[Vision] Area looks barren/protected — migrating far
[Vision] No usable memory of copper_ore — MIGRATION (200-420m) fresh area → (111, 217)
[Vision] copper_ore at (32, 54, 22) exists but unobtainable — blacklisting exact block
[Vision] Area looks barren/protected — migrating far
[Vision] No usable memory of copper_ore — MIGRATION (200-420m) fresh area → (153, 214)
[Vision] copper_ore at (32, 54, 22) exists but unobtainable — blacklisting exact block
[Vision] Area looks barren/protected — migrating far
[Vision] No usable memory of copper_ore — MIGRATION (200-420m) fresh area → (102, -191)
[Vision] copper_ore at (32, 54, 22) exists but unobtainable — blacklisting exact block
[Vision] Area looks barren/protected — migrating far
[Vision] No usable memory of copper_ore — MIGRATION (200-420m) fresh area → (-90, -142)
[Vision] copper_ore at (32, 54, 22) exists but unobtainable — blacklisting exact block
[Vision] Area looks barren/protected — migrating far
[Vision] No usable memory of copper_ore — MIGRATION (200-420m) fresh area → (221, -63)
[Vision] copper_ore at (32, 54, 22) exists but unobtainable — blacklisting exact block
[Vision] Area looks barren/protected — migrating far
[Vision] No usable memory of copper_ore — MIGRATION (200-420m) fresh area → (-154, -48)
[Vision] copper_ore at (32, 54, 22) exists but unobtainable — blacklisting exact block
[Vision] Area looks barren/protected — migrating far
[Vision] No usable memory of copper_ore — MIGRATION (200-420m) fresh area → (-117, -112)
[Vision] copper_ore at (32, 54, 22) exists but unobtainable — blacklisting exact block
[Vision] Area looks barren/protected — migrating far
[Vision] No usable memory of copper_ore — MIGRATION (200-420m) fresh area → (167, 195)
[Vision] copper_ore at (32, 54, 22) exists but unobtainable — blacklisting exact block
[Vision] Area looks barren/protected — migrating far
[Vision] No usable memory of copper_ore — MIGRATION (200-420m) fresh area → (4, -172)
[Vision] copper_ore at (32, 54, 22) exists but unobtainable — blacklisting exact block
[Vision] Area looks barren/protected — migrating far
[Vision] No usable memory of copper_ore — MIGRATION (200-420m) fresh area → (241, -1)
[Vision] copper_ore at (32, 54, 22) exists but unobtainable — blacklisting exact block
[Vision] Area looks barren/protected — migrating far
[Vision] No usable memory of copper_ore — MIGRATION (200-420m) fresh area → (217, 145)
[Vision] copper_ore at (32, 54, 22) exists but unobtainable — blacklisting exact block
[Vision] Area looks barren/protected — migrating far
[Vision] No usable memory of copper_ore — MIGRATION (200-420m) fresh area → (-170, 37)
[Vision] copper_ore at (32, 54, 22) exists but unobtainable — blacklisting exact block
[Vision] Area looks barren/protected — migrating far
[Vision] No usable memory of copper_ore — MIGRATION (200-420m) fresh area → (-78, 238)
[Vision] copper_ore at (32, 54, 22) exists but unobtainable — blacklisting exact block
[Vision] Area looks barren/protected — migrating far
[Vision] No usable memory of copper_ore — MIGRATION (200-420m) fresh area → (-169, 2)
[Vision] copper_ore at (32, 54, 22) exists but unobtainable — blacklisting exact block
[Vision] Area looks barren/protected — migrating far
[Vision] No usable memory of copper_ore — MIGRATION (200-420m) fresh area → (191, -113)
[Vision] copper_ore at (32, 54, 22) exists but unobtainable — blacklisting exact block
[Vision] Area looks barren/protected — migrating far
[Vision] No usable memory of copper_ore — MIGRATION (200-420m) fresh area → (-93, -130)
[Vision] copper_ore at (32, 54, 22) exists but unobtainable — blacklisting exact block
[Vision] Area looks barren/protected — migrating far
[Vision] No usable memory of copper_ore — MIGRATION (200-420m) fresh area → (-180, 88)
[Vision] copper_ore at (32, 54, 22) exists but unobtainable — blacklisting exact block
[Vision] Area looks barren/protected — migrating far
[Vision] No usable memory of copper_ore — MIGRATION (200-420m) fresh area → (-92, 199)
[Vision] copper_ore at (32, 54, 22) exists but unobtainable — blacklisting exact block
[Vision] Area looks barren/protected — migrating far
[Vision] No usable memory of copper_ore — MIGRATION (200-420m) fresh area → (-160, 90)
[Vision] copper_ore at (32, 54, 22) exists but unobtainable — blacklisting exact block
[Vision] Area looks barren/protected — migrating far
[Vision] No usable memory of copper_ore — MIGRATION (200-420m) fresh area → (132, -158)
[Vision] copper_ore at (32, 54, 22) exists but unobtainable — blacklisting exact block
[Vision] Area looks barren/protected — migrating far
[Vision] No usable memory of copper_ore — MIGRATION (200-420m) fresh area → (-150, 152)
[Vision] copper_ore at (32, 54, 22) exists but unobtainable — blacklisting exact block
[Vision] Area looks barren/protected — migrating far
[Vision] No usable memory of copper_ore — MIGRATION (200-420m) fresh area → (149, 230)
[Vision] copper_ore at (32, 54, 22) exists but unobtainable — blacklisting exact block
[Vision] Area looks barren/protected — migrating far
[Vision] No usable memory of copper_ore — MIGRATION (200-420m) fresh area → (145, -142)
[Vision] copper_ore at (32, 54, 22) exists but unobtainable — blacklisting exact block
[Vision] Area looks barren/protected — migrating far
[Vision] No usable memory of copper_ore — MIGRATION (200-420m) fresh area → (-181, 27)
[Vision] copper_ore at (32, 54, 22) exists but unobtainable — blacklisting exact block
[Vision] Area looks barren/protected — migrating far
[Vision] No usable memory of copper_ore — MIGRATION (200-420m) fresh area → (-75, -146)
[Vision] copper_ore at (32, 54, 22) exists but unobtainable — blacklisting exact block
[Vision] Area looks barren/protected — migrating far
[Vision] No usable memory of copper_ore — MIGRATION (200-420m) fresh area → (-75, 198)
[Vision] copper_ore at (32, 54, 22) exists but unobtainable — blacklisting exact block
[Vision] Area looks barren/protected — migrating far
[Vision] No usable memory of copper_ore — MIGRATION (200-420m) fresh area → (-181, 46)
[Vision] copper_ore at (32, 54, 22) exists but unobtainable — blacklisting exact block
[Vision] Area looks barren/protected — migrating far
[Vision] No usable memory of copper_ore — MIGRATION (200-420m) fresh area → (194, -139)
[Vision] copper_ore at (32, 54, 22) exists but unobtainable — blacklisting exact block
[Vision] Area looks barren/protected — migrating far
[Vision] No usable memory of copper_ore — MIGRATION (200-420m) fresh area → (66, 280)
[Vision] copper_ore at (32, 54, 22) exists but unobtainable — blacklisting exact block
[Vision] Area looks barren/protected — migrating far
[Vision] No usable memory of copper_ore — MIGRATION (200-420m) fresh area → (-50, 237)
[Vision] copper_ore at (32, 54, 22) exists but unobtainable — blacklisting exact block
[Vision] Area looks barren/protected — migrating far
[Vision] No usable memory of copper_ore — MIGRATION (200-420m) fresh area → (240, -49)
[Vision] copper_ore at (32, 54, 22) exists but unobtainable — blacklisting exact block
[Vision] Area looks barren/protected — migrating far
[Vision] No usable memory of copper_ore — MIGRATION (200-420m) fresh area → (194, -94)
[Vision] copper_ore at (32, 54, 22) exists but unobtainable — blacklisting exact block
[Vision] Area looks barren/protected — migrating far
[Vision] No usable memory of copper_ore — MIGRATION (200-420m) fresh area → (222, -87)
[Vision] copper_ore at (32, 54, 22) exists but unobtainable — blacklisting exact block
[Vision] Area looks barren/protected — migrating far
[Vision] No usable memory of copper_ore — MIGRATION (200-420m) fresh area → (31, -180)
[Vision] copper_ore at (32, 54, 22) exists but unobtainable — blacklisting exact block
[Vision] Area looks barren/protected — migrating far
[Vision] No usable memory of copper_ore — MIGRATION (200-420m) fresh area → (-152, -71)
[Vision] copper_ore at (32, 54, 22) exists but unobtainable — blacklisting exact block
[Vision] Area looks barren/protected — migrating far
[Vision] No usable memory of copper_ore — MIGRATION (200-420m) fresh area → (120, -156)
[Vision] copper_ore at (32, 54, 22) exists but unobtainable — blacklisting exact block
[Vision] Area looks barren/protected — migrating far
[Vision] No usable memory of copper_ore — MIGRATION (200-420m) fresh area → (81, -171)
[Vision] copper_ore at (32, 54, 22) exists but unobtainable — blacklisting exact block
[Vision] Area looks barren/protected — migrating far
[Vision] No usable memory of copper_ore — MIGRATION (200-420m) fresh area → (237, 150)
[Vision] copper_ore at (32, 54, 22) exists but unobtainable — blacklisting exact block
[Vision] Area looks barren/protected — migrating far
[Vision] No usable memory of copper_ore — MIGRATION (200-420m) fresh area → (32, 244)
[Vision] copper_ore at (32, 54, 22) exists but unobtainable — blacklisting exact block
[Vision] Area looks barren/protected — migrating far
[Vision] No usable memory of copper_ore — MIGRATION (200-420m) fresh area → (-122, -109)
[Vision] copper_ore at (32, 54, 22) exists but unobtainable — blacklisting exact block
[Vision] Area looks barren/protected — migrating far
[Vision] No usable memory of copper_ore — MIGRATION (200-420m) fresh area → (-117, 161)
[Vision] copper_ore at (32, 54, 22) exists but unobtainable — blacklisting exact block
[Vision] Area looks barren/protected — migrating far
[Vision] No usable memory of copper_ore — MIGRATION (200-420m) fresh area → (208, -114)
[Vision] copper_ore at (32, 54, 22) exists but unobtainable — blacklisting exact block
[Vision] Area looks barren/protected — migrating far
[Vision] No usable memory of copper_ore — MIGRATION (200-420m) fresh area → (95, -162)
[Vision] copper_ore at (32, 54, 22) exists but unobtainable — blacklisting exact block
[Vision] Area looks barren/protected — migrating far
[Vision] No usable memory of copper_ore — MIGRATION (200-420m) fresh area → (237, 0)
[Vision] copper_ore at (32, 54, 22) exists but unobtainable — blacklisting exact block
[Vision] Area looks barren/protected — migrating far
[Vision] No usable memory of copper_ore — MIGRATION (200-420m) fresh area → (-65, 217)
[Vision] copper_ore at (32, 54, 22) exists but unobtainable — blacklisting exact block
[Vision] Area looks barren/protected — migrating far
[Vision] No usable memory of copper_ore — MIGRATION (200-420m) fresh area → (163, -152)
[Vision] copper_ore at (32, 54, 22) exists but unobtainable — blacklisting exact block
[Vision] Area looks barren/protected — migrating far
[Vision] No usable memory of copper_ore — MIGRATION (200-420m) fresh area → (215, 140)
[Vision] copper_ore at (32, 54, 22) exists but unobtainable — blacklisting exact block
[Vision] Area looks barren/protected — migrating far
[Vision] No usable memory of copper_ore — MIGRATION (200-420m) fresh area → (11, 233)
[Vision] copper_ore at (32, 54, 22) exists but unobtainable — blacklisting exact block
[Vision] Area looks barren/protected — migrating far
[Vision] No usable memory of copper_ore — MIGRATION (200-420m) fresh area → (-167, 82)
[Vision] copper_ore at (32, 54, 22) exists but unobtainable — blacklisting exact block
[Vision] Area looks barren/protected — migrating far
[Vision] No usable memory of copper_ore — MIGRATION (200-420m) fresh area → (-174, -33)
[Vision] copper_ore at (32, 54, 22) exists but unobtainable — blacklisting exact block
[Vision] Area looks barren/protected — migrating far
[Vision] No usable memory of copper_ore — MIGRATION (200-420m) fresh area → (217, 152)
[Vision] copper_ore at (32, 54, 22) exists but unobtainable — blacklisting exact block
[Vision] Area looks barren/protected — migrating far
[Vision] No usable memory of copper_ore — MIGRATION (200-420m) fresh area → (241, 121)
[Vision] copper_ore at (32, 54, 22) exists but unobtainable — blacklisting exact block
[Vision] Area looks barren/protected — migrating far
[Vision] No usable memory of copper_ore — MIGRATION (200-420m) fresh area → (-100, 180)
[Vision] copper_ore at (32, 54, 22) exists but unobtainable — blacklisting exact block
[Vision] Area looks barren/protected — migrating far
[Vision] No usable memory of copper_ore — MIGRATION (200-420m) fresh area → (-75, 198)
[Vision] copper_ore at (32, 54, 22) exists but unobtainable — blacklisting exact block
[Vision] Area looks barren/protected — migrating far
[Vision] No usable memory of copper_ore — MIGRATION (200-420m) fresh area → (72, 245)
[Vision] copper_ore at (32, 54, 22) exists but unobtainable — blacklisting exact block
[Vision] Area looks barren/protected — migrating far
[Vision] No usable memory of copper_ore — MIGRATION (200-420m) fresh area → (-169, 61)
[Vision] copper_ore at (32, 54, 22) exists but unobtainable — blacklisting exact block
[Vision] Area looks barren/protected — migrating far
[Vision] No usable memory of copper_ore — MIGRATION (200-420m) fresh area → (243, 29)
[Vision] copper_ore at (32, 54, 22) exists but unobtainable — blacklisting exact block
[Vision] Area looks barren/protected — migrating far
[Vision] No usable memory of copper_ore — MIGRATION (200-420m) fresh area → (221, -53)
[Vision] copper_ore at (32, 54, 22) exists but unobtainable — blacklisting exact block
[Vision] Area looks barren/protected — migrating far
[Vision] No usable memory of copper_ore — MIGRATION (200-420m) fresh area → (266, -64)
[Vision] copper_ore at (32, 54, 22) exists but unobtainable — blacklisting exact block
[Vision] Area looks barren/protected — migrating far
[Vision] No usable memory of copper_ore — MIGRATION (200-420m) fresh area → (-41, -175)
[Vision] copper_ore at (32, 54, 22) exists but unobtainable — blacklisting exact block
[Vision] Area looks barren/protected — migrating far
[Vision] No usable memory of copper_ore — MIGRATION (200-420m) fresh area → (-54, -161)
[Vision] copper_ore at (32, 54, 22) exists but unobtainable — blacklisting exact block
[Vision] Area looks barren/protected — migrating far
[Vision] No usable memory of copper_ore — MIGRATION (200-420m) fresh area → (-98, 203)
[Vision] copper_ore at (32, 54, 22) exists but unobtainable — blacklisting exact block
[Vision] Area looks barren/protected — migrating far
[Vision] No usable memory of copper_ore — MIGRATION (200-420m) fresh area → (-105, 247)
[Vision] copper_ore at (32, 54, 22) exists but unobtainable — blacklisting exact block
[Vision] Area looks barren/protected — migrating far
[Vision] No usable memory of copper_ore — MIGRATION (200-420m) fresh area → (230, 116)
[Vision] copper_ore at (32, 54, 22) exists but unobtainable — blacklisting exact block
[Vision] Area looks barren/protected — migrating far
[Vision] No usable memory of copper_ore — MIGRATION (200-420m) fresh area → (49, 234)
[Vision] copper_ore at (32, 54, 22) exists but unobtainable — blacklisting exact block
[Vision] Area looks barren/protected — migrating far
[Vision] No usable memory of copper_ore — MIGRATION (200-420m) fresh area → (242, 73)
[Vision] copper_ore at (32, 54, 22) exists but unobtainable — blacklisting exact block
[Vision] Area looks barren/protected — migrating far
[Vision] No usable memory of copper_ore — MIGRATION (200-420m) fresh area → (-70, 213)
[Vision] copper_ore at (32, 54, 22) exists but unobtainable — blacklisting exact block
[Vision] Area looks barren/protected — migrating far
[Vision] No usable memory of copper_ore — MIGRATION (200-420m) fresh area → (241, -17)
[Vision] copper_ore at (32, 54, 22) exists but unobtainable — blacklisting exact block
[Vision] Area looks barren/protected — migrating far
[Vision] No usable memory of copper_ore — MIGRATION (200-420m) fresh area → (204, 173)
[Vision] copper_ore at (32, 54, 22) exists but unobtainable — blacklisting exact block
[Vision] Area looks barren/protected — migrating far
[Vision] No usable memory of copper_ore — MIGRATION (200-420m) fresh area → (-111, -116)
[Vision] copper_ore at (32, 54, 22) exists but unobtainable — blacklisting exact block
[Vision] Area looks barren/protected — migrating far
[Vision] No usable memory of copper_ore — MIGRATION (200-420m) fresh area → (222, 96)
[Vision] copper_ore at (32, 54, 22) exists but unobtainable — blacklisting exact block
[Vision] Area looks barren/protected — migrating far
[Vision] No usable memory of copper_ore — MIGRATION (200-420m) fresh area → (-155, -118)
[Vision] copper_ore at (32, 54, 22) exists but unobtainable — blacklisting exact block
[Vision] Area looks barren/protected — migrating far
[Vision] No usable memory of copper_ore — MIGRATION (200-420m) fresh area → (-143, 167)
[Vision] copper_ore at (32, 54, 22) exists but unobtainable — blacklisting exact block
[Vision] Area looks barren/protected — migrating far
[Vision] No usable memory of copper_ore — MIGRATION (200-420m) fresh area → (-83, 195)
[Vision] copper_ore at (32, 54, 22) exists but unobtainable — blacklisting exact block
[Vision] Area looks barren/protected — migrating far
[Vision] No usable memory of copper_ore — MIGRATION (200-420m) fresh area → (28, 233)
[Vision] copper_ore at (32, 54, 22) exists but unobtainable — blacklisting exact block
[Vision] Area looks barren/protected — migrating far
[Vision] No usable memory of copper_ore — MIGRATION (200-420m) fresh area → (-145, 220)
[Vision] copper_ore at (32, 54, 22) exists but unobtainable — blacklisting exact block
[Vision] Area looks barren/protected — migrating far
[Vision] No usable memory of copper_ore — MIGRATION (200-420m) fresh area → (211, -64)
[Vision] copper_ore at (32, 54, 22) exists but unobtainable — blacklisting exact block
[Vision] Area looks barren/protected — migrating far
[Vision] No usable memory of copper_ore — MIGRATION (200-420m) fresh area → (181, 218)
[Vision] copper_ore at (32, 54, 22) exists but unobtainable — blacklisting exact block
[Vision] Area looks barren/protected — migrating far
[Vision] No usable memory of copper_ore — MIGRATION (200-420m) fresh area → (257, 83)
[Vision] copper_ore at (32, 54, 22) exists but unobtainable — blacklisting exact block
[Vision] Area looks barren/protected — migrating far
[Vision] No usable memory of copper_ore — MIGRATION (200-420m) fresh area → (-152, 114)
[Vision] copper_ore at (32, 54, 22) exists but unobtainable — blacklisting exact block
[Vision] Area looks barren/protected — migrating far
[Vision] No usable memory of copper_ore — MIGRATION (200-420m) fresh area → (238, 50)
[Vision] copper_ore at (32, 54, 22) exists but unobtainable — blacklisting exact block
[Vision] Area looks barren/protected — migrating far
[Vision] No usable memory of copper_ore — MIGRATION (200-420m) fresh area → (232, -53)
[Vision] copper_ore at (32, 54, 22) exists but unobtainable — blacklisting exact block
[Vision] Area looks barren/protected — migrating far
[Vision] No usable memory of copper_ore — MIGRATION (200-420m) fresh area → (221, 106)
[Vision] copper_ore at (32, 54, 22) exists but unobtainable — blacklisting exact block
[Vision] Area looks barren/protected — migrating far
[Vision] No usable memory of copper_ore — MIGRATION (200-420m) fresh area → (231, 84)
[Vision] copper_ore at (32, 54, 22) exists but unobtainable — blacklisting exact block
[Vision] Area looks barren/protected — migrating far
[Vision] No usable memory of copper_ore — MIGRATION (200-420m) fresh area → (128, 227)
[Vision] copper_ore at (32, 54, 22) exists but unobtainable — blacklisting exact block
[Vision] Area looks barren/protected — migrating far
[Vision] No usable memory of copper_ore — MIGRATION (200-420m) fresh area → (-24, 257)
[Vision] copper_ore at (32, 54, 22) exists but unobtainable — blacklisting exact block
[Vision] Area looks barren/protected — migrating far
[Vision] No usable memory of copper_ore — MIGRATION (200-420m) fresh area → (126, -153)
[Vision] copper_ore at (32, 54, 22) exists but unobtainable — blacklisting exact block
[Vision] Area looks barren/protected — migrating far
[Vision] No usable memory of copper_ore — MIGRATION (200-420m) fresh area → (183, 161)
[Vision] copper_ore at (32, 54, 22) exists but unobtainable — blacklisting exact block
[Vision] Area looks barren/protected — migrating far
[Vision] No usable memory of copper_ore — MIGRATION (200-420m) fresh area → (209, -77)
[Vision] copper_ore at (32, 54, 22) exists but unobtainable — blacklisting exact block
[Vision] Area looks barren/protected — migrating far
[Vision] No usable memory of copper_ore — MIGRATION (200-420m) fresh area → (-175, 56)
[Vision] copper_ore at (32, 54, 22) exists but unobtainable — blacklisting exact block
[Vision] Area looks barren/protected — migrating far
[Vision] No usable memory of copper_ore — MIGRATION (200-420m) fresh area → (-40, 228)
[Vision] copper_ore at (32, 54, 22) exists but unobtainable — blacklisting exact block
[Vision] Area looks barren/protected — migrating far
[Vision] No usable memory of copper_ore — MIGRATION (200-420m) fresh area → (-53, -156)
[Vision] copper_ore at (32, 54, 22) exists but unobtainable — blacklisting exact block
[Vision] Area looks barren/protected — migrating far
[Vision] No usable memory of copper_ore — MIGRATION (200-420m) fresh area → (234, 29)
[Vision] copper_ore at (32, 54, 22) exists but unobtainable — blacklisting exact block
[Vision] Area looks barren/protected — migrating far
[Vision] No usable memory of copper_ore — MIGRATION (200-420m) fresh area → (252, 97)
[Vision] copper_ore at (32, 54, 22) exists but unobtainable — blacklisting exact block
[Vision] Area looks barren/protected — migrating far
[Vision] No usable memory of copper_ore — MIGRATION (200-420m) fresh area → (-183, 59)
[Vision] copper_ore at (32, 54, 22) exists but unobtainable — blacklisting exact block
[Vision] Area looks barren/protected — migrating far
[Vision] No usable memory of copper_ore — MIGRATION (200-420m) fresh area → (-194, 81)
[Vision] copper_ore at (32, 54, 22) exists but unobtainable — blacklisting exact block
[Vision] Area looks barren/protected — migrating far
[Vision] No usable memory of copper_ore — MIGRATION (200-420m) fresh area → (126, -151)
[Vision] copper_ore at (32, 54, 22) exists but unobtainable — blacklisting exact block
[Vision] Area looks barren/protected — migrating far
[Vision] No usable memory of copper_ore — MIGRATION (200-420m) fresh area → (-77, -146)
[Vision] copper_ore at (32, 54, 22) exists but unobtainable — blacklisting exact block
[Vision] Area looks barren/protected — migrating far
[Vision] No usable memory of copper_ore — MIGRATION (200-420m) fresh area → (194, 157)
[Vision] copper_ore at (32, 54, 22) exists but unobtainable — blacklisting exact block
[Vision] Area looks barren/protected — migrating far
[Vision] No usable memory of copper_ore — MIGRATION (200-420m) fresh area → (235, 36)
[Vision] copper_ore at (32, 54, 22) exists but unobtainable — blacklisting exact block
[Vision] Area looks barren/protected — migrating far
[Vision] No usable memory of copper_ore — MIGRATION (200-420m) fresh area → (-177, 46)
[Vision] copper_ore at (32, 54, 22) exists but unobtainable — blacklisting exact block
[Vision] Area looks barren/protected — migrating far
[Vision] No usable memory of copper_ore — MIGRATION (200-420m) fresh area → (197, -91)
[Vision] copper_ore at (32, 54, 22) exists but unobtainable — blacklisting exact block
[Vision] Area looks barren/protected — migrating far
[Vision] No usable memory of copper_ore — MIGRATION (200-420m) fresh area → (-170, 78)
[Vision] copper_ore at (32, 54, 22) exists but unobtainable — blacklisting exact block
[Vision] Area looks barren/protected — migrating far
[Vision] No usable memory of copper_ore — MIGRATION (200-420m) fresh area → (-159, -34)
[Vision] copper_ore at (32, 54, 22) exists but unobtainable — blacklisting exact block
[Vision] Area looks barren/protected — migrating far
[Vision] No usable memory of copper_ore — MIGRATION (200-420m) fresh area → (258, -87)
[Vision] copper_ore at (32, 54, 22) exists but unobtainable — blacklisting exact block
[Vision] Area looks barren/protected — migrating far
[Vision] No usable memory of copper_ore — MIGRATION (200-420m) fresh area → (129, 229)
[Vision] copper_ore at (32, 54, 22) exists but unobtainable — blacklisting exact block
[Vision] Area looks barren/protected — migrating far
[Vision] No usable memory of copper_ore — MIGRATION (200-420m) fresh area → (145, -152)
[Vision] copper_ore at (32, 54, 22) exists but unobtainable — blacklisting exact block
[Vision] Area looks barren/protected — migrating far
[Vision] No usable memory of copper_ore — MIGRATION (200-420m) fresh area → (258, 68)
[Vision] copper_ore at (32, 54, 22) exists but unobtainable — blacklisting exact block
[Vision] Area looks barren/protected — migrating far
[Vision] No usable memory of copper_ore — MIGRATION (200-420m) fresh area → (18, 260)
[Vision] copper_ore at (32, 54, 22) exists but unobtainable — blacklisting exact block
[Vision] Area looks barren/protected — migrating far
[Vision] No usable memory of copper_ore — MIGRATION (200-420m) fresh area → (238, -19)
[Vision] copper_ore at (32, 54, 22) exists but unobtainable — blacklisting exact block
[Vision] Area looks barren/protected — migrating far
[Vision] No usable memory of copper_ore — MIGRATION (200-420m) fresh area → (242, 26)
[Vision] copper_ore at (32, 54, 22) exists but unobtainable — blacklisting exact block
[Vision] Area looks barren/protected — migrating far
[Vision] No usable memory of copper_ore — MIGRATION (200-420m) fresh area → (-49, 230)
[Vision] copper_ore at (32, 54, 22) exists but unobtainable — blacklisting exact block
[Vision] Area looks barren/protected — migrating far
[Vision] No usable memory of copper_ore — MIGRATION (200-420m) fresh area → (75, 226)
[Vision] copper_ore at (32, 54, 22) exists but unobtainable — blacklisting exact block
[Vision] Area looks barren/protected — migrating far
[Vision] No usable memory of copper_ore — MIGRATION (200-420m) fresh area → (-176, -100)
[Vision] copper_ore at (32, 54, 22) exists but unobtainable — blacklisting exact block
[Vision] Area looks barren/protected — migrating far
[Vision] No usable memory of copper_ore — MIGRATION (200-420m) fresh area → (256, -43)
[Vision] copper_ore at (32, 54, 22) exists but unobtainable — blacklisting exact block
[Vision] Area looks barren/protected — migrating far
[Vision] No usable memory of copper_ore — MIGRATION (200-420m) fresh area → (-175, 56)
[Vision] copper_ore at (32, 54, 22) exists but unobtainable — blacklisting exact block
[Vision] Area looks barren/protected — migrating far
[Vision] No usable memory of copper_ore — MIGRATION (200-420m) fresh area → (193, -100)
[Vision] copper_ore at (32, 54, 22) exists but unobtainable — blacklisting exact block
[Vision] Area looks barren/protected — migrating far
[Vision] No usable memory of copper_ore — MIGRATION (200-420m) fresh area → (95, 223)
[Vision] copper_ore at (32, 54, 22) exists but unobtainable — blacklisting exact block
[Vision] Area looks barren/protected — migrating far
[Vision] No usable memory of copper_ore — MIGRATION (200-420m) fresh area → (-124, -146)
[Vision] copper_ore at (32, 54, 22) exists but unobtainable — blacklisting exact block
[Vision] Area looks barren/protected — migrating far
[Vision] No usable memory of copper_ore — MIGRATION (200-420m) fresh area → (85, -172)
[Vision] copper_ore at (32, 54, 22) exists but unobtainable — blacklisting exact block
[Vision] Area looks barren/protected — migrating far
[Vision] No usable memory of copper_ore — MIGRATION (200-420m) fresh area → (169, 182)
[Vision] copper_ore at (32, 54, 22) exists but unobtainable — blacklisting exact block
[Vision] Area looks barren/protected — migrating far
[Vision] No usable memory of copper_ore — MIGRATION (200-420m) fresh area → (-55, -177)
[Vision] copper_ore at (32, 54, 22) exists but unobtainable — blacklisting exact block
[Vision] Area looks barren/protected — migrating far
[Vision] No usable memory of copper_ore — MIGRATION (200-420m) fresh area → (-186, 71)
[Vision] copper_ore at (32, 54, 22) exists but unobtainable — blacklisting exact block
[Vision] Area looks barren/protected — migrating far
[Vision] No usable memory of copper_ore — MIGRATION (200-420m) fresh area → (62, -178)
[Vision] copper_ore at (32, 54, 22) exists but unobtainable — blacklisting exact block
[Vision] Area looks barren/protected — migrating far
[Vision] No usable memory of copper_ore — MIGRATION (200-420m) fresh area → (-167, -6)
[Vision] copper_ore at (32, 54, 22) exists but unobtainable — blacklisting exact block
[Vision] Area looks barren/protected — migrating far
[Vision] No usable memory of copper_ore — MIGRATION (200-420m) fresh area → (-180, 6)
[Vision] copper_ore at (32, 54, 22) exists but unobtainable — blacklisting exact block
[Vision] Area looks barren/protected — migrating far
[Vision] No usable memory of copper_ore — MIGRATION (200-420m) fresh area → (171, 173)
[Vision] copper_ore at (32, 54, 22) exists but unobtainable — blacklisting exact block
[Vision] Area looks barren/protected — migrating far
[Vision] No usable memory of copper_ore — MIGRATION (200-420m) fresh area → (-151, -94)
[Vision] copper_ore at (32, 54, 22) exists but unobtainable — blacklisting exact block
[Vision] Area looks barren/protected — migrating far
[Vision] No usable memory of copper_ore — MIGRATION (200-420m) fresh area → (-48, -160)
[Vision] copper_ore at (32, 54, 22) exists but unobtainable — blacklisting exact block
[Vision] Area looks barren/protected — migrating far
[Vision] No usable memory of copper_ore — MIGRATION (200-420m) fresh area → (-158, 143)
[Vision] copper_ore at (32, 54, 22) exists but unobtainable — blacklisting exact block
[Vision] Area looks barren/protected — migrating far
[Vision] No usable memory of copper_ore — MIGRATION (200-420m) fresh area → (271, 19)
[Vision] copper_ore at (32, 54, 22) exists but unobtainable — blacklisting exact block
[Vision] Area looks barren/protected — migrating far
[Vision] No usable memory of copper_ore — MIGRATION (200-420m) fresh area → (-135, 151)
[Vision] copper_ore at (32, 54, 22) exists but unobtainable — blacklisting exact block
[Vision] Area looks barren/protected — migrating far
[Vision] No usable memory of copper_ore — MIGRATION (200-420m) fresh area → (-178, -36)
[Vision] copper_ore at (32, 54, 22) exists but unobtainable — blacklisting exact block
[Vision] Area looks barren/protected — migrating far
[Vision] No usable memory of copper_ore — MIGRATION (200-420m) fresh area → (229, 101)
[Vision] copper_ore at (32, 54, 22) exists but unobtainable — blacklisting exact block
[Vision] Area looks barren/protected — migrating far
[Vision] No usable memory of copper_ore — MIGRATION (200-420m) fresh area → (228, 75)
[Vision] copper_ore at (32, 54, 22) exists but unobtainable — blacklisting exact block
[Vision] Area looks barren/protected — migrating far
[Vision] No usable memory of copper_ore — MIGRATION (200-420m) fresh area → (167, 222)
[Vision] copper_ore at (32, 54, 22) exists but unobtainable — blacklisting exact block
[Vision] Area looks barren/protected — migrating far
[Vision] No usable memory of copper_ore — MIGRATION (200-420m) fresh area → (237, -51)
[Vision] copper_ore at (32, 54, 22) exists but unobtainable — blacklisting exact block
[Vision] Area looks barren/protected — migrating far
[Vision] No usable memory of copper_ore — MIGRATION (200-420m) fresh area → (-170, 94)
[Vision] copper_ore at (32, 54, 22) exists but unobtainable — blacklisting exact block
[Vision] Area looks barren/protected — migrating far
[Vision] No usable memory of copper_ore — MIGRATION (200-420m) fresh area → (192, -123)
[Vision] copper_ore at (32, 54, 22) exists but unobtainable — blacklisting exact block
[Vision] Area looks barren/protected — migrating far
[Vision] No usable memory of copper_ore — MIGRATION (200-420m) fresh area → (145, -170)
[Vision] copper_ore at (32, 54, 22) exists but unobtainable — blacklisting exact block
[Vision] Area looks barren/protected — migrating far
[Vision] No usable memory of copper_ore — MIGRATION (200-420m) fresh area → (241, 5)
[Vision] copper_ore at (32, 54, 22) exists but unobtainable — blacklisting exact block
[Vision] Area looks barren/protected — migrating far
[Vision] No usable memory of copper_ore — MIGRATION (200-420m) fresh area → (-61, 210)
[Vision] copper_ore at (32, 54, 22) exists but unobtainable — blacklisting exact block
[Vision] Area looks barren/protected — migrating far
[Vision] No usable memory of copper_ore — MIGRATION (200-420m) fresh area → (-110, -150)
[Vision] copper_ore at (32, 54, 22) exists but unobtainable — blacklisting exact block
[Vision] Area looks barren/protected — migrating far
[Vision] No usable memory of copper_ore — MIGRATION (200-420m) fresh area → (164, -139)
[Vision] copper_ore at (32, 54, 22) exists but unobtainable — blacklisting exact block
[Vision] Area looks barren/protected — migrating far
[Vision] No usable memory of copper_ore — MIGRATION (200-420m) fresh area → (93, -164)
[Vision] copper_ore at (32, 54, 22) exists but unobtainable — blacklisting exact block
[Vision] Area looks barren/protected — migrating far
[Vision] No usable memory of copper_ore — MIGRATION (200-420m) fresh area → (-162, 110)
[Vision] copper_ore at (32, 54, 22) exists but unobtainable — blacklisting exact block
[Vision] Area looks barren/protected — migrating far
[Vision] No usable memory of copper_ore — MIGRATION (200-420m) fresh area → (-134, -95)
[Vision] copper_ore at (32, 54, 22) exists but unobtainable — blacklisting exact block
[Vision] Area looks barren/protected — migrating far
[Vision] No usable memory of copper_ore — MIGRATION (200-420m) fresh area → (-176, 21)
[Vision] copper_ore at (32, 54, 22) exists but unobtainable — blacklisting exact block
[Vision] Area looks barren/protected — migrating far
[Vision] No usable memory of copper_ore — MIGRATION (200-420m) fresh area → (160, -184)
[Vision] copper_ore at (32, 54, 22) exists but unobtainable — blacklisting exact block
[Vision] Area looks barren/protected — migrating far
[Vision] No usable memory of copper_ore — MIGRATION (200-420m) fresh area → (-104, 193)
[Vision] copper_ore at (32, 54, 22) exists but unobtainable — blacklisting exact block
[Vision] Area looks barren/protected — migrating far
[Vision] No usable memory of copper_ore — MIGRATION (200-420m) fresh area → (34, 262)
[Vision] copper_ore at (32, 54, 22) exists but unobtainable — blacklisting exact block
[Vision] Area looks barren/protected — migrating far
[Vision] No usable memory of copper_ore — MIGRATION (200-420m) fresh area → (-56, 211)
[Vision] copper_ore at (32, 54, 22) exists but unobtainable — blacklisting exact block
[Vision] Area looks barren/protected — migrating far
[Vision] No usable memory of copper_ore — MIGRATION (200-420m) fresh area → (-19, -168)
[Vision] copper_ore at (32, 54, 22) exists but unobtainable — blacklisting exact block
[Vision] Area looks barren/protected — migrating far
[Vision] No usable memory of copper_ore — MIGRATION (200-420m) fresh area → (-59, 214)
[Vision] copper_ore at (32, 54, 22) exists but unobtainable — blacklisting exact block
[Vision] Area looks barren/protected — migrating far
[Vision] No usable memory of copper_ore — MIGRATION (200-420m) fresh area → (-70, -155)
[Vision] copper_ore at (32, 54, 22) exists but unobtainable — blacklisting exact block
[Vision] Area looks barren/protected — migrating far
[Vision] No usable memory of copper_ore — MIGRATION (200-420m) fresh area → (-122, -105)
[Vision] copper_ore at (32, 54, 22) exists but unobtainable — blacklisting exact block
[Vision] Area looks barren/protected — migrating far
[Vision] No usable memory of copper_ore — MIGRATION (200-420m) fresh area → (151, 204)
[Vision] copper_ore at (32, 54, 22) exists but unobtainable — blacklisting exact block
[Vision] Area looks barren/protected — migrating far
[Vision] No usable memory of copper_ore — MIGRATION (200-420m) fresh area → (-163, 100)
[Vision] copper_ore at (32, 54, 22) exists but unobtainable — blacklisting exact block
[Vision] Area looks barren/protected — migrating far
[Vision] No usable memory of copper_ore — MIGRATION (200-420m) fresh area → (201, -94)
[Vision] copper_ore at (32, 54, 22) exists but unobtainable — blacklisting exact block
[Vision] Area looks barren/protected — migrating far
[Vision] No usable memory of copper_ore — MIGRATION (200-420m) fresh area → (18, -202)
[Vision] copper_ore at (32, 54, 22) exists but unobtainable — blacklisting exact block
[Vision] Area looks barren/protected — migrating far
[Vision] No usable memory of copper_ore — MIGRATION (200-420m) fresh area → (-154, -52)
[Vision] copper_ore at (32, 54, 22) exists but unobtainable — blacklisting exact block
[Vision] Area looks barren/protected — migrating far
[Vision] No usable memory of copper_ore — MIGRATION (200-420m) fresh area → (55, 233)
[Vision] copper_ore at (32, 54, 22) exists but unobtainable — blacklisting exact block
[Vision] Area looks barren/protected — migrating far
[Vision] No usable memory of copper_ore — MIGRATION (200-420m) fresh area → (-231, -107)
[Vision] copper_ore at (32, 54, 22) exists but unobtainable — blacklisting exact block
[Vision] Area looks barren/protected — migrating far
[Vision] No usable memory of copper_ore — MIGRATION (200-420m) fresh area → (61, -174)
[Vision] copper_ore at (32, 54, 22) exists but unobtainable — blacklisting exact block
[Vision] Area looks barren/protected — migrating far
[Vision] No usable memory of copper_ore — MIGRATION (200-420m) fresh area → (-133, 199)
[Vision] copper_ore at (32, 54, 22) exists but unobtainable — blacklisting exact block
[Vision] Area looks barren/protected — migrating far
[Vision] No usable memory of copper_ore — MIGRATION (200-420m) fresh area → (30, 231)
[Vision] copper_ore at (32, 54, 22) exists but unobtainable — blacklisting exact block
[Vision] Area looks barren/protected — migrating far
[Vision] No usable memory of copper_ore — MIGRATION (200-420m) fresh area → (-43, -158)
[Vision] copper_ore at (32, 54, 22) exists but unobtainable — blacklisting exact block
[Vision] Area looks barren/protected — migrating far
[Vision] No usable memory of copper_ore — MIGRATION (200-420m) fresh area → (-166, -60)
[Vision] copper_ore at (32, 54, 22) exists but unobtainable — blacklisting exact block
[Vision] Area looks barren/protected — migrating far
[Vision] No usable memory of copper_ore — MIGRATION (200-420m) fresh area → (205, 163)
[Vision] copper_ore at (32, 54, 22) exists but unobtainable — blacklisting exact block
[Vision] Area looks barren/protected — migrating far
[Vision] No usable memory of copper_ore — MIGRATION (200-420m) fresh area → (-70, -147)
[Vision] copper_ore at (32, 54, 22) exists but unobtainable — blacklisting exact block
[Vision] Area looks barren/protected — migrating far
[Vision] No usable memory of copper_ore — MIGRATION (200-420m) fresh area → (-5, -193)
[Vision] copper_ore at (32, 54, 22) exists but unobtainable — blacklisting exact block
[Vision] Area looks barren/protected — migrating far
[Vision] No usable memory of copper_ore — MIGRATION (200-420m) fresh area → (-142, -108)
[Vision] copper_ore at (32, 54, 22) exists but unobtainable — blacklisting exact block
[Vision] Area looks barren/protected — migrating far
[Vision] No usable memory of copper_ore — MIGRATION (200-420m) fresh area → (153, 205)
[Vision] copper_ore at (32, 54, 22) exists but unobtainable — blacklisting exact block
[Vision] Area looks barren/protected — migrating far
[Vision] No usable memory of copper_ore — MIGRATION (200-420m) fresh area → (-29, -171)
[Vision] copper_ore at (32, 54, 22) exists but unobtainable — blacklisting exact block
[Vision] Area looks barren/protected — migrating far
[Vision] No usable memory of copper_ore — MIGRATION (200-420m) fresh area → (-103, -121)
[Vision] copper_ore at (32, 54, 22) exists but unobtainable — blacklisting exact block
[Vision] Area looks barren/protected — migrating far
[Vision] No usable memory of copper_ore — MIGRATION (200-420m) fresh area → (103, 235)
[Vision] copper_ore at (32, 54, 22) exists but unobtainable — blacklisting exact block
[Vision] Area looks barren/protected — migrating far
[Vision] No usable memory of copper_ore — MIGRATION (200-420m) fresh area → (252, 92)
[Vision] copper_ore at (32, 54, 22) exists but unobtainable — blacklisting exact block
[Vision] Area looks barren/protected — migrating far
[Vision] No usable memory of copper_ore — MIGRATION (200-420m) fresh area → (-171, 67)
[Vision] copper_ore at (32, 54, 22) exists but unobtainable — blacklisting exact block
[Vision] Area looks barren/protected — migrating far
[Vision] No usable memory of copper_ore — MIGRATION (200-420m) fresh area → (183, 173)
[Vision] copper_ore at (32, 54, 22) exists but unobtainable — blacklisting exact block
[Vision] Area looks barren/protected — migrating far
[Vision] No usable memory of copper_ore — MIGRATION (200-420m) fresh area → (211, -95)
[Vision] copper_ore at (32, 54, 22) exists but unobtainable — blacklisting exact block
[Vision] Area looks barren/protected — migrating far
[Vision] No usable memory of copper_ore — MIGRATION (200-420m) fresh area → (206, 197)
[Vision] copper_ore at (32, 54, 22) exists but unobtainable — blacklisting exact block
[Vision] Area looks barren/protected — migrating far
[Vision] No usable memory of copper_ore — MIGRATION (200-420m) fresh area → (-124, -113)
[Vision] copper_ore at (32, 54, 22) exists but unobtainable — blacklisting exact block
[Vision] Area looks barren/protected — migrating far
[Vision] No usable memory of copper_ore — MIGRATION (200-420m) fresh area → (11, 236)
[Vision] copper_ore at (32, 54, 22) exists but unobtainable — blacklisting exact block
[Vision] Area looks barren/protected — migrating far
[Vision] No usable memory of copper_ore — MIGRATION (200-420m) fresh area → (-19, 223)
[Vision] copper_ore at (32, 54, 22) exists but unobtainable — blacklisting exact block
[Vision] Area looks barren/protected — migrating far
[Vision] No usable memory of copper_ore — MIGRATION (200-420m) fresh area → (184, -127)
[Vision] copper_ore at (32, 54, 22) exists but unobtainable — blacklisting exact block
[Vision] Area looks barren/protected — migrating far
[Vision] No usable memory of copper_ore — MIGRATION (200-420m) fresh area → (225, 117)
[Vision] copper_ore at (32, 54, 22) exists but unobtainable — blacklisting exact block
[Vision] Area looks barren/protected — migrating far
[Vision] No usable memory of copper_ore — MIGRATION (200-420m) fresh area → (-98, 190)
[Vision] copper_ore at (32, 54, 22) exists but unobtainable — blacklisting exact block
[Vision] Area looks barren/protected — migrating far
[Vision] No usable memory of copper_ore — MIGRATION (200-420m) fresh area → (67, -170)
[Vision] copper_ore at (32, 54, 22) exists but unobtainable — blacklisting exact block
[Vision] Area looks barren/protected — migrating far
[Vision] No usable memory of copper_ore — MIGRATION (200-420m) fresh area → (-175, -40)
[Vision] copper_ore at (32, 54, 22) exists but unobtainable — blacklisting exact block
[Vision] Area looks barren/protected — migrating far
[Vision] No usable memory of copper_ore — MIGRATION (200-420m) fresh area → (-180, -35)
[Vision] copper_ore at (32, 54, 22) exists but unobtainable — blacklisting exact block
[Vision] Area looks barren/protected — migrating far
[Vision] No usable memory of copper_ore — MIGRATION (200-420m) fresh area → (-68, 216)
[Vision] copper_ore at (32, 54, 22) exists but unobtainable — blacklisting exact block
[Vision] Area looks barren/protected — migrating far
[Vision] No usable memory of copper_ore — MIGRATION (200-420m) fresh area → (144, 208)
[Vision] copper_ore at (32, 54, 22) exists but unobtainable — blacklisting exact block
[Vision] Area looks barren/protected — migrating far
[Vision] No usable memory of copper_ore — MIGRATION (200-420m) fresh area → (182, -114)
[Vision] copper_ore at (32, 54, 22) exists but unobtainable — blacklisting exact block
[Vision] Area looks barren/protected — migrating far
[Vision] No usable memory of copper_ore — MIGRATION (200-420m) fresh area → (-74, 216)
[Vision] copper_ore at (32, 54, 22) exists but unobtainable — blacklisting exact block
[Vision] Area looks barren/protected — migrating far
[Vision] No usable memory of copper_ore — MIGRATION (200-420m) fresh area → (-162, -95)
[Vision] copper_ore at (32, 54, 22) exists but unobtainable — blacklisting exact block
[Vision] Area looks barren/protected — migrating far
[Vision] No usable memory of copper_ore — MIGRATION (200-420m) fresh area → (-142, -142)
[Vision] copper_ore at (32, 54, 22) exists but unobtainable — blacklisting exact block
[Vision] Area looks barren/protected — migrating far
[Vision] No usable memory of copper_ore — MIGRATION (200-420m) fresh area → (-171, 65)
[Vision] copper_ore at (32, 54, 22) exists but unobtainable — blacklisting exact block
[Vision] Area looks barren/protected — migrating far
[Vision] No usable memory of copper_ore — MIGRATION (200-420m) fresh area → (269, 56)
[Vision] copper_ore at (32, 54, 22) exists but unobtainable — blacklisting exact block
[Vision] Area looks barren/protected — migrating far
[Vision] No usable memory of copper_ore — MIGRATION (200-420m) fresh area → (80, 247)
[Vision] copper_ore at (32, 54, 22) exists but unobtainable — blacklisting exact block
[Vision] Area looks barren/protected — migrating far
[Vision] No usable memory of copper_ore — MIGRATION (200-420m) fresh area → (-67, -146)
[Vision] copper_ore at (32, 54, 22) exists but unobtainable — blacklisting exact block
[Vision] Area looks barren/protected — migrating far
[Vision] No usable memory of copper_ore — MIGRATION (200-420m) fresh area → (-169, -54)
[Vision] copper_ore at (32, 54, 22) exists but unobtainable — blacklisting exact block
[Vision] Area looks barren/protected — migrating far
[Vision] No usable memory of copper_ore — MIGRATION (200-420m) fresh area → (179, 180)
[Vision] copper_ore at (32, 54, 22) exists but unobtainable — blacklisting exact block
[Vision] Area looks barren/protected — migrating far
[Vision] No usable memory of copper_ore — MIGRATION (200-420m) fresh area → (-144, 148)
[Vision] copper_ore at (32, 54, 22) exists but unobtainable — blacklisting exact block
[Vision] Area looks barren/protected — migrating far
[Vision] No usable memory of copper_ore — MIGRATION (200-420m) fresh area → (-170, -29)
[Vision] copper_ore at (32, 54, 22) exists but unobtainable — blacklisting exact block
[Vision] Area looks barren/protected — migrating far
[Vision] No usable memory of copper_ore — MIGRATION (200-420m) fresh area → (-95, 211)
[Vision] copper_ore at (32, 54, 22) exists but unobtainable — blacklisting exact block
[Vision] Area looks barren/protected — migrating far
[Vision] No usable memory of copper_ore — MIGRATION (200-420m) fresh area → (-19, 285)
[Vision] copper_ore at (32, 54, 22) exists but unobtainable — blacklisting exact block
[Vision] Area looks barren/protected — migrating far
[Vision] No usable memory of copper_ore — MIGRATION (200-420m) fresh area → (-14, -179)
[Vision] copper_ore at (32, 54, 22) exists but unobtainable — blacklisting exact block
[Vision] Area looks barren/protected — migrating far
[Vision] No usable memory of copper_ore — MIGRATION (200-420m) fresh area → (-162, 79)
[Vision] copper_ore at (32, 54, 22) exists but unobtainable — blacklisting exact block
[Vision] Area looks barren/protected — migrating far
[Vision] No usable memory of copper_ore — MIGRATION (200-420m) fresh area → (233, 71)
[Vision] copper_ore at (32, 54, 22) exists but unobtainable — blacklisting exact block
[Vision] Area looks barren/protected — migrating far
[Vision] No usable memory of copper_ore — MIGRATION (200-420m) fresh area → (237, 96)
[Vision] copper_ore at (32, 54, 22) exists but unobtainable — blacklisting exact block
[Vision] Area looks barren/protected — migrating far
[Vision] No usable memory of copper_ore — MIGRATION (200-420m) fresh area → (-215, 82)
[Vision] copper_ore at (32, 54, 22) exists but unobtainable — blacklisting exact block
[Vision] Area looks barren/protected — migrating far
[Vision] No usable memory of copper_ore — MIGRATION (200-420m) fresh area → (71, 230)
[Vision] copper_ore at (32, 54, 22) exists but unobtainable — blacklisting exact block
[Vision] Area looks barren/protected — migrating far
[Vision] No usable memory of copper_ore — MIGRATION (200-420m) fresh area → (244, 9)
[Vision] copper_ore at (32, 54, 22) exists but unobtainable — blacklisting exact block
[Vision] Area looks barren/protected — migrating far
[Vision] No usable memory of copper_ore — MIGRATION (200-420m) fresh area → (205, -98)
[Vision] copper_ore at (32, 54, 22) exists but unobtainable — blacklisting exact block
[Vision] Area looks barren/protected — migrating far
[Vision] No usable memory of copper_ore — MIGRATION (200-420m) fresh area → (-67, -168)
[Vision] copper_ore at (32, 54, 22) exists but unobtainable — blacklisting exact block
[Vision] Area looks barren/protected — migrating far
[Vision] No usable memory of copper_ore — MIGRATION (200-420m) fresh area → (-164, -55)
[Vision] copper_ore at (32, 54, 22) exists but unobtainable — blacklisting exact block
[Vision] Area looks barren/protected — migrating far
[Vision] No usable memory of copper_ore — MIGRATION (200-420m) fresh area → (243, -61)
[Vision] copper_ore at (32, 54, 22) exists but unobtainable — blacklisting exact block
[Vision] Area looks barren/protected — migrating far
[Vision] No usable memory of copper_ore — MIGRATION (200-420m) fresh area → (-43, -170)
[Vision] copper_ore at (32, 54, 22) exists but unobtainable — blacklisting exact block
[Vision] Area looks barren/protected — migrating far
[Vision] No usable memory of copper_ore — MIGRATION (200-420m) fresh area → (230, 90)
[Vision] copper_ore at (32, 54, 22) exists but unobtainable — blacklisting exact block
[Vision] Area looks barren/protected — migrating far
[Vision] No usable memory of copper_ore — MIGRATION (200-420m) fresh area → (-142, 131)
[Vision] copper_ore at (32, 54, 22) exists but unobtainable — blacklisting exact block
[Vision] Area looks barren/protected — migrating far
[Vision] No usable memory of copper_ore — MIGRATION (200-420m) fresh area → (-183, 86)
[Vision] copper_ore at (32, 54, 22) exists but unobtainable — blacklisting exact block
[Vision] Area looks barren/protected — migrating far
[Vision] No usable memory of copper_ore — MIGRATION (200-420m) fresh area → (223, 111)
[Vision] copper_ore at (32, 54, 22) exists but unobtainable — blacklisting exact block
[Vision] Area looks barren/protected — migrating far
[Vision] No usable memory of copper_ore — MIGRATION (200-420m) fresh area → (248, -79)
[Vision] copper_ore at (32, 54, 22) exists but unobtainable — blacklisting exact block
[Vision] Area looks barren/protected — migrating far
[Vision] No usable memory of copper_ore — MIGRATION (200-420m) fresh area → (230, -10)
[Vision] copper_ore at (32, 54, 22) exists but unobtainable — blacklisting exact block
[Vision] Area looks barren/protected — migrating far
[Vision] No usable memory of copper_ore — MIGRATION (200-420m) fresh area → (-64, -148)
[Vision] copper_ore at (32, 54, 22) exists but unobtainable — blacklisting exact block
[Vision] Area looks barren/protected — migrating far
[Vision] No usable memory of copper_ore — MIGRATION (200-420m) fresh area → (104, 223)
[Vision] copper_ore at (32, 54, 22) exists but unobtainable — blacklisting exact block
[Vision] Area looks barren/protected — migrating far
[Vision] No usable memory of copper_ore — MIGRATION (200-420m) fresh area → (248, 62)
[Vision] copper_ore at (32, 54, 22) exists but unobtainable — blacklisting exact block
[Vision] Area looks barren/protected — migrating far
[Vision] No usable memory of copper_ore — MIGRATION (200-420m) fresh area → (275, -59)
[Vision] copper_ore at (32, 54, 22) exists but unobtainable — blacklisting exact block
[Vision] Area looks barren/protected — migrating far
[Vision] No usable memory of copper_ore — MIGRATION (200-420m) fresh area → (242, -4)
[Vision] copper_ore at (32, 54, 22) exists but unobtainable — blacklisting exact block
[Vision] Area looks barren/protected — migrating far
[Vision] No usable memory of copper_ore — MIGRATION (200-420m) fresh area → (-62, -148)
[Vision] copper_ore at (32, 54, 22) exists but unobtainable — blacklisting exact block
[Vision] Area looks barren/protected — migrating far
[Vision] No usable memory of copper_ore — MIGRATION (200-420m) fresh area → (223, 96)
[Vision] copper_ore at (32, 54, 22) exists but unobtainable — blacklisting exact block
[Vision] Area looks barren/protected — migrating far
[Vision] No usable memory of copper_ore — MIGRATION (200-420m) fresh area → (-108, 174)
[Vision] copper_ore at (32, 54, 22) exists but unobtainable — blacklisting exact block
[Vision] Area looks barren/protected — migrating far
[Vision] No usable memory of copper_ore — MIGRATION (200-420m) fresh area → (3, 238)
[Vision] copper_ore at (32, 54, 22) exists but unobtainable — blacklisting exact block
[Vision] Area looks barren/protected — migrating far
[Vision] No usable memory of copper_ore — MIGRATION (200-420m) fresh area → (77, 292)
[Vision] copper_ore at (32, 54, 22) exists but unobtainable — blacklisting exact block
[Vision] Area looks barren/protected — migrating far
[Vision] No usable memory of copper_ore — MIGRATION (200-420m) fresh area → (227, -36)
[Vision] copper_ore at (32, 54, 22) exists but unobtainable — blacklisting exact block
[Vision] Area looks barren/protected — migrating far
[Vision] No usable memory of copper_ore — MIGRATION (200-420m) fresh area → (-12, -181)
[Vision] copper_ore at (32, 54, 22) exists but unobtainable — blacklisting exact block
[Vision] Area looks barren/protected — migrating far
[Vision] No usable memory of copper_ore — MIGRATION (200-420m) fresh area → (-124, -129)
[Vision] copper_ore at (32, 54, 22) exists but unobtainable — blacklisting exact block
[Vision] Area looks barren/protected — migrating far
[Vision] No usable memory of copper_ore — MIGRATION (200-420m) fresh area → (12, -171)
[Vision] copper_ore at (32, 54, 22) exists but unobtainable — blacklisting exact block
[Vision] Area looks barren/protected — migrating far
[Vision] No usable memory of copper_ore — MIGRATION (200-420m) fresh area → (235, 28)
[Vision] copper_ore at (32, 54, 22) exists but unobtainable — blacklisting exact block
[Vision] Area looks barren/protected — migrating far
[Vision] No usable memory of copper_ore — MIGRATION (200-420m) fresh area → (227, 158)
[Vision] copper_ore at (32, 54, 22) exists but unobtainable — blacklisting exact block
[Vision] Area looks barren/protected — migrating far
[Vision] No usable memory of copper_ore — MIGRATION (200-420m) fresh area → (171, 194)
[Vision] copper_ore at (32, 54, 22) exists but unobtainable — blacklisting exact block
[Vision] Area looks barren/protected — migrating far
[Vision] No usable memory of copper_ore — MIGRATION (200-420m) fresh area → (54, 229)
[Vision] copper_ore at (32, 54, 22) exists but unobtainable — blacklisting exact block
[Vision] Area looks barren/protected — migrating far
[Vision] No usable memory of copper_ore — MIGRATION (200-420m) fresh area → (235, -25)
[Vision] copper_ore at (32, 54, 22) exists but unobtainable — blacklisting exact block
[Vision] Area looks barren/protected — migrating far
[Vision] No usable memory of copper_ore — MIGRATION (200-420m) fresh area → (-109, -130)
[Vision] copper_ore at (32, 54, 22) exists but unobtainable — blacklisting exact block
[Vision] Area looks barren/protected — migrating far
[Vision] No usable memory of copper_ore — MIGRATION (200-420m) fresh area → (232, -21)
[Vision] copper_ore at (32, 54, 22) exists but unobtainable — blacklisting exact block
[Vision] Area looks barren/protected — migrating far
[Vision] No usable memory of copper_ore — MIGRATION (200-420m) fresh area → (120, 209)
[Vision] copper_ore at (32, 54, 22) exists but unobtainable — blacklisting exact block
[Vision] Area looks barren/protected — migrating far
[Vision] No usable memory of copper_ore — MIGRATION (200-420m) fresh area → (-170, 44)
[Vision] copper_ore at (32, 54, 22) exists but unobtainable — blacklisting exact block
[Vision] Area looks barren/protected — migrating far
[Vision] No usable memory of copper_ore — MIGRATION (200-420m) fresh area → (-27, -164)
[Vision] copper_ore at (32, 54, 22) exists but unobtainable — blacklisting exact block
[Vision] Area looks barren/protected — migrating far
[Vision] No usable memory of copper_ore — MIGRATION (200-420m) fresh area → (-176, 45)
[Vision] copper_ore at (32, 54, 22) exists but unobtainable — blacklisting exact block
[Vision] Area looks barren/protected — migrating far
[Vision] No usable memory of copper_ore — MIGRATION (200-420m) fresh area → (-163, 85)
[Vision] copper_ore at (32, 54, 22) exists but unobtainable — blacklisting exact block
[Vision] Area looks barren/protected — migrating far
[Vision] No usable memory of copper_ore — MIGRATION (200-420m) fresh area → (-149, 124)
[Vision] copper_ore at (32, 54, 22) exists but unobtainable — blacklisting exact block
[Vision] Area looks barren/protected — migrating far
[Vision] No usable memory of copper_ore — MIGRATION (200-420m) fresh area → (-11, 225)
[Vision] copper_ore at (32, 54, 22) exists but unobtainable — blacklisting exact block
[Vision] Area looks barren/protected — migrating far
[Vision] No usable memory of copper_ore — MIGRATION (200-420m) fresh area → (-171, -32)
[Vision] copper_ore at (32, 54, 22) exists but unobtainable — blacklisting exact block
[Vision] Area looks barren/protected — migrating far
[Vision] No usable memory of copper_ore — MIGRATION (200-420m) fresh area → (137, 202)
[Vision] copper_ore at (32, 54, 22) exists but unobtainable — blacklisting exact block
[Vision] Area looks barren/protected — migrating far
[Vision] No usable memory of copper_ore — MIGRATION (200-420m) fresh area → (-72, -152)
[Vision] copper_ore at (32, 54, 22) exists but unobtainable — blacklisting exact block
[Vision] Area looks barren/protected — migrating far
[Vision] No usable memory of copper_ore — MIGRATION (200-420m) fresh area → (-112, -153)
[Vision] copper_ore at (32, 54, 22) exists but unobtainable — blacklisting exact block
[Vision] Area looks barren/protected — migrating far
[Vision] No usable memory of copper_ore — MIGRATION (200-420m) fresh area → (35, 276)
[Vision] copper_ore at (32, 54, 22) exists but unobtainable — blacklisting exact block
[Vision] Area looks barren/protected — migrating far
[Vision] No usable memory of copper_ore — MIGRATION (200-420m) fresh area → (-184, -28)
[Vision] copper_ore at (32, 54, 22) exists but unobtainable — blacklisting exact block
[Vision] Area looks barren/protected — migrating far
[Vision] No usable memory of copper_ore — MIGRATION (200-420m) fresh area → (254, -67)
[Vision] copper_ore at (32, 54, 22) exists but unobtainable — blacklisting exact block
[Vision] Area looks barren/protected — migrating far
[Vision] No usable memory of copper_ore — MIGRATION (200-420m) fresh area → (-61, 208)
[Vision] copper_ore at (32, 54, 22) exists but unobtainable — blacklisting exact block
[Vision] Area looks barren/protected — migrating far
[Vision] No usable memory of copper_ore — MIGRATION (200-420m) fresh area → (-180, 19)
[Vision] copper_ore at (32, 54, 22) exists but unobtainable — blacklisting exact block
[Vision] Area looks barren/protected — migrating far
[Vision] No usable memory of copper_ore — MIGRATION (200-420m) fresh area → (-156, -41)
[Vision] copper_ore at (32, 54, 22) exists but unobtainable — blacklisting exact block
[Vision] Area looks barren/protected — migrating far
[Vision] No usable memory of copper_ore — MIGRATION (200-420m) fresh area → (-9, 230)
[Vision] copper_ore at (32, 54, 22) exists but unobtainable — blacklisting exact block
[Vision] Area looks barren/protected — migrating far
[Vision] No usable memory of copper_ore — MIGRATION (200-420m) fresh area → (203, -119)
[Vision] copper_ore at (32, 54, 22) exists but unobtainable — blacklisting exact block
[Vision] Area looks barren/protected — migrating far
[Vision] No usable memory of copper_ore — MIGRATION (200-420m) fresh area → (-73, 209)
[Vision] copper_ore at (32, 54, 22) exists but unobtainable — blacklisting exact block
[Vision] Area looks barren/protected — migrating far
[Vision] No usable memory of copper_ore — MIGRATION (200-420m) fresh area → (80, 267)
[Vision] copper_ore at (32, 54, 22) exists but unobtainable — blacklisting exact block
[Vision] Area looks barren/protected — migrating far
[Vision] No usable memory of copper_ore — MIGRATION (200-420m) fresh area → (100, 218)
[Vision] copper_ore at (32, 54, 22) exists but unobtainable — blacklisting exact block
[Vision] Area looks barren/protected — migrating far
[Vision] No usable memory of copper_ore — MIGRATION (200-420m) fresh area → (220, 149)
[Vision] copper_ore at (32, 54, 22) exists but unobtainable — blacklisting exact block
[Vision] Area looks barren/protected — migrating far
[Vision] No usable memory of copper_ore — MIGRATION (200-420m) fresh area → (-63, -160)
[Vision] copper_ore at (32, 54, 22) exists but unobtainable — blacklisting exact block
[Vision] Area looks barren/protected — migrating far
[Vision] No usable memory of copper_ore — MIGRATION (200-420m) fresh area → (-94, -165)
[Vision] copper_ore at (32, 54, 22) exists but unobtainable — blacklisting exact block
[Vision] Area looks barren/protected — migrating far
[Vision] No usable memory of copper_ore — MIGRATION (200-420m) fresh area → (-74, -195)
[Vision] copper_ore at (32, 54, 22) exists but unobtainable — blacklisting exact block
[Vision] Area looks barren/protected — migrating far
[Vision] No usable memory of copper_ore — MIGRATION (200-420m) fresh area → (-69, -145)
[Vision] copper_ore at (32, 54, 22) exists but unobtainable — blacklisting exact block
[Vision] Area looks barren/protected — migrating far
[Vision] No usable memory of copper_ore — MIGRATION (200-420m) fresh area → (-92, 212)
[Vision] copper_ore at (32, 54, 22) exists but unobtainable — blacklisting exact block
[Vision] Area looks barren/protected — migrating far
[Vision] No usable memory of copper_ore — MIGRATION (200-420m) fresh area → (259, 1)
[Vision] copper_ore at (32, 54, 22) exists but unobtainable — blacklisting exact block
[Vision] Area looks barren/protected — migrating far
[Vision] No usable memory of copper_ore — MIGRATION (200-420m) fresh area → (-135, 143)
[Vision] copper_ore at (32, 54, 22) exists but unobtainable — blacklisting exact block
[Vision] Area looks barren/protected — migrating far
[Vision] No usable memory of copper_ore — MIGRATION (200-420m) fresh area → (-135, 146)
[Vision] copper_ore at (32, 54, 22) exists but unobtainable — blacklisting exact block
[Vision] Area looks barren/protected — migrating far
[Vision] No usable memory of copper_ore — MIGRATION (200-420m) fresh area → (-116, 168)
[Vision] copper_ore at (32, 54, 22) exists but unobtainable — blacklisting exact block
[Vision] Area looks barren/protected — migrating far
[Vision] No usable memory of copper_ore — MIGRATION (200-420m) fresh area → (86, -167)
[Vision] copper_ore at (32, 54, 22) exists but unobtainable — blacklisting exact block
[Vision] Area looks barren/protected — migrating far
[Vision] No usable memory of copper_ore — MIGRATION (200-420m) fresh area → (-50, 215)
[Vision] copper_ore at (32, 54, 22) exists but unobtainable — blacklisting exact block
[Vision] Area looks barren/protected — migrating far
[Vision] No usable memory of copper_ore — MIGRATION (200-420m) fresh area → (-101, -134)
[Vision] copper_ore at (32, 54, 22) exists but unobtainable — blacklisting exact block
[Vision] Area looks barren/protected — migrating far
[Vision] No usable memory of copper_ore — MIGRATION (200-420m) fresh area → (-83, -158)
[Vision] copper_ore at (32, 54, 22) exists but unobtainable — blacklisting exact block
[Vision] Area looks barren/protected — migrating far
[Vision] No usable memory of copper_ore — MIGRATION (200-420m) fresh area → (-47, -161)
[Vision] copper_ore at (32, 54, 22) exists but unobtainable — blacklisting exact block
[Vision] Area looks barren/protected — migrating far
[Vision] No usable memory of copper_ore — MIGRATION (200-420m) fresh area → (74, 225)
[Vision] copper_ore at (32, 54, 22) exists but unobtainable — blacklisting exact block
[Vision] Area looks barren/protected — migrating far
[Vision] No usable memory of copper_ore — MIGRATION (200-420m) fresh area → (-127, -100)
[Vision] copper_ore at (32, 54, 22) exists but unobtainable — blacklisting exact block
[Vision] Area looks barren/protected — migrating far
[Vision] No usable memory of copper_ore — MIGRATION (200-420m) fresh area → (233, 0)
[Vision] copper_ore at (32, 54, 22) exists but unobtainable — blacklisting exact block
[Vision] Area looks barren/protected — migrating far
[Vision] No usable memory of copper_ore — MIGRATION (200-420m) fresh area → (126, -159)
[Vision] copper_ore at (32, 54, 22) exists but unobtainable — blacklisting exact block
[Vision] Area looks barren/protected — migrating far
[Vision] No usable memory of copper_ore — MIGRATION (200-420m) fresh area → (262, -42)
[Vision] copper_ore at (32, 54, 22) exists but unobtainable — blacklisting exact block
[Vision] Area looks barren/protected — migrating far
[Vision] No usable memory of copper_ore — MIGRATION (200-420m) fresh area → (245, 18)
[Vision] copper_ore at (32, 54, 22) exists but unobtainable — blacklisting exact block
[Vision] Area looks barren/protected — migrating far
[Vision] No usable memory of copper_ore — MIGRATION (200-420m) fresh area → (238, -37)
[Vision] copper_ore at (32, 54, 22) exists but unobtainable — blacklisting exact block
[Vision] Area looks barren/protected — migrating far
[Vision] No usable memory of copper_ore — MIGRATION (200-420m) fresh area → (-162, -80)
[Vision] copper_ore at (32, 54, 22) exists but unobtainable — blacklisting exact block
[Vision] Area looks barren/protected — migrating far
[Vision] No usable memory of copper_ore — MIGRATION (200-420m) fresh area → (165, -125)
[Vision] copper_ore at (32, 54, 22) exists but unobtainable — blacklisting exact block
[Vision] Area looks barren/protected — migrating far
[Vision] No usable memory of copper_ore — MIGRATION (200-420m) fresh area → (255, 47)
[Vision] copper_ore at (32, 54, 22) exists but unobtainable — blacklisting exact block
[Vision] Area looks barren/protected — migrating far
[Vision] No usable memory of copper_ore — MIGRATION (200-420m) fresh area → (88, 239)
[Vision] copper_ore at (32, 54, 22) exists but unobtainable — blacklisting exact block
[Vision] Area looks barren/protected — migrating far
[Vision] No usable memory of copper_ore — MIGRATION (200-420m) fresh area → (23, -239)
[Vision] copper_ore at (32, 54, 22) exists but unobtainable — blacklisting exact block
[Vision] Area looks barren/protected — migrating far
[Vision] No usable memory of copper_ore — MIGRATION (200-420m) fresh area → (-124, 208)
[Vision] copper_ore at (32, 54, 22) exists but unobtainable — blacklisting exact block
[Vision] Area looks barren/protected — migrating far
[Vision] No usable memory of copper_ore — MIGRATION (200-420m) fresh area → (102, -163)
[Vision] copper_ore at (32, 54, 22) exists but unobtainable — blacklisting exact block
[Vision] Area looks barren/protected — migrating far
[Vision] No usable memory of copper_ore — MIGRATION (200-420m) fresh area → (9, -205)
[Vision] copper_ore at (32, 54, 22) exists but unobtainable — blacklisting exact block
[Vision] Area looks barren/protected — migrating far
[Vision] No usable memory of copper_ore — MIGRATION (200-420m) fresh area → (-101, 185)
[Vision] copper_ore at (32, 54, 22) exists but unobtainable — blacklisting exact block
[Vision] Area looks barren/protected — migrating far
[Vision] No usable memory of copper_ore — MIGRATION (200-420m) fresh area → (95, -170)
[Vision] copper_ore at (32, 54, 22) exists but unobtainable — blacklisting exact block
[Vision] Area looks barren/protected — migrating far
[Vision] No usable memory of copper_ore — MIGRATION (200-420m) fresh area → (249, -12)
[Vision] copper_ore at (32, 54, 22) exists but unobtainable — blacklisting exact block
[Vision] Area looks barren/protected — migrating far
[Vision] No usable memory of copper_ore — MIGRATION (200-420m) fresh area → (-186, -13)
[Vision] copper_ore at (32, 54, 22) exists but unobtainable — blacklisting exact block
[Vision] Area looks barren/protected — migrating far
[Vision] No usable memory of copper_ore — MIGRATION (200-420m) fresh area → (-50, 238)
[Vision] copper_ore at (32, 54, 22) exists but unobtainable — blacklisting exact block
[Vision] Area looks barren/protected — migrating far
[Vision] No usable memory of copper_ore — MIGRATION (200-420m) fresh area → (-113, 226)
[Vision] copper_ore at (32, 54, 22) exists but unobtainable — blacklisting exact block
[Vision] Area looks barren/protected — migrating far
[Vision] No usable memory of copper_ore — MIGRATION (200-420m) fresh area → (266, -13)
[Vision] copper_ore at (32, 54, 22) exists but unobtainable — blacklisting exact block
[Vision] Area looks barren/protected — migrating far
[Vision] No usable memory of copper_ore — MIGRATION (200-420m) fresh area → (-7, 225)
[Vision] copper_ore at (32, 54, 22) exists but unobtainable — blacklisting exact block
[Vision] Area looks barren/protected — migrating far
[Vision] No usable memory of copper_ore — MIGRATION (200-420m) fresh area → (12, 300)
[Vision] copper_ore at (32, 54, 22) exists but unobtainable — blacklisting exact block
[Vision] Area looks barren/protected — migrating far
[Vision] No usable memory of copper_ore — MIGRATION (200-420m) fresh area → (-65, 227)
[Vision] copper_ore at (32, 54, 22) exists but unobtainable — blacklisting exact block
[Vision] Area looks barren/protected — migrating far
[Vision] No usable memory of copper_ore — MIGRATION (200-420m) fresh area → (-194, 61)
[Vision] copper_ore at (32, 54, 22) exists but unobtainable — blacklisting exact block
[Vision] Area looks barren/protected — migrating far
[Vision] No usable memory of copper_ore — MIGRATION (200-420m) fresh area → (-137, 170)
[Vision] copper_ore at (32, 54, 22) exists but unobtainable — blacklisting exact block
[Vision] Area looks barren/protected — migrating far
[Vision] No usable memory of copper_ore — MIGRATION (200-420m) fresh area → (-48, -162)
[Vision] copper_ore at (32, 54, 22) exists but unobtainable — blacklisting exact block
[Vision] Area looks barren/protected — migrating far
[Vision] No usable memory of copper_ore — MIGRATION (200-420m) fresh area → (-80, 258)
[Vision] copper_ore at (32, 54, 22) exists but unobtainable — blacklisting exact block
[Vision] Area looks barren/protected — migrating far
[Vision] No usable memory of copper_ore — MIGRATION (200-420m) fresh area → (143, -198)
[Vision] copper_ore at (32, 54, 22) exists but unobtainable — blacklisting exact block
[Vision] Area looks barren/protected — migrating far
[Vision] No usable memory of copper_ore — MIGRATION (200-420m) fresh area → (194, 151)
[Vision] copper_ore at (32, 54, 22) exists but unobtainable — blacklisting exact block
[Vision] Area looks barren/protected — migrating far
[Vision] No usable memory of copper_ore — MIGRATION (200-420m) fresh area → (-159, 121)
[Vision] copper_ore at (32, 54, 22) exists but unobtainable — blacklisting exact block
[Vision] Area looks barren/protected — migrating far
[Vision] No usable memory of copper_ore — MIGRATION (200-420m) fresh area → (-152, 116)
[Vision] copper_ore at (32, 54, 22) exists but unobtainable — blacklisting exact block
[Vision] Area looks barren/protected — migrating far
[Vision] No usable memory of copper_ore — MIGRATION (200-420m) fresh area → (-164, 143)
[Vision] copper_ore at (32, 54, 22) exists but unobtainable — blacklisting exact block
[Vision] Area looks barren/protected — migrating far
[Vision] No usable memory of copper_ore — MIGRATION (200-420m) fresh area → (-38, 230)
[Vision] copper_ore at (32, 54, 22) exists but unobtainable — blacklisting exact block
[Vision] Area looks barren/protected — migrating far
[Vision] No usable memory of copper_ore — MIGRATION (200-420m) fresh area → (229, -18)
[Vision] copper_ore at (32, 54, 22) exists but unobtainable — blacklisting exact block
[Vision] Area looks barren/protected — migrating far
[Vision] No usable memory of copper_ore — MIGRATION (200-420m) fresh area → (50, -178)
[Vision] copper_ore at (32, 54, 22) exists but unobtainable — blacklisting exact block
[Vision] Area looks barren/protected — migrating far
[Vision] No usable memory of copper_ore — MIGRATION (200-420m) fresh area → (-34, 220)
[Vision] copper_ore at (32, 54, 22) exists but unobtainable — blacklisting exact block
[Vision] Area looks barren/protected — migrating far
[Vision] No usable memory of copper_ore — MIGRATION (200-420m) fresh area → (144, -150)
[Vision] copper_ore at (32, 54, 22) exists but unobtainable — blacklisting exact block
[Vision] Area looks barren/protected — migrating far
[Vision] No usable memory of copper_ore — MIGRATION (200-420m) fresh area → (234, 11)
[Vision] copper_ore at (32, 54, 22) exists but unobtainable — blacklisting exact block
[Vision] Area looks barren/protected — migrating far
[Vision] No usable memory of copper_ore — MIGRATION (200-420m) fresh area → (182, 170)
[Vision] copper_ore at (32, 54, 22) exists but unobtainable — blacklisting exact block
[Vision] Area looks barren/protected — migrating far
[Vision] No usable memory of copper_ore — MIGRATION (200-420m) fresh area → (241, 11)
[Vision] copper_ore at (32, 54, 22) exists but unobtainable — blacklisting exact block
[Vision] Area looks barren/protected — migrating far
[Vision] No usable memory of copper_ore — MIGRATION (200-420m) fresh area → (238, -20)
[Vision] copper_ore at (32, 54, 22) exists but unobtainable — blacklisting exact block
[Vision] Area looks barren/protected — migrating far
[Vision] No usable memory of copper_ore — MIGRATION (200-420m) fresh area → (-168, 15)
[Vision] copper_ore at (32, 54, 22) exists but unobtainable — blacklisting exact block
[Vision] Area looks barren/protected — migrating far
[Vision] No usable memory of copper_ore — MIGRATION (200-420m) fresh area → (170, 177)
[Vision] copper_ore at (32, 54, 22) exists but unobtainable — blacklisting exact block
[Vision] Area looks barren/protected — migrating far
[Vision] No usable memory of copper_ore — MIGRATION (200-420m) fresh area → (2, -170)
[Vision] copper_ore at (32, 54, 22) exists but unobtainable — blacklisting exact block
[Vision] Area looks barren/protected — migrating far
[Vision] No usable memory of copper_ore — MIGRATION (200-420m) fresh area → (232, -38)
[Vision] copper_ore at (32, 54, 22) exists but unobtainable — blacklisting exact block
[Vision] Area looks barren/protected — migrating far
[Vision] No usable memory of copper_ore — MIGRATION (200-420m) fresh area → (212, -63)
[Vision] copper_ore at (32, 54, 22) exists but unobtainable — blacklisting exact block
[Vision] Area looks barren/protected — migrating far
[Vision] No usable memory of copper_ore — MIGRATION (200-420m) fresh area → (-102, 181)
[Vision] copper_ore at (32, 54, 22) exists but unobtainable — blacklisting exact block
[Vision] Area looks barren/protected — migrating far
[Vision] No usable memory of copper_ore — MIGRATION (200-420m) fresh area → (31, 234)
[Vision] copper_ore at (32, 54, 22) exists but unobtainable — blacklisting exact block
[Vision] Area looks barren/protected — migrating far
[Vision] No usable memory of copper_ore — MIGRATION (200-420m) fresh area → (188, 197)
[Vision] copper_ore at (32, 54, 22) exists but unobtainable — blacklisting exact block
[Vision] Area looks barren/protected — migrating far
[Vision] No usable memory of copper_ore — MIGRATION (200-420m) fresh area → (109, -183)
[Vision] copper_ore at (32, 54, 22) exists but unobtainable — blacklisting exact block
[Vision] Area looks barren/protected — migrating far
[Vision] No usable memory of copper_ore — MIGRATION (200-420m) fresh area → (165, -130)
[Vision] copper_ore at (32, 54, 22) exists but unobtainable — blacklisting exact block
[Vision] Area looks barren/protected — migrating far
[Vision] No usable memory of copper_ore — MIGRATION (200-420m) fresh area → (16, -173)
[Vision] copper_ore at (32, 54, 22) exists but unobtainable — blacklisting exact block
[Vision] Area looks barren/protected — migrating far
[Vision] No usable memory of copper_ore — MIGRATION (200-420m) fresh area → (66, 237)
[Vision] copper_ore at (32, 54, 22) exists but unobtainable — blacklisting exact block
[Vision] Area looks barren/protected — migrating far
[Vision] No usable memory of copper_ore — MIGRATION (200-420m) fresh area → (-167, 61)
[Vision] copper_ore at (32, 54, 22) exists but unobtainable — blacklisting exact block
[Vision] Area looks barren/protected — migrating far
[Vision] No usable memory of copper_ore — MIGRATION (200-420m) fresh area → (165, -152)
[Vision] copper_ore at (32, 54, 22) exists but unobtainable — blacklisting exact block
[Vision] Area looks barren/protected — migrating far
[Vision] No usable memory of copper_ore — MIGRATION (200-420m) fresh area → (226, 82)
[Vision] copper_ore at (32, 54, 22) exists but unobtainable — blacklisting exact block
[Vision] Area looks barren/protected — migrating far
[Vision] No usable memory of copper_ore — MIGRATION (200-420m) fresh area → (219, -60)
[Vision] copper_ore at (32, 54, 22) exists but unobtainable — blacklisting exact block
[Vision] Area looks barren/protected — migrating far
[Vision] No usable memory of copper_ore — MIGRATION (200-420m) fresh area → (-17, 254)
[Vision] copper_ore at (32, 54, 22) exists but unobtainable — blacklisting exact block
[Vision] Area looks barren/protected — migrating far
[Vision] No usable memory of copper_ore — MIGRATION (200-420m) fresh area → (-127, -100)
[Vision] copper_ore at (32, 54, 22) exists but unobtainable — blacklisting exact block
[Vision] Area looks barren/protected — migrating far
[Vision] No usable memory of copper_ore — MIGRATION (200-420m) fresh area → (-141, 129)
[Vision] copper_ore at (32, 54, 22) exists but unobtainable — blacklisting exact block
[Vision] Area looks barren/protected — migrating far
[Vision] No usable memory of copper_ore — MIGRATION (200-420m) fresh area → (182, 175)
[Vision] copper_ore at (32, 54, 22) exists but unobtainable — blacklisting exact block
[Vision] Area looks barren/protected — migrating far
[Vision] No usable memory of copper_ore — MIGRATION (200-420m) fresh area → (-155, 107)
[Vision] copper_ore at (32, 54, 22) exists but unobtainable — blacklisting exact block
[Vision] Area looks barren/protected — migrating far
[Vision] No usable memory of copper_ore — MIGRATION (200-420m) fresh area → (99, 228)
[Vision] copper_ore at (32, 54, 22) exists but unobtainable — blacklisting exact block
[Vision] Area looks barren/protected — migrating far
[Vision] No usable memory of copper_ore — MIGRATION (200-420m) fresh area → (239, -1)
[Vision] copper_ore at (32, 54, 22) exists but unobtainable — blacklisting exact block
[Vision] Area looks barren/protected — migrating far
[Vision] No usable memory of copper_ore — MIGRATION (200-420m) fresh area → (-187, 108)
[Vision] copper_ore at (32, 54, 22) exists but unobtainable — blacklisting exact block
[Vision] Area looks barren/protected — migrating far
[Vision] No usable memory of copper_ore — MIGRATION (200-420m) fresh area → (27, -176)
[Vision] copper_ore at (32, 54, 22) exists but unobtainable — blacklisting exact block
[Vision] Area looks barren/protected — migrating far
[Vision] No usable memory of copper_ore — MIGRATION (200-420m) fresh area → (-141, -77)
[Vision] copper_ore at (32, 54, 22) exists but unobtainable — blacklisting exact block
[Vision] Area looks barren/protected — migrating far
[Vision] No usable memory of copper_ore — MIGRATION (200-420m) fresh area → (98, 220)
[Vision] copper_ore at (32, 54, 22) exists but unobtainable — blacklisting exact block
[Vision] Area looks barren/protected — migrating far
[Vision] No usable memory of copper_ore — MIGRATION (200-420m) fresh area → (-93, -165)
[Vision] copper_ore at (32, 54, 22) exists but unobtainable — blacklisting exact block
[Vision] Area looks barren/protected — migrating far
[Vision] No usable memory of copper_ore — MIGRATION (200-420m) fresh area → (-167, -8)
[Vision] copper_ore at (32, 54, 22) exists but unobtainable — blacklisting exact block
[Vision] Area looks barren/protected — migrating far
[Vision] No usable memory of copper_ore — MIGRATION (200-420m) fresh area → (-14, -175)
[Vision] copper_ore at (32, 54, 22) exists but unobtainable — blacklisting exact block
[Vision] Area looks barren/protected — migrating far
[Vision] No usable memory of copper_ore — MIGRATION (200-420m) fresh area → (118, -154)
[Vision] copper_ore at (32, 54, 22) exists but unobtainable — blacklisting exact block
[Vision] Area looks barren/protected — migrating far
[Vision] No usable memory of copper_ore — MIGRATION (200-420m) fresh area → (-175, 8)
[Vision] copper_ore at (32, 54, 22) exists but unobtainable — blacklisting exact block
[Vision] Area looks barren/protected — migrating far
[Vision] No usable memory of copper_ore — MIGRATION (200-420m) fresh area → (233, 34)
[Vision] copper_ore at (32, 54, 22) exists but unobtainable — blacklisting exact block
[Vision] Area looks barren/protected — migrating far
[Vision] No usable memory of copper_ore — MIGRATION (200-420m) fresh area → (-130, 151)
[Vision] copper_ore at (32, 54, 22) exists but unobtainable — blacklisting exact block
[Vision] Area looks barren/protected — migrating far
[Vision] No usable memory of copper_ore — MIGRATION (200-420m) fresh area → (-83, 192)
[Vision] copper_ore at (32, 54, 22) exists but unobtainable — blacklisting exact block
[Vision] Area looks barren/protected — migrating far
[Vision] No usable memory of copper_ore — MIGRATION (200-420m) fresh area → (-21, -166)
[Vision] copper_ore at (32, 54, 22) exists but unobtainable — blacklisting exact block
[Vision] Area looks barren/protected — migrating far
[Vision] No usable memory of copper_ore — MIGRATION (200-420m) fresh area → (218, 126)
[Vision] copper_ore at (32, 54, 22) exists but unobtainable — blacklisting exact block
[Vision] Area looks barren/protected — migrating far
[Vision] No usable memory of copper_ore — MIGRATION (200-420m) fresh area → (-161, 103)
[Vision] copper_ore at (32, 54, 22) exists but unobtainable — blacklisting exact block
[Vision] Area looks barren/protected — migrating far
[Vision] No usable memory of copper_ore — MIGRATION (200-420m) fresh area → (243, 116)
[Vision] copper_ore at (32, 54, 22) exists but unobtainable — blacklisting exact block
[Vision] Area looks barren/protected — migrating far
[Vision] No usable memory of copper_ore — MIGRATION (200-420m) fresh area → (-41, -159)
[Vision] copper_ore at (32, 54, 22) exists but unobtainable — blacklisting exact block
[Vision] Area looks barren/protected — migrating far
[Vision] No usable memory of copper_ore — MIGRATION (200-420m) fresh area → (-12, 239)
[Vision] copper_ore at (32, 54, 22) exists but unobtainable — blacklisting exact block
[Vision] Area looks barren/protected — migrating far
[Vision] No usable memory of copper_ore — MIGRATION (200-420m) fresh area → (202, 169)
[Vision] copper_ore at (32, 54, 22) exists but unobtainable — blacklisting exact block
[Vision] Area looks barren/protected — migrating far
[Vision] No usable memory of copper_ore — MIGRATION (200-420m) fresh area → (16, -176)
[Vision] copper_ore at (32, 54, 22) exists but unobtainable — blacklisting exact block
[Vision] Area looks barren/protected — migrating far
[Vision] No usable memory of copper_ore — MIGRATION (200-420m) fresh area → (165, 180)
[Vision] copper_ore at (32, 54, 22) exists but unobtainable — blacklisting exact block
[Vision] Area looks barren/protected — migrating far
[Vision] No usable memory of copper_ore — MIGRATION (200-420m) fresh area → (91, -171)
[Vision] copper_ore at (32, 54, 22) exists but unobtainable — blacklisting exact block
[Vision] Area looks barren/protected — migrating far
[Vision] No usable memory of copper_ore — MIGRATION (200-420m) fresh area → (-176, 47)
[Vision] copper_ore at (32, 54, 22) exists but unobtainable — blacklisting exact block
[Vision] Area looks barren/protected — migrating far
[Vision] No usable memory of copper_ore — MIGRATION (200-420m) fresh area → (-89, 211)
[Vision] copper_ore at (32, 54, 22) exists but unobtainable — blacklisting exact block
[Vision] Area looks barren/protected — migrating far
[Vision] No usable memory of copper_ore — MIGRATION (200-420m) fresh area → (-170, 23)
[Vision] copper_ore at (32, 54, 22) exists but unobtainable — blacklisting exact block
[Vision] Area looks barren/protected — migrating far
[Vision] No usable memory of copper_ore — MIGRATION (200-420m) fresh area → (205, 141)
[Vision] copper_ore at (32, 54, 22) exists but unobtainable — blacklisting exact block
[Vision] Area looks barren/protected — migrating far
[Vision] No usable memory of copper_ore — MIGRATION (200-420m) fresh area → (145, -172)
[Vision] copper_ore at (32, 54, 22) exists but unobtainable — blacklisting exact block
[Vision] Area looks barren/protected — migrating far
[Vision] No usable memory of copper_ore — MIGRATION (200-420m) fresh area → (-87, -144)
[Vision] copper_ore at (32, 54, 22) exists but unobtainable — blacklisting exact block
[Vision] Area looks barren/protected — migrating far
[Vision] No usable memory of copper_ore — MIGRATION (200-420m) fresh area → (-113, 177)
[Vision] copper_ore at (32, 54, 22) exists but unobtainable — blacklisting exact block
[Vision] Area looks barren/protected — migrating far
[Vision] No usable memory of copper_ore — MIGRATION (200-420m) fresh area → (-220, 20)
[Vision] copper_ore at (32, 54, 22) exists but unobtainable — blacklisting exact block
[Vision] Area looks barren/protected — migrating far
[Vision] No usable memory of copper_ore — MIGRATION (200-420m) fresh area → (156, 241)
[Vision] copper_ore at (32, 54, 22) exists but unobtainable — blacklisting exact block
[Vision] Area looks barren/protected — migrating far
[Vision] No usable memory of copper_ore — MIGRATION (200-420m) fresh area → (222, -37)
[Vision] copper_ore at (32, 54, 22) exists but unobtainable — blacklisting exact block
[Vision] Area looks barren/protected — migrating far
[Vision] No usable memory of copper_ore — MIGRATION (200-420m) fresh area → (-126, 160)
[Vision] copper_ore at (32, 54, 22) exists but unobtainable — blacklisting exact block
[Vision] Area looks barren/protected — migrating far
[Vision] No usable memory of copper_ore — MIGRATION (200-420m) fresh area → (222, 137)
[Vision] copper_ore at (32, 54, 22) exists but unobtainable — blacklisting exact block
[Vision] Area looks barren/protected — migrating far
[Vision] No usable memory of copper_ore — MIGRATION (200-420m) fresh area → (241, 104)
[Vision] copper_ore at (32, 54, 22) exists but unobtainable — blacklisting exact block
[Vision] Area looks barren/protected — migrating far
[Vision] No usable memory of copper_ore — MIGRATION (200-420m) fresh area → (225, -71)
[Vision] copper_ore at (32, 54, 22) exists but unobtainable — blacklisting exact block
[Vision] Area looks barren/protected — migrating far
[Vision] No usable memory of copper_ore — MIGRATION (200-420m) fresh area → (-163, -60)
[Vision] copper_ore at (32, 54, 22) exists but unobtainable — blacklisting exact block
[Vision] Area looks barren/protected — migrating far
[Vision] No usable memory of copper_ore — MIGRATION (200-420m) fresh area → (-137, -87)
[Vision] copper_ore at (32, 54, 22) exists but unobtainable — blacklisting exact block
[Vision] Area looks barren/protected — migrating far
[Vision] No usable memory of copper_ore — MIGRATION (200-420m) fresh area → (263, -46)
[Vision] copper_ore at (32, 54, 22) exists but unobtainable — blacklisting exact block
[Vision] Area looks barren/protected — migrating far
[Vision] No usable memory of copper_ore — MIGRATION (200-420m) fresh area → (203, -78)
[Vision] copper_ore at (32, 54, 22) exists but unobtainable — blacklisting exact block
[Vision] Area looks barren/protected — migrating far
[Vision] No usable memory of copper_ore — MIGRATION (200-420m) fresh area → (223, 138)
[Vision] copper_ore at (32, 54, 22) exists but unobtainable — blacklisting exact block
[Vision] Area looks barren/protected — migrating far
[Vision] No usable memory of copper_ore — MIGRATION (200-420m) fresh area → (227, 135)
[Vision] copper_ore at (32, 54, 22) exists but unobtainable — blacklisting exact block
[Vision] Area looks barren/protected — migrating far
[Vision] No usable memory of copper_ore — MIGRATION (200-420m) fresh area → (209, 125)
[Vision] copper_ore at (32, 54, 22) exists but unobtainable — blacklisting exact block
[Vision] Area looks barren/protected — migrating far
[Vision] No usable memory of copper_ore — MIGRATION (200-420m) fresh area → (-174, -16)
[Vision] copper_ore at (32, 54, 22) exists but unobtainable — blacklisting exact block
[Vision] Area looks barren/protected — migrating far
[Vision] No usable memory of copper_ore — MIGRATION (200-420m) fresh area → (-153, 139)
[Vision] copper_ore at (32, 54, 22) exists but unobtainable — blacklisting exact block
[Vision] Area looks barren/protected — migrating far
[Vision] No usable memory of copper_ore — MIGRATION (200-420m) fresh area → (246, -48)
[Vision] copper_ore at (32, 54, 22) exists but unobtainable — blacklisting exact block
[Vision] Area looks barren/protected — migrating far
[Vision] No usable memory of copper_ore — MIGRATION (200-420m) fresh area → (-176, 12)
[Vision] copper_ore at (32, 54, 22) exists but unobtainable — blacklisting exact block
[Vision] Area looks barren/protected — migrating far
[Vision] No usable memory of copper_ore — MIGRATION (200-420m) fresh area → (-135, -109)
[Vision] copper_ore at (32, 54, 22) exists but unobtainable — blacklisting exact block
[Vision] Area looks barren/protected — migrating far
[Vision] No usable memory of copper_ore — MIGRATION (200-420m) fresh area → (-13, 225)
[Vision] copper_ore at (32, 54, 22) exists but unobtainable — blacklisting exact block
[Vision] Area looks barren/protected — migrating far
[Vision] No usable memory of copper_ore — MIGRATION (200-420m) fresh area → (239, 99)
[Vision] copper_ore at (32, 54, 22) exists but unobtainable — blacklisting exact block
[Vision] Area looks barren/protected — migrating far
[Vision] No usable memory of copper_ore — MIGRATION (200-420m) fresh area → (-65, 205)
[Vision] copper_ore at (32, 54, 22) exists but unobtainable — blacklisting exact block
[Vision] Area looks barren/protected — migrating far
[Vision] No usable memory of copper_ore — MIGRATION (200-420m) fresh area → (130, -181)
[Vision] copper_ore at (32, 54, 22) exists but unobtainable — blacklisting exact block
[Vision] Area looks barren/protected — migrating far
[Vision] No usable memory of copper_ore — MIGRATION (200-420m) fresh area → (-7, -182)
[Vision] copper_ore at (32, 54, 22) exists but unobtainable — blacklisting exact block
[Vision] Area looks barren/protected — migrating far
[Vision] No usable memory of copper_ore — MIGRATION (200-420m) fresh area → (-204, 99)
[Vision] copper_ore at (32, 54, 22) exists but unobtainable — blacklisting exact block
[Vision] Area looks barren/protected — migrating far
[Vision] No usable memory of copper_ore — MIGRATION (200-420m) fresh area → (-51, -161)
[Vision] copper_ore at (32, 54, 22) exists but unobtainable — blacklisting exact block
[Vision] Area looks barren/protected — migrating far
[Vision] No usable memory of copper_ore — MIGRATION (200-420m) fresh area → (-95, -136)
[Vision] copper_ore at (32, 54, 22) exists but unobtainable — blacklisting exact block
[Vision] Area looks barren/protected — migrating far
[Vision] No usable memory of copper_ore — MIGRATION (200-420m) fresh area → (197, -95)
[Vision] copper_ore at (32, 54, 22) exists but unobtainable — blacklisting exact block
[Vision] Area looks barren/protected — migrating far
[Vision] No usable memory of copper_ore — MIGRATION (200-420m) fresh area → (243, 110)
[Vision] copper_ore at (32, 54, 22) exists but unobtainable — blacklisting exact block
[Vision] Area looks barren/protected — migrating far
[Vision] No usable memory of copper_ore — MIGRATION (200-420m) fresh area → (22, 229)
[Vision] copper_ore at (32, 54, 22) exists but unobtainable — blacklisting exact block
[Vision] Area looks barren/protected — migrating far
[Vision] No usable memory of copper_ore — MIGRATION (200-420m) fresh area → (198, 146)
[Vision] copper_ore at (32, 54, 22) exists but unobtainable — blacklisting exact block
[Vision] Area looks barren/protected — migrating far
[Vision] No usable memory of copper_ore — MIGRATION (200-420m) fresh area → (-167, -4)
[Vision] copper_ore at (32, 54, 22) exists but unobtainable — blacklisting exact block
[Vision] Area looks barren/protected — migrating far
[Vision] No usable memory of copper_ore — MIGRATION (200-420m) fresh area → (102, 218)
[Vision] copper_ore at (32, 54, 22) exists but unobtainable — blacklisting exact block
[Vision] Area looks barren/protected — migrating far
[Vision] No usable memory of copper_ore — MIGRATION (200-420m) fresh area → (-122, -114)
[Vision] copper_ore at (32, 54, 22) exists but unobtainable — blacklisting exact block
[Vision] Area looks barren/protected — migrating far
[Vision] No usable memory of copper_ore — MIGRATION (200-420m) fresh area → (-184, 67)
[Vision] copper_ore at (32, 54, 22) exists but unobtainable — blacklisting exact block
[Vision] Area looks barren/protected — migrating far
[Vision] No usable memory of copper_ore — MIGRATION (200-420m) fresh area → (104, 230)
[Vision] copper_ore at (32, 54, 22) exists but unobtainable — blacklisting exact block
[Vision] Area looks barren/protected — migrating far
[Vision] No usable memory of copper_ore — MIGRATION (200-420m) fresh area → (24, -178)
[Vision] copper_ore at (32, 54, 22) exists but unobtainable — blacklisting exact block
[Vision] Area looks barren/protected — migrating far
[Vision] No usable memory of copper_ore — MIGRATION (200-420m) fresh area → (-171, 7)
[Vision] copper_ore at (32, 54, 22) exists but unobtainable — blacklisting exact block
[Vision] Area looks barren/protected — migrating far
[Vision] No usable memory of copper_ore — MIGRATION (200-420m) fresh area → (243, 156)
[Vision] copper_ore at (32, 54, 22) exists but unobtainable — blacklisting exact block
[Vision] Area looks barren/protected — migrating far
[Vision] No usable memory of copper_ore — MIGRATION (200-420m) fresh area → (-160, 106)
[Vision] copper_ore at (32, 54, 22) exists but unobtainable — blacklisting exact block
[Vision] Area looks barren/protected — migrating far
[Vision] No usable memory of copper_ore — MIGRATION (200-420m) fresh area → (-161, -42)
[Vision] copper_ore at (32, 54, 22) exists but unobtainable — blacklisting exact block
[Vision] Area looks barren/protected — migrating far
[Vision] No usable memory of copper_ore — MIGRATION (200-420m) fresh area → (118, 248)
[Vision] copper_ore at (32, 54, 22) exists but unobtainable — blacklisting exact block
[Vision] Area looks barren/protected — migrating far
[Vision] No usable memory of copper_ore — MIGRATION (200-420m) fresh area → (116, -177)
[Vision] copper_ore at (32, 54, 22) exists but unobtainable — blacklisting exact block
[Vision] Area looks barren/protected — migrating far
[Vision] No usable memory of copper_ore — MIGRATION (200-420m) fresh area → (-116, 176)
[Vision] copper_ore at (32, 54, 22) exists but unobtainable — blacklisting exact block
[Vision] Area looks barren/protected — migrating far
[Vision] No usable memory of copper_ore — MIGRATION (200-420m) fresh area → (35, 235)
[Vision] copper_ore at (32, 54, 22) exists but unobtainable — blacklisting exact block
[Vision] Area looks barren/protected — migrating far
[Vision] No usable memory of copper_ore — MIGRATION (200-420m) fresh area → (-96, 205)
[Vision] copper_ore at (32, 54, 22) exists but unobtainable — blacklisting exact block
[Vision] Area looks barren/protected — migrating far
[Vision] No usable memory of copper_ore — MIGRATION (200-420m) fresh area → (219, 115)
[Vision] copper_ore at (32, 54, 22) exists but unobtainable — blacklisting exact block
[Vision] Area looks barren/protected — migrating far
[Vision] No usable memory of copper_ore — MIGRATION (200-420m) fresh area → (-5, -185)
[Vision] copper_ore at (32, 54, 22) exists but unobtainable — blacklisting exact block
[Vision] Area looks barren/protected — migrating far
[Vision] No usable memory of copper_ore — MIGRATION (200-420m) fresh area → (-169, 44)
[Vision] copper_ore at (32, 54, 22) exists but unobtainable — blacklisting exact block
[Vision] Area looks barren/protected — migrating far
[Vision] No usable memory of copper_ore — MIGRATION (200-420m) fresh area → (247, 11)
[Vision] copper_ore at (32, 54, 22) exists but unobtainable — blacklisting exact block
[Vision] Area looks barren/protected — migrating far
[Vision] No usable memory of copper_ore — MIGRATION (200-420m) fresh area → (54, 230)
[Vision] copper_ore at (32, 54, 22) exists but unobtainable — blacklisting exact block
[Vision] Area looks barren/protected — migrating far
[Vision] No usable memory of copper_ore — MIGRATION (200-420m) fresh area → (-192, 56)
[Vision] copper_ore at (32, 54, 22) exists but unobtainable — blacklisting exact block
[Vision] Area looks barren/protected — migrating far
[Vision] No usable memory of copper_ore — MIGRATION (200-420m) fresh area → (-132, -91)
[Vision] copper_ore at (32, 54, 22) exists but unobtainable — blacklisting exact block
[Vision] Area looks barren/protected — migrating far
[Vision] No usable memory of copper_ore — MIGRATION (200-420m) fresh area → (137, 202)
[Vision] copper_ore at (32, 54, 22) exists but unobtainable — blacklisting exact block
[Vision] Area looks barren/protected — migrating far
[Vision] No usable memory of copper_ore — MIGRATION (200-420m) fresh area → (147, -161)
[Vision] copper_ore at (32, 54, 22) exists but unobtainable — blacklisting exact block
[Vision] Area looks barren/protected — migrating far
[Vision] No usable memory of copper_ore — MIGRATION (200-420m) fresh area → (71, 230)
[Vision] copper_ore at (32, 54, 22) exists but unobtainable — blacklisting exact block
[Vision] Area looks barren/protected — migrating far
[Vision] No usable memory of copper_ore — MIGRATION (200-420m) fresh area → (195, 192)
[Vision] copper_ore at (32, 54, 22) exists but unobtainable — blacklisting exact block
[Vision] Area looks barren/protected — migrating far
[Vision] No usable memory of copper_ore — MIGRATION (200-420m) fresh area → (-125, 155)
[Vision] copper_ore at (32, 54, 22) exists but unobtainable — blacklisting exact block
[Vision] Area looks barren/protected — migrating far
[Vision] No usable memory of copper_ore — MIGRATION (200-420m) fresh area → (-34, 244)
[Vision] copper_ore at (32, 54, 22) exists but unobtainable — blacklisting exact block
[Vision] Area looks barren/protected — migrating far
[Vision] No usable memory of copper_ore — MIGRATION (200-420m) fresh area → (-22, 264)
[Vision] copper_ore at (32, 54, 22) exists but unobtainable — blacklisting exact block
[Vision] Area looks barren/protected — migrating far
[Vision] No usable memory of copper_ore — MIGRATION (200-420m) fresh area → (-172, -2)
[Vision] copper_ore at (32, 54, 22) exists but unobtainable — blacklisting exact block
[Vision] Area looks barren/protected — migrating far
[Vision] No usable memory of copper_ore — MIGRATION (200-420m) fresh area → (59, 256)
[Vision] copper_ore at (32, 54, 22) exists but unobtainable — blacklisting exact block
[Vision] Area looks barren/protected — migrating far
[Vision] No usable memory of copper_ore — MIGRATION (200-420m) fresh area → (236, 129)
[Vision] copper_ore at (32, 54, 22) exists but unobtainable — blacklisting exact block
[Vision] Area looks barren/protected — migrating far
[Vision] No usable memory of copper_ore — MIGRATION (200-420m) fresh area → (141, 221)
[Vision] copper_ore at (32, 54, 22) exists but unobtainable — blacklisting exact block
[Vision] Area looks barren/protected — migrating far
[Vision] No usable memory of copper_ore — MIGRATION (200-420m) fresh area → (-171, 61)
[Vision] copper_ore at (32, 54, 22) exists but unobtainable — blacklisting exact block
[Vision] Area looks barren/protected — migrating far
[Vision] No usable memory of copper_ore — MIGRATION (200-420m) fresh area → (-178, 37)
[Vision] copper_ore at (32, 54, 22) exists but unobtainable — blacklisting exact block
[Vision] Area looks barren/protected — migrating far
[Vision] No usable memory of copper_ore — MIGRATION (200-420m) fresh area → (158, -145)
[Vision] copper_ore at (32, 54, 22) exists but unobtainable — blacklisting exact block
[Vision] Area looks barren/protected — migrating far
[Vision] No usable memory of copper_ore — MIGRATION (200-420m) fresh area → (220, -64)
[Vision] copper_ore at (32, 54, 22) exists but unobtainable — blacklisting exact block
[Vision] Area looks barren/protected — migrating far
[Vision] No usable memory of copper_ore — MIGRATION (200-420m) fresh area → (8, 237)
[Vision] copper_ore at (32, 54, 22) exists but unobtainable — blacklisting exact block
[Vision] Area looks barren/protected — migrating far
[Vision] No usable memory of copper_ore — MIGRATION (200-420m) fresh area → (246, -62)
[Vision] copper_ore at (32, 54, 22) exists but unobtainable — blacklisting exact block
[Vision] Area looks barren/protected — migrating far
[Vision] No usable memory of copper_ore — MIGRATION (200-420m) fresh area → (-186, 65)
[Vision] copper_ore at (32, 54, 22) exists but unobtainable — blacklisting exact block
[Vision] Area looks barren/protected — migrating far
[Vision] No usable memory of copper_ore — MIGRATION (200-420m) fresh area → (242, 6)
[Vision] copper_ore at (32, 54, 22) exists but unobtainable — blacklisting exact block
[Vision] Area looks barren/protected — migrating far
[Vision] No usable memory of copper_ore — MIGRATION (200-420m) fresh area → (-143, 128)
[Vision] copper_ore at (32, 54, 22) exists but unobtainable — blacklisting exact block
[Vision] Area looks barren/protected — migrating far
[Vision] No usable memory of copper_ore — MIGRATION (200-420m) fresh area → (0, -187)
[Vision] copper_ore at (32, 54, 22) exists but unobtainable — blacklisting exact block
[Vision] Area looks barren/protected — migrating far
[Vision] No usable memory of copper_ore — MIGRATION (200-420m) fresh area → (81, -170)
[Vision] copper_ore at (32, 54, 22) exists but unobtainable — blacklisting exact block
[Vision] Area looks barren/protected — migrating far
[Vision] No usable memory of copper_ore — MIGRATION (200-420m) fresh area → (237, 12)
[Vision] copper_ore at (32, 54, 22) exists but unobtainable — blacklisting exact block
[Vision] Area looks barren/protected — migrating far
[Vision] No usable memory of copper_ore — MIGRATION (200-420m) fresh area → (-100, -150)
[Vision] copper_ore at (32, 54, 22) exists but unobtainable — blacklisting exact block
[Vision] Area looks barren/protected — migrating far
[Vision] No usable memory of copper_ore — MIGRATION (200-420m) fresh area → (237, -1)
[Vision] copper_ore at (32, 54, 22) exists but unobtainable — blacklisting exact block
[Vision] Area looks barren/protected — migrating far
[Vision] No usable memory of copper_ore — MIGRATION (200-420m) fresh area → (238, 7)
[Vision] copper_ore at (32, 54, 22) exists but unobtainable — blacklisting exact block
[Vision] Area looks barren/protected — migrating far
[Vision] No usable memory of copper_ore — MIGRATION (200-420m) fresh area → (245, 22)
[Vision] copper_ore at (32, 54, 22) exists but unobtainable — blacklisting exact block
[Vision] Area looks barren/protected — migrating far
[Vision] No usable memory of copper_ore — MIGRATION (200-420m) fresh area → (-109, -126)
[Vision] copper_ore at (32, 54, 22) exists but unobtainable — blacklisting exact block
[Vision] Area looks barren/protected — migrating far
[Vision] No usable memory of copper_ore — MIGRATION (200-420m) fresh area → (-18, 226)
[Vision] copper_ore at (32, 54, 22) exists but unobtainable — blacklisting exact block
[Vision] Area looks barren/protected — migrating far
[Vision] No usable memory of copper_ore — MIGRATION (200-420m) fresh area → (-153, -81)
[Vision] copper_ore at (32, 54, 22) exists but unobtainable — blacklisting exact block
[Vision] Area looks barren/protected — migrating far
[Vision] No usable memory of copper_ore — MIGRATION (200-420m) fresh area → (-58, 213)
[Vision] copper_ore at (32, 54, 22) exists but unobtainable — blacklisting exact block
[Vision] Area looks barren/protected — migrating far
[Vision] No usable memory of copper_ore — MIGRATION (200-420m) fresh area → (234, 47)
[Vision] copper_ore at (32, 54, 22) exists but unobtainable — blacklisting exact block
[Vision] Area looks barren/protected — migrating far
[Vision] No usable memory of copper_ore — MIGRATION (200-420m) fresh area → (112, 244)
[Vision] copper_ore at (32, 54, 22) exists but unobtainable — blacklisting exact block
[Vision] Area looks barren/protected — migrating far
[Vision] No usable memory of copper_ore — MIGRATION (200-420m) fresh area → (203, -82)
[Vision] copper_ore at (32, 54, 22) exists but unobtainable — blacklisting exact block
[Vision] Area looks barren/protected — migrating far
[Vision] No usable memory of copper_ore — MIGRATION (200-420m) fresh area → (75, -187)
[Vision] copper_ore at (32, 54, 22) exists but unobtainable — blacklisting exact block
[Vision] Area looks barren/protected — migrating far
[Vision] No usable memory of copper_ore — MIGRATION (200-420m) fresh area → (127, -178)
[Vision] copper_ore at (32, 54, 22) exists but unobtainable — blacklisting exact block
[Vision] Area looks barren/protected — migrating far
[Vision] No usable memory of copper_ore — MIGRATION (200-420m) fresh area → (-180, 2)
[Vision] copper_ore at (32, 54, 22) exists but unobtainable — blacklisting exact block
[Vision] Area looks barren/protected — migrating far
[Vision] No usable memory of copper_ore — MIGRATION (200-420m) fresh area → (191, 157)
[Vision] copper_ore at (32, 54, 22) exists but unobtainable — blacklisting exact block
[Vision] Area looks barren/protected — migrating far
[Vision] No usable memory of copper_ore — MIGRATION (200-420m) fresh area → (-183, 36)
[Vision] copper_ore at (32, 54, 22) exists but unobtainable — blacklisting exact block
[Vision] Area looks barren/protected — migrating far
[Vision] No usable memory of copper_ore — MIGRATION (200-420m) fresh area → (218, -67)
[Vision] copper_ore at (32, 54, 22) exists but unobtainable — blacklisting exact block
[Vision] Area looks barren/protected — migrating far
[Vision] No usable memory of copper_ore — MIGRATION (200-420m) fresh area → (-59, 218)
[Vision] copper_ore at (32, 54, 22) exists but unobtainable — blacklisting exact block
[Vision] Area looks barren/protected — migrating far
[Vision] No usable memory of copper_ore — MIGRATION (200-420m) fresh area → (134, 205)
[Vision] copper_ore at (32, 54, 22) exists but unobtainable — blacklisting exact block
[Vision] Area looks barren/protected — migrating far
[Vision] No usable memory of copper_ore — MIGRATION (200-420m) fresh area → (-183, 48)
[Vision] copper_ore at (32, 54, 22) exists but unobtainable — blacklisting exact block
[Vision] Area looks barren/protected — migrating far
[Vision] No usable memory of copper_ore — MIGRATION (200-420m) fresh area → (-50, 216)
[Vision] copper_ore at (32, 54, 22) exists but unobtainable — blacklisting exact block
[Vision] Area looks barren/protected — migrating far
[Vision] No usable memory of copper_ore — MIGRATION (200-420m) fresh area → (163, 236)
[Vision] copper_ore at (32, 54, 22) exists but unobtainable — blacklisting exact block
[Vision] Area looks barren/protected — migrating far
[Vision] No usable memory of copper_ore — MIGRATION (200-420m) fresh area → (229, 118)
[Vision] copper_ore at (32, 54, 22) exists but unobtainable — blacklisting exact block
[Vision] Area looks barren/protected — migrating far
[Vision] No usable memory of copper_ore — MIGRATION (200-420m) fresh area → (-98, 188)
[Vision] copper_ore at (32, 54, 22) exists but unobtainable — blacklisting exact block
[Vision] Area looks barren/protected — migrating far
[Vision] No usable memory of copper_ore — MIGRATION (200-420m) fresh area → (257, 88)
[Vision] copper_ore at (32, 54, 22) exists but unobtainable — blacklisting exact block
[Vision] Area looks barren/protected — migrating far
[Vision] No usable memory of copper_ore — MIGRATION (200-420m) fresh area → (167, -134)
[Vision] copper_ore at (32, 54, 22) exists but unobtainable — blacklisting exact block
[Vision] Area looks barren/protected — migrating far
[Vision] No usable memory of copper_ore — MIGRATION (200-420m) fresh area → (153, -132)
[Vision] copper_ore at (32, 54, 22) exists but unobtainable — blacklisting exact block
[Vision] Area looks barren/protected — migrating far
[Vision] No usable memory of copper_ore — MIGRATION (200-420m) fresh area → (242, -25)
[Vision] copper_ore at (32, 54, 22) exists but unobtainable — blacklisting exact block
[Vision] Area looks barren/protected — migrating far
[Vision] No usable memory of copper_ore — MIGRATION (200-420m) fresh area → (264, 89)
[Vision] copper_ore at (32, 54, 22) exists but unobtainable — blacklisting exact block
[Vision] Area looks barren/protected — migrating far
[Vision] No usable memory of copper_ore — MIGRATION (200-420m) fresh area → (235, 45)
[Vision] copper_ore at (32, 54, 22) exists but unobtainable — blacklisting exact block
[Vision] Area looks barren/protected — migrating far
[Vision] No usable memory of copper_ore — MIGRATION (200-420m) fresh area → (-9, -170)
[Vision] copper_ore at (32, 54, 22) exists but unobtainable — blacklisting exact block
[Vision] Area looks barren/protected — migrating far
[Vision] No usable memory of copper_ore — MIGRATION (200-420m) fresh area → (-172, 5)
[Vision] copper_ore at (32, 54, 22) exists but unobtainable — blacklisting exact block
[Vision] Area looks barren/protected — migrating far
[Vision] No usable memory of copper_ore — MIGRATION (200-420m) fresh area → (-76, -144)
[Vision] copper_ore at (32, 54, 22) exists but unobtainable — blacklisting exact block
[Vision] Area looks barren/protected — migrating far
[Vision] No usable memory of copper_ore — MIGRATION (200-420m) fresh area → (-132, 152)
[Vision] copper_ore at (32, 54, 22) exists but unobtainable — blacklisting exact block
[Vision] Area looks barren/protected — migrating far
[Vision] No usable memory of copper_ore — MIGRATION (200-420m) fresh area → (-184, 80)
[Vision] copper_ore at (32, 54, 22) exists but unobtainable — blacklisting exact block
[Vision] Area looks barren/protected — migrating far
[Vision] No usable memory of copper_ore — MIGRATION (200-420m) fresh area → (39, 258)
[Vision] copper_ore at (32, 54, 22) exists but unobtainable — blacklisting exact block
[Vision] Area looks barren/protected — migrating far
[Vision] No usable memory of copper_ore — MIGRATION (200-420m) fresh area → (239, 60)
[Vision] copper_ore at (32, 54, 22) exists but unobtainable — blacklisting exact block
[Vision] Area looks barren/protected — migrating far
[Vision] No usable memory of copper_ore — MIGRATION (200-420m) fresh area → (193, 159)
[Vision] copper_ore at (32, 54, 22) exists but unobtainable — blacklisting exact block
[Vision] Area looks barren/protected — migrating far
[Vision] No usable memory of copper_ore — MIGRATION (200-420m) fresh area → (213, -94)
[Vision] copper_ore at (32, 54, 22) exists but unobtainable — blacklisting exact block
[Vision] Area looks barren/protected — migrating far
[Vision] No usable memory of copper_ore — MIGRATION (200-420m) fresh area → (-177, 3)
[Vision] copper_ore at (32, 54, 22) exists but unobtainable — blacklisting exact block
[Vision] Area looks barren/protected — migrating far
[Vision] No usable memory of copper_ore — MIGRATION (200-420m) fresh area → (-144, 131)
[Vision] copper_ore at (32, 54, 22) exists but unobtainable — blacklisting exact block
[Vision] Area looks barren/protected — migrating far
[Vision] No usable memory of copper_ore — MIGRATION (200-420m) fresh area → (-227, 41)
[Vision] copper_ore at (32, 54, 22) exists but unobtainable — blacklisting exact block
[Vision] Area looks barren/protected — migrating far
[Vision] No usable memory of copper_ore — MIGRATION (200-420m) fresh area → (-130, 157)
[Vision] copper_ore at (32, 54, 22) exists but unobtainable — blacklisting exact block
[Vision] Area looks barren/protected — migrating far
[Vision] No usable memory of copper_ore — MIGRATION (200-420m) fresh area → (107, -160)
[Vision] copper_ore at (32, 54, 22) exists but unobtainable — blacklisting exact block
[Vision] Area looks barren/protected — migrating far
[Vision] No usable memory of copper_ore — MIGRATION (200-420m) fresh area → (234, 5)
[Vision] copper_ore at (32, 54, 22) exists but unobtainable — blacklisting exact block
[Vision] Area looks barren/protected — migrating far
[Vision] No usable memory of copper_ore — MIGRATION (200-420m) fresh area → (-167, -23)
[Vision] copper_ore at (32, 54, 22) exists but unobtainable — blacklisting exact block
[Vision] Area looks barren/protected — migrating far
[Vision] No usable memory of copper_ore — MIGRATION (200-420m) fresh area → (168, 203)
[Vision] copper_ore at (32, 54, 22) exists but unobtainable — blacklisting exact block
[Vision] Area looks barren/protected — migrating far
[Vision] No usable memory of copper_ore — MIGRATION (200-420m) fresh area → (-199, 41)
[Vision] copper_ore at (32, 54, 22) exists but unobtainable — blacklisting exact block
[Vision] Area looks barren/protected — migrating far
[Vision] No usable memory of copper_ore — MIGRATION (200-420m) fresh area → (-103, -133)
[Vision] copper_ore at (32, 54, 22) exists but unobtainable — blacklisting exact block
[Vision] Area looks barren/protected — migrating far
[Vision] No usable memory of copper_ore — MIGRATION (200-420m) fresh area → (160, 183)
[Vision] copper_ore at (32, 54, 22) exists but unobtainable — blacklisting exact block
[Vision] Area looks barren/protected — migrating far
[Vision] No usable memory of copper_ore — MIGRATION (200-420m) fresh area → (139, -163)
[Vision] copper_ore at (32, 54, 22) exists but unobtainable — blacklisting exact block
[Vision] Area looks barren/protected — migrating far
[Vision] No usable memory of copper_ore — MIGRATION (200-420m) fresh area → (220, -48)
[Vision] copper_ore at (32, 54, 22) exists but unobtainable — blacklisting exact block
[Vision] Area looks barren/protected — migrating far
[Vision] No usable memory of copper_ore — MIGRATION (200-420m) fresh area → (-26, 225)
[Vision] copper_ore at (32, 54, 22) exists but unobtainable — blacklisting exact block
[Vision] Area looks barren/protected — migrating far
[Vision] No usable memory of copper_ore — MIGRATION (200-420m) fresh area → (-147, -73)
[Vision] copper_ore at (32, 54, 22) exists but unobtainable — blacklisting exact block
[Vision] Area looks barren/protected — migrating far
[Vision] No usable memory of copper_ore — MIGRATION (200-420m) fresh area → (-38, 250)
[Vision] copper_ore at (32, 54, 22) exists but unobtainable — blacklisting exact block
[Vision] Area looks barren/protected — migrating far
[Vision] No usable memory of copper_ore — MIGRATION (200-420m) fresh area → (221, -45)
[Vision] copper_ore at (32, 54, 22) exists but unobtainable — blacklisting exact block
[Vision] Area looks barren/protected — migrating far
[Vision] No usable memory of copper_ore — MIGRATION (200-420m) fresh area → (95, 234)
[Vision] copper_ore at (32, 54, 22) exists but unobtainable — blacklisting exact block
[Vision] Area looks barren/protected — migrating far
[Vision] No usable memory of copper_ore — MIGRATION (200-420m) fresh area → (118, 210)
[Vision] copper_ore at (32, 54, 22) exists but unobtainable — blacklisting exact block
[Vision] Area looks barren/protected — migrating far
[Vision] No usable memory of copper_ore — MIGRATION (200-420m) fresh area → (133, -163)
[Vision] copper_ore at (32, 54, 22) exists but unobtainable — blacklisting exact block
[Vision] Area looks barren/protected — migrating far
[Vision] No usable memory of copper_ore — MIGRATION (200-420m) fresh area → (145, -142)
[Vision] copper_ore at (32, 54, 22) exists but unobtainable — blacklisting exact block
[Vision] Area looks barren/protected — migrating far
[Vision] No usable memory of copper_ore — MIGRATION (200-420m) fresh area → (-165, 116)
[Vision] copper_ore at (32, 54, 22) exists but unobtainable — blacklisting exact block
[Vision] Area looks barren/protected — migrating far
[Vision] No usable memory of copper_ore — MIGRATION (200-420m) fresh area → (261, 14)
[Vision] copper_ore at (32, 54, 22) exists but unobtainable — blacklisting exact block
[Vision] Area looks barren/protected — migrating far
[Vision] No usable memory of copper_ore — MIGRATION (200-420m) fresh area → (44, -212)
[Vision] copper_ore at (32, 54, 22) exists but unobtainable — blacklisting exact block
[Vision] Area looks barren/protected — migrating far
[Vision] No usable memory of copper_ore — MIGRATION (200-420m) fresh area → (54, -176)
